Warning: torch was built against CUDA 12.8, but using toolkit 12.5 at /public/software/CUDA/cuda-12.5.
Set GRAND_CUDA_VERSION or CUDA_HOME to an exact-match toolkit to avoid DS_SKIP_CUDA_CHECK=1.

*****************************************
Setting OMP_NUM_THREADS environment variable for each process to be 1 in default, to avoid your system being overloaded, please further tune the variable for optimal performance in your application as needed. 
*****************************************
INFO:src.pipeline.__main__:Loaded config: configs/v3-1/0517/pair_context_gated_abba_block_s47.yaml
WARNING:accelerate.utils.other:[RANK 0] Detected kernel version 3.10.0, which is below the recommended minimum of 5.5.0; this can cause the process to hang. It is recommended to upgrade the kernel to the minimum version or higher.
WARNING:py.warnings:/public/home/wangar2023/grand/.venv/lib/python3.11/site-packages/torch/distributed/c10d_logger.py:83: UserWarning: barrier(): using the device under current context. You can specify `device_id` in `init_process_group` to mute this warning.
  return func(*args, **kwargs)

2026-05-17 16:46:59 INFO Pipeline Runtime | Device: cuda:0 | Distributed: True | Test Batches: 1691 | Train Batches: 812 | Valid Batches: 762 | World Size: 4
2026-05-17 16:46:59 INFO Stage Start | Run Id: pair_context_gated_abba_block_s47
2026-05-17 16:47:01 INFO Train Config | Epochs: 50 | Monitor: auprc | Patience: 10
2026-05-17 16:47:01 INFO Epoch Start | Epoch: 1
2026-05-17 16:47:06 INFO Epoch Progress | Epoch: 1 | Loss: 0.8984 | LR: 4e-06 | Progress: 0% | Step: 1/812
2026-05-17 16:50:01 INFO Epoch Progress | Epoch: 1 | Loss: 0.7212 | LR: 1.29976e-05 | Progress: 25% | Step: 203/812
2026-05-17 16:52:57 INFO Epoch Progress | Epoch: 1 | Loss: 0.6720 | LR: 3.67579e-05 | Progress: 50% | Step: 406/812
2026-05-17 16:55:53 INFO Epoch Progress | Epoch: 1 | Loss: 0.6302 | LR: 6.64294e-05 | Progress: 75% | Step: 609/812
2026-05-17 16:58:49 INFO Epoch Progress | Epoch: 1 | Loss: 0.5977 | LR: 9.05868e-05 | Progress: 100% | Step: 812/812
2026-05-17 17:03:15 INFO CSV Written | Epoch: 1
WARNING:py.warnings:/public/home/wangar2023/grand/.venv/lib/python3.11/site-packages/deepspeed/runtime/zero/linear.py:47: FutureWarning: `torch.cuda.amp.custom_fwd(args...)` is deprecated. Please use `torch.amp.custom_fwd(args..., device_type='cuda')` instead.
  @autocast_custom_fwd

WARNING:py.warnings:/public/home/wangar2023/grand/.venv/lib/python3.11/site-packages/deepspeed/runtime/zero/linear.py:66: FutureWarning: `torch.cuda.amp.custom_bwd(args...)` is deprecated. Please use `torch.amp.custom_bwd(args..., device_type='cuda')` instead.
  @autocast_custom_bwd

2026-05-17 17:03:21 INFO Best Saved | Epoch: 1 | Monitor: val_auprc | Value: 0.8733
2026-05-17 17:03:21 INFO Epoch Done | Epoch: 1 | Time: 974.1582 | Train Loss: 0.5969 | Val Accuracy: 0.7799 | Val AUPRC: 0.8733 | Val Auroc: 0.8695 | Val F1: 0.7679 | Val Loss: 0.4957
2026-05-17 17:03:21 INFO Epoch Start | Epoch: 2
2026-05-17 17:03:24 INFO Epoch Progress | Epoch: 2 | Loss: 0.4026 | LR: 9.0675e-05 | Progress: 0% | Step: 1/812
2026-05-17 17:06:19 INFO Epoch Progress | Epoch: 2 | Loss: 0.4801 | LR: 9.99983e-05 | Progress: 25% | Step: 203/812
2026-05-17 17:09:15 INFO Epoch Progress | Epoch: 2 | Loss: 0.4755 | LR: 9.98815e-05 | Progress: 50% | Step: 406/812
2026-05-17 17:12:12 INFO Epoch Progress | Epoch: 2 | Loss: 0.4640 | LR: 9.952e-05 | Progress: 75% | Step: 609/812
2026-05-17 17:15:08 INFO Epoch Progress | Epoch: 2 | Loss: 0.4554 | LR: 9.89172e-05 | Progress: 100% | Step: 812/812
2026-05-17 17:19:32 INFO CSV Written | Epoch: 2
2026-05-17 17:19:33 INFO Best Saved | Epoch: 2 | Monitor: val_auprc | Value: 0.9175
2026-05-17 17:19:33 INFO Epoch Done | Epoch: 2 | Time: 970.9031 | Train Loss: 0.4534 | Val Accuracy: 0.8335 | Val AUPRC: 0.9175 | Val Auroc: 0.9149 | Val F1: 0.8336 | Val Loss: 0.4217
2026-05-17 17:19:33 INFO Epoch Start | Epoch: 3
2026-05-17 17:19:35 INFO Epoch Progress | Epoch: 3 | Loss: 0.4072 | LR: 9.89136e-05 | Progress: 0% | Step: 1/812
2026-05-17 17:22:31 INFO Epoch Progress | Epoch: 3 | Loss: 0.4114 | LR: 9.80761e-05 | Progress: 25% | Step: 203/812
2026-05-17 17:25:26 INFO Epoch Progress | Epoch: 3 | Loss: 0.4038 | LR: 9.70008e-05 | Progress: 50% | Step: 406/812
2026-05-17 17:28:22 INFO Epoch Progress | Epoch: 3 | Loss: 0.3987 | LR: 9.56965e-05 | Progress: 75% | Step: 609/812
2026-05-17 17:31:17 INFO Epoch Progress | Epoch: 3 | Loss: 0.3948 | LR: 9.41696e-05 | Progress: 100% | Step: 812/812
2026-05-17 17:35:41 INFO CSV Written | Epoch: 3
2026-05-17 17:35:41 INFO Best Saved | Epoch: 3 | Monitor: val_auprc | Value: 0.9268
2026-05-17 17:35:41 INFO Epoch Done | Epoch: 3 | Time: 968.1567 | Train Loss: 0.3957 | Val Accuracy: 0.8415 | Val AUPRC: 0.9268 | Val Auroc: 0.9252 | Val F1: 0.8352 | Val Loss: 0.3990
2026-05-17 17:35:41 INFO Epoch Start | Epoch: 4
2026-05-17 17:35:44 INFO Epoch Progress | Epoch: 4 | Loss: 0.3186 | LR: 9.41615e-05 | Progress: 0% | Step: 1/812
2026-05-17 17:38:38 INFO Epoch Progress | Epoch: 4 | Loss: 0.3599 | LR: 9.24366e-05 | Progress: 25% | Step: 203/812
2026-05-17 17:41:34 INFO Epoch Progress | Epoch: 4 | Loss: 0.3593 | LR: 9.04888e-05 | Progress: 50% | Step: 406/812
2026-05-17 17:44:30 INFO Epoch Progress | Epoch: 4 | Loss: 0.3610 | LR: 8.83437e-05 | Progress: 75% | Step: 609/812
2026-05-17 17:47:25 INFO Epoch Progress | Epoch: 4 | Loss: 0.3603 | LR: 8.60118e-05 | Progress: 100% | Step: 812/812
2026-05-17 17:51:54 INFO CSV Written | Epoch: 4
2026-05-17 17:51:54 INFO Best Saved | Epoch: 4 | Monitor: val_auprc | Value: 0.9392
2026-05-17 17:51:54 INFO Epoch Done | Epoch: 4 | Time: 973.0303 | Train Loss: 0.3603 | Val Accuracy: 0.8555 | Val AUPRC: 0.9392 | Val Auroc: 0.9379 | Val F1: 0.8498 | Val Loss: 0.3811
2026-05-17 17:51:54 INFO Epoch Start | Epoch: 5
2026-05-17 17:51:57 INFO Epoch Progress | Epoch: 5 | Loss: 0.2734 | LR: 8.59999e-05 | Progress: 0% | Step: 1/812
2026-05-17 17:54:51 INFO Epoch Progress | Epoch: 5 | Loss: 0.3301 | LR: 8.35045e-05 | Progress: 25% | Step: 203/812
2026-05-17 17:57:47 INFO Epoch Progress | Epoch: 5 | Loss: 0.3286 | LR: 8.08339e-05 | Progress: 50% | Step: 406/812
2026-05-17 18:00:44 INFO Epoch Progress | Epoch: 5 | Loss: 0.3315 | LR: 7.80132e-05 | Progress: 75% | Step: 609/812
2026-05-17 18:03:40 INFO Epoch Progress | Epoch: 5 | Loss: 0.3327 | LR: 7.50559e-05 | Progress: 100% | Step: 812/812
2026-05-17 18:08:08 INFO CSV Written | Epoch: 5
2026-05-17 18:08:08 INFO Best Saved | Epoch: 5 | Monitor: val_auprc | Value: 0.9437
2026-05-17 18:08:08 INFO Epoch Done | Epoch: 5 | Time: 973.3146 | Train Loss: 0.3307 | Val Accuracy: 0.8689 | Val AUPRC: 0.9437 | Val Auroc: 0.9432 | Val F1: 0.8660 | Val Loss: 0.3678
2026-05-17 18:08:08 INFO Epoch Start | Epoch: 6
2026-05-17 18:08:25 INFO Epoch Progress | Epoch: 6 | Loss: 0.5792 | LR: 7.5041e-05 | Progress: 1% | Step: 1/190
2026-05-17 18:10:41 INFO Epoch Progress | Epoch: 6 | Loss: 0.6832 | LR: 7.43383e-05 | Progress: 25% | Step: 48/190
2026-05-17 18:12:57 INFO Epoch Progress | Epoch: 6 | Loss: 0.6620 | LR: 7.3614e-05 | Progress: 51% | Step: 96/190
2026-05-17 18:15:14 INFO Epoch Progress | Epoch: 6 | Loss: 0.6543 | LR: 7.28833e-05 | Progress: 76% | Step: 144/190
2026-05-17 18:17:23 INFO Epoch Progress | Epoch: 6 | Loss: 0.6534 | LR: 7.21772e-05 | Progress: 100% | Step: 190/190
2026-05-17 18:21:50 INFO CSV Written | Epoch: 6
2026-05-17 18:21:50 INFO Epoch Done | Epoch: 6 | Time: 822.1564 | Train Loss: 0.6496 | Val Accuracy: 0.8609 | Val AUPRC: 0.9425 | Val Auroc: 0.9414 | Val F1: 0.8526 | Val Loss: 0.4301
2026-05-17 18:21:50 INFO Epoch Start | Epoch: 7
2026-05-17 18:22:04 INFO Epoch Progress | Epoch: 7 | Loss: 0.6026 | LR: 7.21618e-05 | Progress: 1% | Step: 1/190
2026-05-17 18:24:19 INFO Epoch Progress | Epoch: 7 | Loss: 0.5963 | LR: 7.14344e-05 | Progress: 25% | Step: 48/190
2026-05-17 18:26:36 INFO Epoch Progress | Epoch: 7 | Loss: 0.6001 | LR: 7.06859e-05 | Progress: 51% | Step: 96/190
2026-05-17 18:28:52 INFO Epoch Progress | Epoch: 7 | Loss: 0.6072 | LR: 6.99317e-05 | Progress: 76% | Step: 144/190
2026-05-17 18:31:01 INFO Epoch Progress | Epoch: 7 | Loss: 0.6130 | LR: 6.92038e-05 | Progress: 100% | Step: 190/190
2026-05-17 18:35:31 INFO CSV Written | Epoch: 7
2026-05-17 18:35:31 INFO Epoch Done | Epoch: 7 | Time: 821.5394 | Train Loss: 0.6056 | Val Accuracy: 0.8666 | Val AUPRC: 0.9429 | Val Auroc: 0.9416 | Val F1: 0.8618 | Val Loss: 0.4138
2026-05-17 18:35:31 INFO Epoch Start | Epoch: 8
2026-05-17 18:35:46 INFO Epoch Progress | Epoch: 8 | Loss: 0.5722 | LR: 6.91879e-05 | Progress: 1% | Step: 1/190
2026-05-17 18:38:01 INFO Epoch Progress | Epoch: 8 | Loss: 0.5568 | LR: 6.84391e-05 | Progress: 25% | Step: 48/190
2026-05-17 18:40:18 INFO Epoch Progress | Epoch: 8 | Loss: 0.5670 | LR: 6.76694e-05 | Progress: 51% | Step: 96/190
2026-05-17 18:42:34 INFO Epoch Progress | Epoch: 8 | Loss: 0.5733 | LR: 6.6895e-05 | Progress: 76% | Step: 144/190
2026-05-17 18:44:44 INFO Epoch Progress | Epoch: 8 | Loss: 0.5757 | LR: 6.61484e-05 | Progress: 100% | Step: 190/190
2026-05-17 18:49:09 INFO CSV Written | Epoch: 8
2026-05-17 18:49:09 INFO Epoch Done | Epoch: 8 | Time: 817.7872 | Train Loss: 0.5739 | Val Accuracy: 0.8656 | Val AUPRC: 0.9391 | Val Auroc: 0.9385 | Val F1: 0.8618 | Val Loss: 0.4021
2026-05-17 18:49:09 INFO Epoch Start | Epoch: 9
2026-05-17 18:49:24 INFO Epoch Progress | Epoch: 9 | Loss: 0.4849 | LR: 6.61321e-05 | Progress: 1% | Step: 1/190
2026-05-17 18:51:38 INFO Epoch Progress | Epoch: 9 | Loss: 0.5274 | LR: 6.53651e-05 | Progress: 25% | Step: 48/190
2026-05-17 18:53:55 INFO Epoch Progress | Epoch: 9 | Loss: 0.5299 | LR: 6.45776e-05 | Progress: 51% | Step: 96/190
2026-05-17 18:56:12 INFO Epoch Progress | Epoch: 9 | Loss: 0.5332 | LR: 6.38027e-05 | Progress: 76% | Step: 144/190
2026-05-17 18:58:22 INFO Epoch Progress | Epoch: 9 | Loss: 0.5387 | LR: 6.30407e-05 | Progress: 100% | Step: 190/190
2026-05-17 19:02:48 INFO CSV Written | Epoch: 9
2026-05-17 19:02:48 INFO Epoch Done | Epoch: 9 | Time: 818.7913 | Train Loss: 0.5339 | Val Accuracy: 0.8612 | Val AUPRC: 0.9421 | Val Auroc: 0.9399 | Val F1: 0.8532 | Val Loss: 0.3969
2026-05-17 19:02:48 INFO Epoch Start | Epoch: 10
2026-05-17 19:03:03 INFO Epoch Progress | Epoch: 10 | Loss: 0.5061 | LR: 6.30241e-05 | Progress: 1% | Step: 1/190
2026-05-17 19:05:17 INFO Epoch Progress | Epoch: 10 | Loss: 0.5020 | LR: 6.22422e-05 | Progress: 25% | Step: 48/190
2026-05-17 19:07:34 INFO Epoch Progress | Epoch: 10 | Loss: 0.4994 | LR: 6.14403e-05 | Progress: 51% | Step: 96/190
2026-05-17 19:09:50 INFO Epoch Progress | Epoch: 10 | Loss: 0.4991 | LR: 6.06353e-05 | Progress: 76% | Step: 144/190
2026-05-17 19:11:59 INFO Epoch Progress | Epoch: 10 | Loss: 0.5050 | LR: 5.98611e-05 | Progress: 100% | Step: 190/190
2026-05-17 19:16:27 INFO CSV Written | Epoch: 10
2026-05-17 19:16:27 INFO Epoch Done | Epoch: 10 | Time: 818.5252 | Train Loss: 0.4980 | Val Accuracy: 0.8625 | Val AUPRC: 0.9386 | Val Auroc: 0.9367 | Val F1: 0.8563 | Val Loss: 0.3918
2026-05-17 19:16:27 INFO Epoch Start | Epoch: 11
2026-05-17 19:16:42 INFO Epoch Progress | Epoch: 11 | Loss: 0.2938 | LR: 5.98443e-05 | Progress: 1% | Step: 1/190
2026-05-17 19:18:56 INFO Epoch Progress | Epoch: 11 | Loss: 0.4323 | LR: 5.90506e-05 | Progress: 25% | Step: 48/190
2026-05-17 19:21:13 INFO Epoch Progress | Epoch: 11 | Loss: 0.4487 | LR: 5.82377e-05 | Progress: 51% | Step: 96/190
2026-05-17 19:23:29 INFO Epoch Progress | Epoch: 11 | Loss: 0.4454 | LR: 5.74225e-05 | Progress: 76% | Step: 144/190
2026-05-17 19:25:38 INFO Epoch Progress | Epoch: 11 | Loss: 0.4519 | LR: 5.66394e-05 | Progress: 100% | Step: 190/190
2026-05-17 19:30:04 INFO CSV Written | Epoch: 11
2026-05-17 19:30:04 INFO Epoch Done | Epoch: 11 | Time: 816.9216 | Train Loss: 0.4553 | Val Accuracy: 0.8619 | Val AUPRC: 0.9348 | Val Auroc: 0.9328 | Val F1: 0.8553 | Val Loss: 0.3960
2026-05-17 19:30:04 INFO Epoch Start | Epoch: 12
2026-05-17 19:30:19 INFO Epoch Progress | Epoch: 12 | Loss: 0.5162 | LR: 5.66224e-05 | Progress: 1% | Step: 1/190
2026-05-17 19:32:33 INFO Epoch Progress | Epoch: 12 | Loss: 0.4168 | LR: 5.58205e-05 | Progress: 25% | Step: 48/190
2026-05-17 19:34:50 INFO Epoch Progress | Epoch: 12 | Loss: 0.4221 | LR: 5.5e-05 | Progress: 51% | Step: 96/190
2026-05-17 19:37:07 INFO Epoch Progress | Epoch: 12 | Loss: 0.4303 | LR: 5.41781e-05 | Progress: 76% | Step: 144/190
2026-05-17 19:39:17 INFO Epoch Progress | Epoch: 12 | Loss: 0.4306 | LR: 5.33894e-05 | Progress: 100% | Step: 190/190
2026-05-17 19:43:45 INFO CSV Written | Epoch: 12
2026-05-17 19:43:45 INFO Epoch Done | Epoch: 12 | Time: 820.9550 | Train Loss: 0.4212 | Val Accuracy: 0.8651 | Val AUPRC: 0.9335 | Val Auroc: 0.9310 | Val F1: 0.8620 | Val Loss: 0.3918
2026-05-17 19:43:45 INFO Epoch Start | Epoch: 13
2026-05-17 19:43:58 INFO Epoch Progress | Epoch: 13 | Loss: 0.3821 | LR: 5.33722e-05 | Progress: 1% | Step: 1/190
2026-05-17 19:46:13 INFO Epoch Progress | Epoch: 13 | Loss: 0.3792 | LR: 5.25655e-05 | Progress: 25% | Step: 48/190
2026-05-17 19:48:31 INFO Epoch Progress | Epoch: 13 | Loss: 0.3806 | LR: 5.17409e-05 | Progress: 51% | Step: 96/190
2026-05-17 19:50:47 INFO Epoch Progress | Epoch: 13 | Loss: 0.3800 | LR: 5.09158e-05 | Progress: 76% | Step: 144/190
2026-05-17 19:52:57 INFO Epoch Progress | Epoch: 13 | Loss: 0.3833 | LR: 5.01249e-05 | Progress: 100% | Step: 190/190
2026-05-17 19:57:25 INFO CSV Written | Epoch: 13
2026-05-17 19:57:25 INFO Epoch Done | Epoch: 13 | Time: 820.4518 | Train Loss: 0.3841 | Val Accuracy: 0.8675 | Val AUPRC: 0.9311 | Val Auroc: 0.9278 | Val F1: 0.8623 | Val Loss: 0.4063
2026-05-17 19:57:25 INFO Epoch Start | Epoch: 14
2026-05-17 19:57:40 INFO Epoch Progress | Epoch: 14 | Loss: 0.4189 | LR: 5.01077e-05 | Progress: 1% | Step: 1/190
2026-05-17 19:59:54 INFO Epoch Progress | Epoch: 14 | Loss: 0.3601 | LR: 4.92995e-05 | Progress: 25% | Step: 48/190
2026-05-17 20:02:11 INFO Epoch Progress | Epoch: 14 | Loss: 0.3617 | LR: 4.84744e-05 | Progress: 51% | Step: 96/190
2026-05-17 20:04:28 INFO Epoch Progress | Epoch: 14 | Loss: 0.3619 | LR: 4.76496e-05 | Progress: 76% | Step: 144/190
2026-05-17 20:06:38 INFO Epoch Progress | Epoch: 14 | Loss: 0.3644 | LR: 4.68598e-05 | Progress: 100% | Step: 190/190
2026-05-17 20:11:07 INFO CSV Written | Epoch: 14
2026-05-17 20:11:07 INFO Epoch Done | Epoch: 14 | Time: 822.0970 | Train Loss: 0.3513 | Val Accuracy: 0.8602 | Val AUPRC: 0.9311 | Val Auroc: 0.9278 | Val F1: 0.8551 | Val Loss: 0.4195
2026-05-17 20:11:07 INFO Epoch Start | Epoch: 15
2026-05-17 20:11:21 INFO Epoch Progress | Epoch: 15 | Loss: 0.3145 | LR: 4.68427e-05 | Progress: 1% | Step: 1/190
2026-05-17 20:13:35 INFO Epoch Progress | Epoch: 15 | Loss: 0.3019 | LR: 4.60365e-05 | Progress: 25% | Step: 48/190
2026-05-17 20:15:51 INFO Epoch Progress | Epoch: 15 | Loss: 0.3113 | LR: 4.52144e-05 | Progress: 51% | Step: 96/190
2026-05-17 20:18:09 INFO Epoch Progress | Epoch: 15 | Loss: 0.3258 | LR: 4.43935e-05 | Progress: 76% | Step: 144/190
2026-05-17 20:20:18 INFO Epoch Progress | Epoch: 15 | Loss: 0.3292 | LR: 4.36082e-05 | Progress: 100% | Step: 190/190
2026-05-17 20:24:44 INFO CSV Written | Epoch: 15
2026-05-17 20:24:44 INFO Epoch Done | Epoch: 15 | Time: 817.3476 | Train Loss: 0.3210 | Val Accuracy: 0.8649 | Val AUPRC: 0.9300 | Val Auroc: 0.9250 | Val F1: 0.8586 | Val Loss: 0.4352
2026-05-17 20:24:44 INFO Early Stop | Epoch: 15
2026-05-17 20:24:44 INFO Stage Done | Run Id: pair_context_gated_abba_block_s47
2026-05-17 20:24:44 INFO Stage Start | Checkpoint: models/v3.1/train/pair_context_gated_abba_block_s47/best_model.pth | Run Id: pair_context_gated_abba_block_s47
2026-05-17 20:24:45 INFO Checkpoint Loaded | Path: models/v3.1/train/pair_context_gated_abba_block_s47/best_model.pth
2026-05-17 20:24:45 INFO Decision Threshold | Mode: fixed | Value: 0.5000
2026-05-17 20:33:59 INFO Evaluation Metrics | Accuracy: 0.6302 | AUPRC: 0.7222 | Auroc: 0.6939 | F1: 0.6115 | Mcc: 0.2617 | Precision: 0.6443 | Recall: 0.5820 | Sensitivity: 0.5820 | Specificity: 0.6785 | Split: test
2026-05-17 20:33:59 INFO CSV Written | Path: logs/v3.1/evaluate/pair_context_gated_abba_block_s47/evaluate.csv
2026-05-17 20:33:59 INFO Stage Done | Run Id: pair_context_gated_abba_block_s47
[rank0]:[W517 20:34:00.328010005 ProcessGroupNCCL.cpp:1553] Warning: WARNING: destroy_process_group() was not called before program exit, which can leak resources. For more info, please see https://pytorch.org/docs/stable/distributed.html#shutdown (function operator())

*****************************************
Setting OMP_NUM_THREADS environment variable for each process to be 1 in default, to avoid your system being overloaded, please further tune the variable for optimal performance in your application as needed. 
*****************************************
INFO:src.pipeline.__main__:Loaded config: configs/v3-1/0517/pair_context_gated_abba_no_cross_s47.yaml
WARNING:accelerate.utils.other:[RANK 0] Detected kernel version 3.10.0, which is below the recommended minimum of 5.5.0; this can cause the process to hang. It is recommended to upgrade the kernel to the minimum version or higher.
WARNING:py.warnings:/public/home/wangar2023/grand/.venv/lib/python3.11/site-packages/torch/distributed/c10d_logger.py:83: UserWarning: barrier(): using the device under current context. You can specify `device_id` in `init_process_group` to mute this warning.
  return func(*args, **kwargs)

2026-05-17 20:35:04 INFO Pipeline Runtime | Device: cuda:0 | Distributed: True | Test Batches: 1691 | Train Batches: 812 | Valid Batches: 762 | World Size: 4
2026-05-17 20:35:04 INFO Stage Start | Run Id: pair_context_gated_abba_no_cross_s47
2026-05-17 20:35:06 INFO Train Config | Epochs: 50 | Monitor: auprc | Patience: 10
2026-05-17 20:35:06 INFO Epoch Start | Epoch: 1
2026-05-17 20:35:11 INFO Epoch Progress | Epoch: 1 | Loss: 1.0403 | LR: 4e-06 | Progress: 0% | Step: 1/812
2026-05-17 20:36:16 INFO Epoch Progress | Epoch: 1 | Loss: 0.7354 | LR: 1.29976e-05 | Progress: 25% | Step: 203/812
2026-05-17 20:37:22 INFO Epoch Progress | Epoch: 1 | Loss: 0.6925 | LR: 3.68989e-05 | Progress: 50% | Step: 406/812
2026-05-17 20:38:26 INFO Epoch Progress | Epoch: 1 | Loss: 0.6477 | LR: 6.65711e-05 | Progress: 75% | Step: 609/812
2026-05-17 20:39:31 INFO Epoch Progress | Epoch: 1 | Loss: 0.6143 | LR: 9.0675e-05 | Progress: 100% | Step: 812/812
2026-05-17 20:43:11 INFO CSV Written | Epoch: 1
WARNING:py.warnings:/public/home/wangar2023/grand/.venv/lib/python3.11/site-packages/deepspeed/runtime/zero/linear.py:47: FutureWarning: `torch.cuda.amp.custom_fwd(args...)` is deprecated. Please use `torch.amp.custom_fwd(args..., device_type='cuda')` instead.
  @autocast_custom_fwd

WARNING:py.warnings:/public/home/wangar2023/grand/.venv/lib/python3.11/site-packages/deepspeed/runtime/zero/linear.py:66: FutureWarning: `torch.cuda.amp.custom_bwd(args...)` is deprecated. Please use `torch.amp.custom_bwd(args..., device_type='cuda')` instead.
  @autocast_custom_bwd

2026-05-17 20:43:15 INFO Best Saved | Epoch: 1 | Monitor: val_auprc | Value: 0.8666
2026-05-17 20:43:15 INFO Epoch Done | Epoch: 1 | Time: 485.5726 | Train Loss: 0.6138 | Val Accuracy: 0.7784 | Val AUPRC: 0.8666 | Val Auroc: 0.8638 | Val F1: 0.7926 | Val Loss: 0.4983
2026-05-17 20:43:15 INFO Epoch Start | Epoch: 2
2026-05-17 20:43:17 INFO Epoch Progress | Epoch: 2 | Loss: 0.4662 | LR: 9.07628e-05 | Progress: 0% | Step: 1/812
2026-05-17 20:44:23 INFO Epoch Progress | Epoch: 2 | Loss: 0.4890 | LR: 9.99993e-05 | Progress: 25% | Step: 203/812
2026-05-17 20:45:29 INFO Epoch Progress | Epoch: 2 | Loss: 0.4854 | LR: 9.98803e-05 | Progress: 50% | Step: 406/812
2026-05-17 20:46:36 INFO Epoch Progress | Epoch: 2 | Loss: 0.4744 | LR: 9.95176e-05 | Progress: 75% | Step: 609/812
2026-05-17 20:47:43 INFO Epoch Progress | Epoch: 2 | Loss: 0.4668 | LR: 9.89136e-05 | Progress: 100% | Step: 812/812
2026-05-17 20:51:19 INFO CSV Written | Epoch: 2
2026-05-17 20:51:19 INFO Best Saved | Epoch: 2 | Monitor: val_auprc | Value: 0.8985
2026-05-17 20:51:19 INFO Epoch Done | Epoch: 2 | Time: 483.8402 | Train Loss: 0.4653 | Val Accuracy: 0.8109 | Val AUPRC: 0.8985 | Val Auroc: 0.8981 | Val F1: 0.8212 | Val Loss: 0.4500
2026-05-17 20:51:19 INFO Epoch Start | Epoch: 3
2026-05-17 20:51:21 INFO Epoch Progress | Epoch: 3 | Loss: 0.3754 | LR: 9.89101e-05 | Progress: 0% | Step: 1/812
2026-05-17 20:52:28 INFO Epoch Progress | Epoch: 3 | Loss: 0.4214 | LR: 9.80714e-05 | Progress: 25% | Step: 203/812
2026-05-17 20:53:33 INFO Epoch Progress | Epoch: 3 | Loss: 0.4177 | LR: 9.70008e-05 | Progress: 50% | Step: 406/812
2026-05-17 20:54:38 INFO Epoch Progress | Epoch: 3 | Loss: 0.4147 | LR: 9.56965e-05 | Progress: 75% | Step: 609/812
2026-05-17 20:55:44 INFO Epoch Progress | Epoch: 3 | Loss: 0.4140 | LR: 9.41696e-05 | Progress: 100% | Step: 812/812
2026-05-17 20:59:21 INFO CSV Written | Epoch: 3
2026-05-17 20:59:21 INFO Best Saved | Epoch: 3 | Monitor: val_auprc | Value: 0.9146
2026-05-17 20:59:21 INFO Epoch Done | Epoch: 3 | Time: 482.3234 | Train Loss: 0.4115 | Val Accuracy: 0.8279 | Val AUPRC: 0.9146 | Val Auroc: 0.9145 | Val F1: 0.8389 | Val Loss: 0.4238
2026-05-17 20:59:21 INFO Epoch Start | Epoch: 4
2026-05-17 20:59:23 INFO Epoch Progress | Epoch: 4 | Loss: 0.4328 | LR: 9.41615e-05 | Progress: 0% | Step: 1/812
2026-05-17 21:00:29 INFO Epoch Progress | Epoch: 4 | Loss: 0.3658 | LR: 9.24366e-05 | Progress: 25% | Step: 203/812
2026-05-17 21:01:36 INFO Epoch Progress | Epoch: 4 | Loss: 0.3692 | LR: 9.04888e-05 | Progress: 50% | Step: 406/812
2026-05-17 21:02:42 INFO Epoch Progress | Epoch: 4 | Loss: 0.3727 | LR: 8.83437e-05 | Progress: 75% | Step: 609/812
2026-05-17 21:03:47 INFO Epoch Progress | Epoch: 4 | Loss: 0.3743 | LR: 8.60118e-05 | Progress: 100% | Step: 812/812
2026-05-17 21:07:25 INFO CSV Written | Epoch: 4
2026-05-17 21:07:25 INFO Best Saved | Epoch: 4 | Monitor: val_auprc | Value: 0.9235
2026-05-17 21:07:25 INFO Epoch Done | Epoch: 4 | Time: 484.1749 | Train Loss: 0.3716 | Val Accuracy: 0.8438 | Val AUPRC: 0.9235 | Val Auroc: 0.9235 | Val F1: 0.8474 | Val Loss: 0.4011
2026-05-17 21:07:25 INFO Epoch Start | Epoch: 5
2026-05-17 21:07:28 INFO Epoch Progress | Epoch: 5 | Loss: 0.3119 | LR: 8.59999e-05 | Progress: 0% | Step: 1/812
2026-05-17 21:08:33 INFO Epoch Progress | Epoch: 5 | Loss: 0.3423 | LR: 8.35045e-05 | Progress: 25% | Step: 203/812
2026-05-17 21:09:40 INFO Epoch Progress | Epoch: 5 | Loss: 0.3381 | LR: 8.08339e-05 | Progress: 50% | Step: 406/812
2026-05-17 21:10:47 INFO Epoch Progress | Epoch: 5 | Loss: 0.3392 | LR: 7.80132e-05 | Progress: 75% | Step: 609/812
2026-05-17 21:11:52 INFO Epoch Progress | Epoch: 5 | Loss: 0.3403 | LR: 7.50559e-05 | Progress: 100% | Step: 812/812
2026-05-17 21:15:32 INFO CSV Written | Epoch: 5
2026-05-17 21:15:33 INFO Best Saved | Epoch: 5 | Monitor: val_auprc | Value: 0.9278
2026-05-17 21:15:33 INFO Epoch Done | Epoch: 5 | Time: 486.9679 | Train Loss: 0.3380 | Val Accuracy: 0.8442 | Val AUPRC: 0.9278 | Val Auroc: 0.9275 | Val F1: 0.8406 | Val Loss: 0.4035
2026-05-17 21:15:33 INFO Epoch Start | Epoch: 6
2026-05-17 21:15:46 INFO Epoch Progress | Epoch: 6 | Loss: 0.6769 | LR: 7.5041e-05 | Progress: 1% | Step: 1/190
2026-05-17 21:16:43 INFO Epoch Progress | Epoch: 6 | Loss: 0.6753 | LR: 7.43383e-05 | Progress: 25% | Step: 48/190
2026-05-17 21:17:40 INFO Epoch Progress | Epoch: 6 | Loss: 0.6743 | LR: 7.3614e-05 | Progress: 51% | Step: 96/190
2026-05-17 21:18:37 INFO Epoch Progress | Epoch: 6 | Loss: 0.6592 | LR: 7.28833e-05 | Progress: 76% | Step: 144/190
2026-05-17 21:19:30 INFO Epoch Progress | Epoch: 6 | Loss: 0.6553 | LR: 7.21772e-05 | Progress: 100% | Step: 190/190
2026-05-17 21:23:09 INFO CSV Written | Epoch: 6
2026-05-17 21:23:09 INFO Epoch Done | Epoch: 6 | Time: 456.4862 | Train Loss: 0.6516 | Val Accuracy: 0.8470 | Val AUPRC: 0.9192 | Val Auroc: 0.9257 | Val F1: 0.8513 | Val Loss: 0.4565
2026-05-17 21:23:09 INFO Epoch Start | Epoch: 7
2026-05-17 21:23:19 INFO Epoch Progress | Epoch: 7 | Loss: 0.5652 | LR: 7.21618e-05 | Progress: 1% | Step: 1/190
2026-05-17 21:24:14 INFO Epoch Progress | Epoch: 7 | Loss: 0.6052 | LR: 7.145e-05 | Progress: 25% | Step: 48/190
2026-05-17 21:25:11 INFO Epoch Progress | Epoch: 7 | Loss: 0.6137 | LR: 7.07015e-05 | Progress: 51% | Step: 96/190
2026-05-17 21:26:08 INFO Epoch Progress | Epoch: 7 | Loss: 0.6110 | LR: 6.99474e-05 | Progress: 76% | Step: 144/190
2026-05-17 21:27:01 INFO Epoch Progress | Epoch: 7 | Loss: 0.6117 | LR: 6.92197e-05 | Progress: 100% | Step: 190/190
2026-05-17 21:30:37 INFO CSV Written | Epoch: 7
2026-05-17 21:30:37 INFO Epoch Done | Epoch: 7 | Time: 447.5759 | Train Loss: 0.6123 | Val Accuracy: 0.8472 | Val AUPRC: 0.9243 | Val Auroc: 0.9275 | Val F1: 0.8525 | Val Loss: 0.4419
2026-05-17 21:30:37 INFO Epoch Start | Epoch: 8
2026-05-17 21:30:46 INFO Epoch Progress | Epoch: 8 | Loss: 0.6103 | LR: 6.92038e-05 | Progress: 1% | Step: 1/190
2026-05-17 21:31:44 INFO Epoch Progress | Epoch: 8 | Loss: 0.5408 | LR: 6.84551e-05 | Progress: 25% | Step: 48/190
2026-05-17 21:32:42 INFO Epoch Progress | Epoch: 8 | Loss: 0.5586 | LR: 6.76855e-05 | Progress: 51% | Step: 96/190
2026-05-17 21:33:39 INFO Epoch Progress | Epoch: 8 | Loss: 0.5789 | LR: 6.69111e-05 | Progress: 76% | Step: 144/190
2026-05-17 21:34:33 INFO Epoch Progress | Epoch: 8 | Loss: 0.5783 | LR: 6.61647e-05 | Progress: 100% | Step: 190/190
2026-05-17 21:38:20 INFO CSV Written | Epoch: 8
2026-05-17 21:38:20 INFO Epoch Done | Epoch: 8 | Time: 463.7273 | Train Loss: 0.5763 | Val Accuracy: 0.8500 | Val AUPRC: 0.9244 | Val Auroc: 0.9279 | Val F1: 0.8539 | Val Loss: 0.4241
2026-05-17 21:38:20 INFO Epoch Start | Epoch: 9
2026-05-17 21:38:35 INFO Epoch Progress | Epoch: 9 | Loss: 0.3975 | LR: 6.61484e-05 | Progress: 1% | Step: 1/190
2026-05-17 21:39:50 INFO Epoch Progress | Epoch: 9 | Loss: 0.5232 | LR: 6.53815e-05 | Progress: 25% | Step: 48/190
2026-05-17 21:41:07 INFO Epoch Progress | Epoch: 9 | Loss: 0.5372 | LR: 6.45941e-05 | Progress: 51% | Step: 96/190
2026-05-17 21:42:28 INFO Epoch Progress | Epoch: 9 | Loss: 0.5397 | LR: 6.38027e-05 | Progress: 76% | Step: 144/190
2026-05-17 21:43:24 INFO Epoch Progress | Epoch: 9 | Loss: 0.5425 | LR: 6.30407e-05 | Progress: 100% | Step: 190/190
2026-05-17 21:47:06 INFO CSV Written | Epoch: 9
2026-05-17 21:47:06 INFO Epoch Done | Epoch: 9 | Time: 526.0731 | Train Loss: 0.5374 | Val Accuracy: 0.8455 | Val AUPRC: 0.9167 | Val Auroc: 0.9236 | Val F1: 0.8549 | Val Loss: 0.4318
2026-05-17 21:47:06 INFO Epoch Start | Epoch: 10
2026-05-17 21:47:17 INFO Epoch Progress | Epoch: 10 | Loss: 0.5469 | LR: 6.30241e-05 | Progress: 1% | Step: 1/190
2026-05-17 21:48:13 INFO Epoch Progress | Epoch: 10 | Loss: 0.5148 | LR: 6.22422e-05 | Progress: 25% | Step: 48/190
2026-05-17 21:49:12 INFO Epoch Progress | Epoch: 10 | Loss: 0.5159 | LR: 6.14403e-05 | Progress: 51% | Step: 96/190
2026-05-17 21:50:10 INFO Epoch Progress | Epoch: 10 | Loss: 0.5066 | LR: 6.06353e-05 | Progress: 76% | Step: 144/190
2026-05-17 21:51:04 INFO Epoch Progress | Epoch: 10 | Loss: 0.5021 | LR: 5.98611e-05 | Progress: 100% | Step: 190/190
2026-05-17 21:54:46 INFO CSV Written | Epoch: 10
2026-05-17 21:54:46 INFO Epoch Done | Epoch: 10 | Time: 459.3832 | Train Loss: 0.5036 | Val Accuracy: 0.8469 | Val AUPRC: 0.9237 | Val Auroc: 0.9256 | Val F1: 0.8542 | Val Loss: 0.4238
2026-05-17 21:54:46 INFO Epoch Start | Epoch: 11
2026-05-17 21:54:57 INFO Epoch Progress | Epoch: 11 | Loss: 0.4078 | LR: 5.98443e-05 | Progress: 1% | Step: 1/190
2026-05-17 21:55:54 INFO Epoch Progress | Epoch: 11 | Loss: 0.4224 | LR: 5.90506e-05 | Progress: 25% | Step: 48/190
2026-05-17 21:56:52 INFO Epoch Progress | Epoch: 11 | Loss: 0.4593 | LR: 5.82377e-05 | Progress: 51% | Step: 96/190
2026-05-17 21:57:50 INFO Epoch Progress | Epoch: 11 | Loss: 0.4616 | LR: 5.74225e-05 | Progress: 76% | Step: 144/190
2026-05-17 21:58:44 INFO Epoch Progress | Epoch: 11 | Loss: 0.4642 | LR: 5.66394e-05 | Progress: 100% | Step: 190/190
2026-05-17 22:02:18 INFO CSV Written | Epoch: 11
2026-05-17 22:02:18 INFO Epoch Done | Epoch: 11 | Time: 452.4592 | Train Loss: 0.4647 | Val Accuracy: 0.8476 | Val AUPRC: 0.9249 | Val Auroc: 0.9265 | Val F1: 0.8549 | Val Loss: 0.4205
2026-05-17 22:02:18 INFO Epoch Start | Epoch: 12
2026-05-17 22:02:29 INFO Epoch Progress | Epoch: 12 | Loss: 0.4468 | LR: 5.66224e-05 | Progress: 1% | Step: 1/190
2026-05-17 22:03:26 INFO Epoch Progress | Epoch: 12 | Loss: 0.4253 | LR: 5.58205e-05 | Progress: 25% | Step: 48/190
2026-05-17 22:04:24 INFO Epoch Progress | Epoch: 12 | Loss: 0.4444 | LR: 5.5e-05 | Progress: 51% | Step: 96/190
2026-05-17 22:05:22 INFO Epoch Progress | Epoch: 12 | Loss: 0.4369 | LR: 5.41781e-05 | Progress: 76% | Step: 144/190
2026-05-17 22:06:15 INFO Epoch Progress | Epoch: 12 | Loss: 0.4340 | LR: 5.33894e-05 | Progress: 100% | Step: 190/190
2026-05-17 22:09:52 INFO CSV Written | Epoch: 12
2026-05-17 22:09:52 INFO Epoch Done | Epoch: 12 | Time: 453.4236 | Train Loss: 0.4308 | Val Accuracy: 0.8497 | Val AUPRC: 0.9205 | Val Auroc: 0.9225 | Val F1: 0.8536 | Val Loss: 0.4265
2026-05-17 22:09:52 INFO Epoch Start | Epoch: 13
2026-05-17 22:10:02 INFO Epoch Progress | Epoch: 13 | Loss: 0.3289 | LR: 5.33722e-05 | Progress: 1% | Step: 1/190
2026-05-17 22:10:59 INFO Epoch Progress | Epoch: 13 | Loss: 0.4008 | LR: 5.25655e-05 | Progress: 25% | Step: 48/190
2026-05-17 22:11:58 INFO Epoch Progress | Epoch: 13 | Loss: 0.4066 | LR: 5.17409e-05 | Progress: 51% | Step: 96/190
2026-05-17 22:12:56 INFO Epoch Progress | Epoch: 13 | Loss: 0.4056 | LR: 5.09158e-05 | Progress: 76% | Step: 144/190
2026-05-17 22:13:49 INFO Epoch Progress | Epoch: 13 | Loss: 0.4104 | LR: 5.01249e-05 | Progress: 100% | Step: 190/190
2026-05-17 22:17:30 INFO CSV Written | Epoch: 13
2026-05-17 22:17:30 INFO Epoch Done | Epoch: 13 | Time: 458.6770 | Train Loss: 0.4038 | Val Accuracy: 0.8498 | Val AUPRC: 0.9215 | Val Auroc: 0.9209 | Val F1: 0.8476 | Val Loss: 0.4312
2026-05-17 22:17:30 INFO Epoch Start | Epoch: 14
2026-05-17 22:17:40 INFO Epoch Progress | Epoch: 14 | Loss: 0.3297 | LR: 5.01077e-05 | Progress: 1% | Step: 1/190
2026-05-17 22:18:37 INFO Epoch Progress | Epoch: 14 | Loss: 0.3787 | LR: 4.92995e-05 | Progress: 25% | Step: 48/190
2026-05-17 22:19:35 INFO Epoch Progress | Epoch: 14 | Loss: 0.3849 | LR: 4.84744e-05 | Progress: 51% | Step: 96/190
2026-05-17 22:20:33 INFO Epoch Progress | Epoch: 14 | Loss: 0.3763 | LR: 4.76496e-05 | Progress: 76% | Step: 144/190
2026-05-17 22:21:27 INFO Epoch Progress | Epoch: 14 | Loss: 0.3766 | LR: 4.68598e-05 | Progress: 100% | Step: 190/190
2026-05-17 22:25:00 INFO CSV Written | Epoch: 14
2026-05-17 22:25:00 INFO Epoch Done | Epoch: 14 | Time: 449.5458 | Train Loss: 0.3711 | Val Accuracy: 0.8506 | Val AUPRC: 0.9182 | Val Auroc: 0.9195 | Val F1: 0.8494 | Val Loss: 0.4364
2026-05-17 22:25:00 INFO Epoch Start | Epoch: 15
2026-05-17 22:25:11 INFO Epoch Progress | Epoch: 15 | Loss: 0.4276 | LR: 4.68427e-05 | Progress: 1% | Step: 1/190
2026-05-17 22:26:07 INFO Epoch Progress | Epoch: 15 | Loss: 0.3364 | LR: 4.60365e-05 | Progress: 25% | Step: 48/190
2026-05-17 22:27:05 INFO Epoch Progress | Epoch: 15 | Loss: 0.3513 | LR: 4.52144e-05 | Progress: 51% | Step: 96/190
2026-05-17 22:28:04 INFO Epoch Progress | Epoch: 15 | Loss: 0.3478 | LR: 4.43935e-05 | Progress: 76% | Step: 144/190
2026-05-17 22:28:59 INFO Epoch Progress | Epoch: 15 | Loss: 0.3523 | LR: 4.36082e-05 | Progress: 100% | Step: 190/190
2026-05-17 22:32:32 INFO CSV Written | Epoch: 15
2026-05-17 22:32:32 INFO Epoch Done | Epoch: 15 | Time: 452.4796 | Train Loss: 0.3525 | Val Accuracy: 0.8483 | Val AUPRC: 0.9177 | Val Auroc: 0.9177 | Val F1: 0.8484 | Val Loss: 0.4398
2026-05-17 22:32:32 INFO Early Stop | Epoch: 15
2026-05-17 22:32:32 INFO Stage Done | Run Id: pair_context_gated_abba_no_cross_s47
2026-05-17 22:32:32 INFO Stage Start | Checkpoint: models/v3.1/train/pair_context_gated_abba_no_cross_s47/best_model.pth | Run Id: pair_context_gated_abba_no_cross_s47
2026-05-17 22:32:33 INFO Checkpoint Loaded | Path: models/v3.1/train/pair_context_gated_abba_no_cross_s47/best_model.pth
2026-05-17 22:32:33 INFO Decision Threshold | Mode: fixed | Value: 0.5000
2026-05-17 22:40:05 INFO Evaluation Metrics | Accuracy: 0.6300 | AUPRC: 0.7220 | Auroc: 0.6933 | F1: 0.6049 | Mcc: 0.2623 | Precision: 0.6492 | Recall: 0.5662 | Sensitivity: 0.5662 | Specificity: 0.6940 | Split: test
2026-05-17 22:40:05 INFO CSV Written | Path: logs/v3.1/evaluate/pair_context_gated_abba_no_cross_s47/evaluate.csv
2026-05-17 22:40:05 INFO Stage Done | Run Id: pair_context_gated_abba_no_cross_s47
[rank0]:[W517 22:40:06.140956969 ProcessGroupNCCL.cpp:1553] Warning: WARNING: destroy_process_group() was not called before program exit, which can leak resources. For more info, please see https://pytorch.org/docs/stable/distributed.html#shutdown (function operator())

*****************************************
Setting OMP_NUM_THREADS environment variable for each process to be 1 in default, to avoid your system being overloaded, please further tune the variable for optimal performance in your application as needed. 
*****************************************
INFO:src.pipeline.__main__:Loaded config: configs/v3-1/0517/pair_context_gated_abba_s47.yaml
WARNING:accelerate.utils.other:[RANK 0] Detected kernel version 3.10.0, which is below the recommended minimum of 5.5.0; this can cause the process to hang. It is recommended to upgrade the kernel to the minimum version or higher.
WARNING:py.warnings:/public/home/wangar2023/grand/.venv/lib/python3.11/site-packages/torch/distributed/c10d_logger.py:83: UserWarning: barrier(): using the device under current context. You can specify `device_id` in `init_process_group` to mute this warning.
  return func(*args, **kwargs)

2026-05-17 22:41:07 INFO Pipeline Runtime | Device: cuda:0 | Distributed: True | Test Batches: 1691 | Train Batches: 812 | Valid Batches: 762 | World Size: 4
2026-05-17 22:41:07 INFO Stage Start | Run Id: pair_context_gated_abba_s47
2026-05-17 22:41:09 INFO Train Config | Epochs: 50 | Monitor: auprc | Patience: 10
2026-05-17 22:41:09 INFO Epoch Start | Epoch: 1
2026-05-17 22:41:15 INFO Epoch Progress | Epoch: 1 | Loss: 0.6911 | LR: 4.00023e-06 | Progress: 0% | Step: 1/812
2026-05-17 22:44:19 INFO Epoch Progress | Epoch: 1 | Loss: 0.7158 | LR: 1.31716e-05 | Progress: 25% | Step: 203/812
2026-05-17 22:47:25 INFO Epoch Progress | Epoch: 1 | Loss: 0.6623 | LR: 3.68989e-05 | Progress: 50% | Step: 406/812
2026-05-17 22:50:30 INFO Epoch Progress | Epoch: 1 | Loss: 0.6190 | LR: 6.65711e-05 | Progress: 75% | Step: 609/812
2026-05-17 22:53:36 INFO Epoch Progress | Epoch: 1 | Loss: 0.5879 | LR: 9.0675e-05 | Progress: 100% | Step: 812/812
2026-05-17 22:58:10 INFO CSV Written | Epoch: 1
WARNING:py.warnings:/public/home/wangar2023/grand/.venv/lib/python3.11/site-packages/deepspeed/runtime/zero/linear.py:47: FutureWarning: `torch.cuda.amp.custom_fwd(args...)` is deprecated. Please use `torch.amp.custom_fwd(args..., device_type='cuda')` instead.
  @autocast_custom_fwd

WARNING:py.warnings:/public/home/wangar2023/grand/.venv/lib/python3.11/site-packages/deepspeed/runtime/zero/linear.py:66: FutureWarning: `torch.cuda.amp.custom_bwd(args...)` is deprecated. Please use `torch.amp.custom_bwd(args..., device_type='cuda')` instead.
  @autocast_custom_bwd

2026-05-17 22:58:16 INFO Best Saved | Epoch: 1 | Monitor: val_auprc | Value: 0.8753
2026-05-17 22:58:16 INFO Epoch Done | Epoch: 1 | Time: 1020.7303 | Train Loss: 0.5880 | Val Accuracy: 0.7866 | Val AUPRC: 0.8753 | Val Auroc: 0.8707 | Val F1: 0.7792 | Val Loss: 0.4841
2026-05-17 22:58:16 INFO Epoch Start | Epoch: 2
2026-05-17 22:58:19 INFO Epoch Progress | Epoch: 2 | Loss: 0.5123 | LR: 9.07628e-05 | Progress: 0% | Step: 1/812
2026-05-17 23:01:23 INFO Epoch Progress | Epoch: 2 | Loss: 0.4843 | LR: 9.99993e-05 | Progress: 25% | Step: 203/812
2026-05-17 23:04:28 INFO Epoch Progress | Epoch: 2 | Loss: 0.4780 | LR: 9.98803e-05 | Progress: 50% | Step: 406/812
2026-05-17 23:07:35 INFO Epoch Progress | Epoch: 2 | Loss: 0.4663 | LR: 9.95176e-05 | Progress: 75% | Step: 609/812
2026-05-17 23:10:40 INFO Epoch Progress | Epoch: 2 | Loss: 0.4582 | LR: 9.89136e-05 | Progress: 100% | Step: 812/812
2026-05-17 23:15:23 INFO CSV Written | Epoch: 2
2026-05-17 23:15:23 INFO Best Saved | Epoch: 2 | Monitor: val_auprc | Value: 0.9090
2026-05-17 23:15:23 INFO Epoch Done | Epoch: 2 | Time: 1027.0767 | Train Loss: 0.4563 | Val Accuracy: 0.8212 | Val AUPRC: 0.9090 | Val Auroc: 0.9057 | Val F1: 0.8173 | Val Loss: 0.4313
2026-05-17 23:15:23 INFO Epoch Start | Epoch: 3
2026-05-17 23:15:26 INFO Epoch Progress | Epoch: 3 | Loss: 0.3934 | LR: 9.89101e-05 | Progress: 0% | Step: 1/812
2026-05-17 23:18:31 INFO Epoch Progress | Epoch: 3 | Loss: 0.4176 | LR: 9.80714e-05 | Progress: 25% | Step: 203/812
2026-05-17 23:21:35 INFO Epoch Progress | Epoch: 3 | Loss: 0.4143 | LR: 9.69949e-05 | Progress: 50% | Step: 406/812
2026-05-17 23:24:40 INFO Epoch Progress | Epoch: 3 | Loss: 0.4076 | LR: 9.56895e-05 | Progress: 75% | Step: 609/812
2026-05-17 23:27:46 INFO Epoch Progress | Epoch: 3 | Loss: 0.4055 | LR: 9.41615e-05 | Progress: 100% | Step: 812/812
2026-05-17 23:32:23 INFO CSV Written | Epoch: 3
2026-05-17 23:32:23 INFO Best Saved | Epoch: 3 | Monitor: val_auprc | Value: 0.9232
2026-05-17 23:32:23 INFO Epoch Done | Epoch: 3 | Time: 1019.9894 | Train Loss: 0.4059 | Val Accuracy: 0.8441 | Val AUPRC: 0.9232 | Val Auroc: 0.9221 | Val F1: 0.8462 | Val Loss: 0.3993
2026-05-17 23:32:23 INFO Epoch Start | Epoch: 4
2026-05-17 23:32:26 INFO Epoch Progress | Epoch: 4 | Loss: 0.3914 | LR: 9.41535e-05 | Progress: 0% | Step: 1/812
2026-05-17 23:35:30 INFO Epoch Progress | Epoch: 4 | Loss: 0.3781 | LR: 9.24275e-05 | Progress: 25% | Step: 203/812
2026-05-17 23:38:35 INFO Epoch Progress | Epoch: 4 | Loss: 0.3770 | LR: 9.04787e-05 | Progress: 50% | Step: 406/812
2026-05-17 23:41:40 INFO Epoch Progress | Epoch: 4 | Loss: 0.3774 | LR: 8.83326e-05 | Progress: 75% | Step: 609/812
2026-05-17 23:44:45 INFO Epoch Progress | Epoch: 4 | Loss: 0.3756 | LR: 8.59999e-05 | Progress: 100% | Step: 812/812
2026-05-17 23:49:16 INFO CSV Written | Epoch: 4
2026-05-17 23:49:17 INFO Best Saved | Epoch: 4 | Monitor: val_auprc | Value: 0.9356
2026-05-17 23:49:17 INFO Epoch Done | Epoch: 4 | Time: 1012.8893 | Train Loss: 0.3735 | Val Accuracy: 0.8556 | Val AUPRC: 0.9356 | Val Auroc: 0.9345 | Val F1: 0.8527 | Val Loss: 0.3767
2026-05-17 23:49:17 INFO Epoch Start | Epoch: 5
2026-05-17 23:49:20 INFO Epoch Progress | Epoch: 5 | Loss: 0.3220 | LR: 8.59879e-05 | Progress: 0% | Step: 1/812
2026-05-17 23:52:23 INFO Epoch Progress | Epoch: 5 | Loss: 0.3439 | LR: 8.34917e-05 | Progress: 25% | Step: 203/812
2026-05-17 23:55:29 INFO Epoch Progress | Epoch: 5 | Loss: 0.3471 | LR: 8.08204e-05 | Progress: 50% | Step: 406/812
2026-05-17 23:58:35 INFO Epoch Progress | Epoch: 5 | Loss: 0.3482 | LR: 7.79989e-05 | Progress: 75% | Step: 609/812
2026-05-18 00:01:41 INFO Epoch Progress | Epoch: 5 | Loss: 0.3469 | LR: 7.5041e-05 | Progress: 100% | Step: 812/812
2026-05-18 00:06:20 INFO CSV Written | Epoch: 5
2026-05-18 00:06:20 INFO Best Saved | Epoch: 5 | Monitor: val_auprc | Value: 0.9380
2026-05-18 00:06:20 INFO Epoch Done | Epoch: 5 | Time: 1023.2098 | Train Loss: 0.3456 | Val Accuracy: 0.8611 | Val AUPRC: 0.9380 | Val Auroc: 0.9378 | Val F1: 0.8601 | Val Loss: 0.3716
2026-05-18 00:06:20 INFO Epoch Start | Epoch: 6
2026-05-18 00:06:36 INFO Epoch Progress | Epoch: 6 | Loss: 0.6894 | LR: 7.50262e-05 | Progress: 1% | Step: 1/190
2026-05-18 00:08:58 INFO Epoch Progress | Epoch: 6 | Loss: 0.7031 | LR: 7.43233e-05 | Progress: 25% | Step: 48/190
2026-05-18 00:11:20 INFO Epoch Progress | Epoch: 6 | Loss: 0.6828 | LR: 7.35988e-05 | Progress: 51% | Step: 96/190
2026-05-18 00:13:43 INFO Epoch Progress | Epoch: 6 | Loss: 0.6755 | LR: 7.2868e-05 | Progress: 76% | Step: 144/190
2026-05-18 00:15:58 INFO Epoch Progress | Epoch: 6 | Loss: 0.6728 | LR: 7.21618e-05 | Progress: 100% | Step: 190/190
2026-05-18 00:20:47 INFO CSV Written | Epoch: 6
2026-05-18 00:20:47 INFO Best Saved | Epoch: 6 | Monitor: val_auprc | Value: 0.9421
2026-05-18 00:20:47 INFO Epoch Done | Epoch: 6 | Time: 866.8123 | Train Loss: 0.6729 | Val Accuracy: 0.8698 | Val AUPRC: 0.9421 | Val Auroc: 0.9414 | Val F1: 0.8700 | Val Loss: 0.4558
2026-05-18 00:20:47 INFO Epoch Start | Epoch: 7
2026-05-18 00:21:02 INFO Epoch Progress | Epoch: 7 | Loss: 0.6930 | LR: 7.21463e-05 | Progress: 1% | Step: 1/190
2026-05-18 00:23:23 INFO Epoch Progress | Epoch: 7 | Loss: 0.6310 | LR: 7.14189e-05 | Progress: 25% | Step: 48/190
2026-05-18 00:25:48 INFO Epoch Progress | Epoch: 7 | Loss: 0.6384 | LR: 7.06702e-05 | Progress: 51% | Step: 96/190
2026-05-18 00:28:13 INFO Epoch Progress | Epoch: 7 | Loss: 0.6444 | LR: 6.99159e-05 | Progress: 76% | Step: 144/190
2026-05-18 00:30:32 INFO Epoch Progress | Epoch: 7 | Loss: 0.6455 | LR: 6.91879e-05 | Progress: 100% | Step: 190/190
2026-05-18 00:35:09 INFO CSV Written | Epoch: 7
2026-05-18 00:35:09 INFO Epoch Done | Epoch: 7 | Time: 861.4736 | Train Loss: 0.6415 | Val Accuracy: 0.8689 | Val AUPRC: 0.9414 | Val Auroc: 0.9407 | Val F1: 0.8702 | Val Loss: 0.4647
2026-05-18 00:35:09 INFO Epoch Start | Epoch: 8
2026-05-18 00:35:24 INFO Epoch Progress | Epoch: 8 | Loss: 0.6345 | LR: 6.9172e-05 | Progress: 1% | Step: 1/190
2026-05-18 00:37:45 INFO Epoch Progress | Epoch: 8 | Loss: 0.6033 | LR: 6.84231e-05 | Progress: 25% | Step: 48/190
2026-05-18 00:40:09 INFO Epoch Progress | Epoch: 8 | Loss: 0.6144 | LR: 6.76534e-05 | Progress: 51% | Step: 96/190
2026-05-18 00:42:33 INFO Epoch Progress | Epoch: 8 | Loss: 0.6126 | LR: 6.68788e-05 | Progress: 76% | Step: 144/190
2026-05-18 00:44:49 INFO Epoch Progress | Epoch: 8 | Loss: 0.6181 | LR: 6.61321e-05 | Progress: 100% | Step: 190/190
2026-05-18 00:49:28 INFO CSV Written | Epoch: 8
2026-05-18 00:49:28 INFO Epoch Done | Epoch: 8 | Time: 858.8621 | Train Loss: 0.6180 | Val Accuracy: 0.8683 | Val AUPRC: 0.9397 | Val Auroc: 0.9394 | Val F1: 0.8708 | Val Loss: 0.4363
2026-05-18 00:49:28 INFO Epoch Start | Epoch: 9
2026-05-18 00:49:43 INFO Epoch Progress | Epoch: 9 | Loss: 0.5553 | LR: 6.61159e-05 | Progress: 1% | Step: 1/190
2026-05-18 00:52:03 INFO Epoch Progress | Epoch: 9 | Loss: 0.5954 | LR: 6.53651e-05 | Progress: 25% | Step: 48/190
2026-05-18 00:54:27 INFO Epoch Progress | Epoch: 9 | Loss: 0.5969 | LR: 6.45776e-05 | Progress: 51% | Step: 96/190
2026-05-18 00:56:54 INFO Epoch Progress | Epoch: 9 | Loss: 0.5995 | LR: 6.37861e-05 | Progress: 76% | Step: 144/190
2026-05-18 00:59:10 INFO Epoch Progress | Epoch: 9 | Loss: 0.5995 | LR: 6.30241e-05 | Progress: 100% | Step: 190/190
2026-05-18 01:03:43 INFO CSV Written | Epoch: 9
2026-05-18 01:03:43 INFO Epoch Done | Epoch: 9 | Time: 855.7257 | Train Loss: 0.5935 | Val Accuracy: 0.8688 | Val AUPRC: 0.9395 | Val Auroc: 0.9387 | Val F1: 0.8701 | Val Loss: 0.4319
2026-05-18 01:03:43 INFO Epoch Start | Epoch: 10
2026-05-18 01:03:59 INFO Epoch Progress | Epoch: 10 | Loss: 0.5835 | LR: 6.30075e-05 | Progress: 1% | Step: 1/190
2026-05-18 01:06:19 INFO Epoch Progress | Epoch: 10 | Loss: 0.5495 | LR: 6.22255e-05 | Progress: 25% | Step: 48/190
2026-05-18 01:08:44 INFO Epoch Progress | Epoch: 10 | Loss: 0.5509 | LR: 6.14236e-05 | Progress: 51% | Step: 96/190
2026-05-18 01:11:10 INFO Epoch Progress | Epoch: 10 | Loss: 0.5566 | LR: 6.06185e-05 | Progress: 76% | Step: 144/190
2026-05-18 01:13:26 INFO Epoch Progress | Epoch: 10 | Loss: 0.5627 | LR: 5.98443e-05 | Progress: 100% | Step: 190/190
2026-05-18 01:18:05 INFO CSV Written | Epoch: 10
2026-05-18 01:18:05 INFO Epoch Done | Epoch: 10 | Time: 861.1756 | Train Loss: 0.5636 | Val Accuracy: 0.8733 | Val AUPRC: 0.9390 | Val Auroc: 0.9389 | Val F1: 0.8749 | Val Loss: 0.3980
2026-05-18 01:18:05 INFO Epoch Start | Epoch: 11
2026-05-18 01:18:19 INFO Epoch Progress | Epoch: 11 | Loss: 0.4428 | LR: 5.98274e-05 | Progress: 1% | Step: 1/190
2026-05-18 01:20:41 INFO Epoch Progress | Epoch: 11 | Loss: 0.5159 | LR: 5.90337e-05 | Progress: 25% | Step: 48/190
2026-05-18 01:23:05 INFO Epoch Progress | Epoch: 11 | Loss: 0.5296 | LR: 5.82207e-05 | Progress: 51% | Step: 96/190
2026-05-18 01:25:31 INFO Epoch Progress | Epoch: 11 | Loss: 0.5304 | LR: 5.74055e-05 | Progress: 76% | Step: 144/190
2026-05-18 01:27:48 INFO Epoch Progress | Epoch: 11 | Loss: 0.5351 | LR: 5.66224e-05 | Progress: 100% | Step: 190/190
2026-05-18 01:32:24 INFO CSV Written | Epoch: 11
2026-05-18 01:32:24 INFO Epoch Done | Epoch: 11 | Time: 859.1014 | Train Loss: 0.5324 | Val Accuracy: 0.8693 | Val AUPRC: 0.9382 | Val Auroc: 0.9377 | Val F1: 0.8674 | Val Loss: 0.3950
2026-05-18 01:32:24 INFO Epoch Start | Epoch: 12
2026-05-18 01:32:38 INFO Epoch Progress | Epoch: 12 | Loss: 0.4775 | LR: 5.66053e-05 | Progress: 1% | Step: 1/190
2026-05-18 01:35:00 INFO Epoch Progress | Epoch: 12 | Loss: 0.4726 | LR: 5.58034e-05 | Progress: 25% | Step: 48/190
2026-05-18 01:37:24 INFO Epoch Progress | Epoch: 12 | Loss: 0.4839 | LR: 5.49828e-05 | Progress: 51% | Step: 96/190
2026-05-18 01:39:49 INFO Epoch Progress | Epoch: 12 | Loss: 0.4970 | LR: 5.41609e-05 | Progress: 76% | Step: 144/190
2026-05-18 01:42:06 INFO Epoch Progress | Epoch: 12 | Loss: 0.4984 | LR: 5.33722e-05 | Progress: 100% | Step: 190/190
2026-05-18 01:46:44 INFO CSV Written | Epoch: 12
2026-05-18 01:46:44 INFO Epoch Done | Epoch: 12 | Time: 860.6151 | Train Loss: 0.4967 | Val Accuracy: 0.8733 | Val AUPRC: 0.9358 | Val Auroc: 0.9372 | Val F1: 0.8724 | Val Loss: 0.3829
2026-05-18 01:46:44 INFO Epoch Start | Epoch: 13
2026-05-18 01:46:58 INFO Epoch Progress | Epoch: 13 | Loss: 0.4696 | LR: 5.33551e-05 | Progress: 1% | Step: 1/190
2026-05-18 01:49:20 INFO Epoch Progress | Epoch: 13 | Loss: 0.4383 | LR: 5.25483e-05 | Progress: 25% | Step: 48/190
2026-05-18 01:51:44 INFO Epoch Progress | Epoch: 13 | Loss: 0.4385 | LR: 5.17237e-05 | Progress: 51% | Step: 96/190
2026-05-18 01:54:08 INFO Epoch Progress | Epoch: 13 | Loss: 0.4489 | LR: 5.08986e-05 | Progress: 76% | Step: 144/190
2026-05-18 01:56:24 INFO Epoch Progress | Epoch: 13 | Loss: 0.4562 | LR: 5.01077e-05 | Progress: 100% | Step: 190/190
2026-05-18 02:01:09 INFO CSV Written | Epoch: 13
2026-05-18 02:01:09 INFO Epoch Done | Epoch: 13 | Time: 864.9866 | Train Loss: 0.4541 | Val Accuracy: 0.8713 | Val AUPRC: 0.9355 | Val Auroc: 0.9348 | Val F1: 0.8699 | Val Loss: 0.3843
2026-05-18 02:01:09 INFO Epoch Start | Epoch: 14
2026-05-18 02:01:24 INFO Epoch Progress | Epoch: 14 | Loss: 0.4830 | LR: 5.00905e-05 | Progress: 1% | Step: 1/190
2026-05-18 02:03:43 INFO Epoch Progress | Epoch: 14 | Loss: 0.4232 | LR: 4.92995e-05 | Progress: 25% | Step: 48/190
2026-05-18 02:06:07 INFO Epoch Progress | Epoch: 14 | Loss: 0.4317 | LR: 4.84744e-05 | Progress: 51% | Step: 96/190
2026-05-18 02:08:29 INFO Epoch Progress | Epoch: 14 | Loss: 0.4288 | LR: 4.76496e-05 | Progress: 76% | Step: 144/190
2026-05-18 02:10:44 INFO Epoch Progress | Epoch: 14 | Loss: 0.4278 | LR: 4.68598e-05 | Progress: 100% | Step: 190/190
2026-05-18 02:15:27 INFO CSV Written | Epoch: 14
2026-05-18 02:15:27 INFO Epoch Done | Epoch: 14 | Time: 857.8652 | Train Loss: 0.4269 | Val Accuracy: 0.8707 | Val AUPRC: 0.9230 | Val Auroc: 0.9313 | Val F1: 0.8722 | Val Loss: 0.3881
2026-05-18 02:15:27 INFO Epoch Start | Epoch: 15
2026-05-18 02:15:42 INFO Epoch Progress | Epoch: 15 | Loss: 0.4865 | LR: 4.68427e-05 | Progress: 1% | Step: 1/190
2026-05-18 02:18:02 INFO Epoch Progress | Epoch: 15 | Loss: 0.3721 | LR: 4.60365e-05 | Progress: 25% | Step: 48/190
2026-05-18 02:20:24 INFO Epoch Progress | Epoch: 15 | Loss: 0.3828 | LR: 4.52144e-05 | Progress: 51% | Step: 96/190
2026-05-18 02:22:47 INFO Epoch Progress | Epoch: 15 | Loss: 0.3898 | LR: 4.43935e-05 | Progress: 76% | Step: 144/190
2026-05-18 02:25:02 INFO Epoch Progress | Epoch: 15 | Loss: 0.3929 | LR: 4.36082e-05 | Progress: 100% | Step: 190/190
2026-05-18 02:29:44 INFO CSV Written | Epoch: 15
2026-05-18 02:29:44 INFO Epoch Done | Epoch: 15 | Time: 856.3754 | Train Loss: 0.3948 | Val Accuracy: 0.8718 | Val AUPRC: 0.9335 | Val Auroc: 0.9340 | Val F1: 0.8717 | Val Loss: 0.3848
2026-05-18 02:29:44 INFO Epoch Start | Epoch: 16
2026-05-18 02:29:57 INFO Epoch Progress | Epoch: 16 | Loss: 0.3072 | LR: 4.35911e-05 | Progress: 1% | Step: 1/190
2026-05-18 02:32:19 INFO Epoch Progress | Epoch: 16 | Loss: 0.3367 | LR: 4.27905e-05 | Progress: 25% | Step: 48/190
2026-05-18 02:34:43 INFO Epoch Progress | Epoch: 16 | Loss: 0.3496 | LR: 4.19748e-05 | Progress: 51% | Step: 96/190
2026-05-18 02:37:06 INFO Epoch Progress | Epoch: 16 | Loss: 0.3481 | LR: 4.11612e-05 | Progress: 76% | Step: 144/190
2026-05-18 02:39:22 INFO Epoch Progress | Epoch: 16 | Loss: 0.3581 | LR: 4.03838e-05 | Progress: 100% | Step: 190/190
2026-05-18 02:43:59 INFO CSV Written | Epoch: 16
2026-05-18 02:43:59 INFO Epoch Done | Epoch: 16 | Time: 855.7169 | Train Loss: 0.3612 | Val Accuracy: 0.8739 | Val AUPRC: 0.9266 | Val Auroc: 0.9294 | Val F1: 0.8746 | Val Loss: 0.3928
2026-05-18 02:43:59 INFO Early Stop | Epoch: 16
2026-05-18 02:43:59 INFO Stage Done | Run Id: pair_context_gated_abba_s47
2026-05-18 02:43:59 INFO Stage Start | Checkpoint: models/v3.1/train/pair_context_gated_abba_s47/best_model.pth | Run Id: pair_context_gated_abba_s47
2026-05-18 02:43:59 INFO Checkpoint Loaded | Path: models/v3.1/train/pair_context_gated_abba_s47/best_model.pth
2026-05-18 02:43:59 INFO Decision Threshold | Mode: fixed | Value: 0.5000
2026-05-18 02:53:32 INFO Evaluation Metrics | Accuracy: 0.6306 | AUPRC: 0.7203 | Auroc: 0.6891 | F1: 0.6136 | Mcc: 0.2622 | Precision: 0.6434 | Recall: 0.5864 | Sensitivity: 0.5864 | Specificity: 0.6748 | Split: test
2026-05-18 02:53:32 INFO CSV Written | Path: logs/v3.1/evaluate/pair_context_gated_abba_s47/evaluate.csv
2026-05-18 02:53:32 INFO Stage Done | Run Id: pair_context_gated_abba_s47
[rank0]:[W518 02:53:33.516947325 ProcessGroupNCCL.cpp:1553] Warning: WARNING: destroy_process_group() was not called before program exit, which can leak resources. For more info, please see https://pytorch.org/docs/stable/distributed.html#shutdown (function operator())

*****************************************
Setting OMP_NUM_THREADS environment variable for each process to be 1 in default, to avoid your system being overloaded, please further tune the variable for optimal performance in your application as needed. 
*****************************************
INFO:src.pipeline.__main__:Loaded config: configs/v3-1/0517/pair_context_gated_sn_d128_s47.yaml
WARNING:accelerate.utils.other:[RANK 0] Detected kernel version 3.10.0, which is below the recommended minimum of 5.5.0; this can cause the process to hang. It is recommended to upgrade the kernel to the minimum version or higher.
WARNING:py.warnings:/public/home/wangar2023/grand/.venv/lib/python3.11/site-packages/torch/distributed/c10d_logger.py:83: UserWarning: barrier(): using the device under current context. You can specify `device_id` in `init_process_group` to mute this warning.
  return func(*args, **kwargs)

2026-05-18 02:55:42 INFO Pipeline Runtime | Device: cuda:0 | Distributed: True | Test Batches: 1691 | Train Batches: 812 | Valid Batches: 762 | World Size: 4
2026-05-18 02:55:42 INFO Stage Start | Run Id: pair_context_gated_sn_d128_s47
2026-05-18 02:55:44 INFO Train Config | Epochs: 50 | Monitor: auprc | Patience: 10
2026-05-18 02:55:44 INFO Epoch Start | Epoch: 1
2026-05-18 02:55:49 INFO Epoch Progress | Epoch: 1 | Loss: 0.7653 | LR: 4e-06 | Progress: 0% | Step: 1/812
2026-05-18 02:57:09 INFO Epoch Progress | Epoch: 1 | Loss: 0.7186 | LR: 1.30844e-05 | Progress: 25% | Step: 203/812
2026-05-18 02:58:31 INFO Epoch Progress | Epoch: 1 | Loss: 0.7118 | LR: 3.704e-05 | Progress: 50% | Step: 406/812
2026-05-18 02:59:51 INFO Epoch Progress | Epoch: 1 | Loss: 0.6788 | LR: 6.65711e-05 | Progress: 75% | Step: 609/812
2026-05-18 03:01:12 INFO Epoch Progress | Epoch: 1 | Loss: 0.6432 | LR: 9.0675e-05 | Progress: 100% | Step: 812/812
2026-05-18 03:04:45 INFO CSV Written | Epoch: 1
WARNING:py.warnings:/public/home/wangar2023/grand/.venv/lib/python3.11/site-packages/deepspeed/runtime/zero/linear.py:47: FutureWarning: `torch.cuda.amp.custom_fwd(args...)` is deprecated. Please use `torch.amp.custom_fwd(args..., device_type='cuda')` instead.
  @autocast_custom_fwd

WARNING:py.warnings:/public/home/wangar2023/grand/.venv/lib/python3.11/site-packages/deepspeed/runtime/zero/linear.py:66: FutureWarning: `torch.cuda.amp.custom_bwd(args...)` is deprecated. Please use `torch.amp.custom_bwd(args..., device_type='cuda')` instead.
  @autocast_custom_bwd

2026-05-18 03:04:49 INFO Best Saved | Epoch: 1 | Monitor: val_auprc | Value: 0.8609
2026-05-18 03:04:49 INFO Epoch Done | Epoch: 1 | Time: 541.6328 | Train Loss: 0.6452 | Val Accuracy: 0.7758 | Val AUPRC: 0.8609 | Val Auroc: 0.8584 | Val F1: 0.7862 | Val Loss: 0.5045
2026-05-18 03:04:49 INFO Epoch Start | Epoch: 2
2026-05-18 03:04:52 INFO Epoch Progress | Epoch: 2 | Loss: 0.4487 | LR: 9.07628e-05 | Progress: 0% | Step: 1/812
2026-05-18 03:06:14 INFO Epoch Progress | Epoch: 2 | Loss: 0.5048 | LR: 9.99993e-05 | Progress: 25% | Step: 203/812
2026-05-18 03:07:36 INFO Epoch Progress | Epoch: 2 | Loss: 0.5012 | LR: 9.98803e-05 | Progress: 50% | Step: 406/812
2026-05-18 03:08:58 INFO Epoch Progress | Epoch: 2 | Loss: 0.4933 | LR: 9.95176e-05 | Progress: 75% | Step: 609/812
2026-05-18 03:10:19 INFO Epoch Progress | Epoch: 2 | Loss: 0.4873 | LR: 9.89136e-05 | Progress: 100% | Step: 812/812
2026-05-18 03:13:51 INFO CSV Written | Epoch: 2
2026-05-18 03:13:51 INFO Best Saved | Epoch: 2 | Monitor: val_auprc | Value: 0.8934
2026-05-18 03:13:51 INFO Epoch Done | Epoch: 2 | Time: 541.9261 | Train Loss: 0.4872 | Val Accuracy: 0.8070 | Val AUPRC: 0.8934 | Val Auroc: 0.8888 | Val F1: 0.8061 | Val Loss: 0.4571
2026-05-18 03:13:51 INFO Epoch Start | Epoch: 3
2026-05-18 03:13:54 INFO Epoch Progress | Epoch: 3 | Loss: 0.3235 | LR: 9.89101e-05 | Progress: 0% | Step: 1/812
2026-05-18 03:15:15 INFO Epoch Progress | Epoch: 3 | Loss: 0.4646 | LR: 9.80714e-05 | Progress: 25% | Step: 203/812
2026-05-18 03:16:36 INFO Epoch Progress | Epoch: 3 | Loss: 0.4620 | LR: 9.69949e-05 | Progress: 50% | Step: 406/812
2026-05-18 03:17:58 INFO Epoch Progress | Epoch: 3 | Loss: 0.4565 | LR: 9.56895e-05 | Progress: 75% | Step: 609/812
2026-05-18 03:19:19 INFO Epoch Progress | Epoch: 3 | Loss: 0.4531 | LR: 9.41696e-05 | Progress: 100% | Step: 812/812
2026-05-18 03:22:53 INFO CSV Written | Epoch: 3
2026-05-18 03:22:53 INFO Best Saved | Epoch: 3 | Monitor: val_auprc | Value: 0.9003
2026-05-18 03:22:53 INFO Epoch Done | Epoch: 3 | Time: 541.5123 | Train Loss: 0.4499 | Val Accuracy: 0.8148 | Val AUPRC: 0.9003 | Val Auroc: 0.8977 | Val F1: 0.8152 | Val Loss: 0.4419
2026-05-18 03:22:53 INFO Epoch Start | Epoch: 4
2026-05-18 03:22:55 INFO Epoch Progress | Epoch: 4 | Loss: 0.4375 | LR: 9.41615e-05 | Progress: 0% | Step: 1/812
2026-05-18 03:24:15 INFO Epoch Progress | Epoch: 4 | Loss: 0.4291 | LR: 9.24275e-05 | Progress: 25% | Step: 203/812
2026-05-18 03:25:42 INFO Epoch Progress | Epoch: 4 | Loss: 0.4278 | LR: 9.04787e-05 | Progress: 50% | Step: 406/812
2026-05-18 03:27:13 INFO Epoch Progress | Epoch: 4 | Loss: 0.4290 | LR: 8.83326e-05 | Progress: 75% | Step: 609/812
2026-05-18 03:28:38 INFO Epoch Progress | Epoch: 4 | Loss: 0.4276 | LR: 8.59999e-05 | Progress: 100% | Step: 812/812
2026-05-18 03:32:15 INFO CSV Written | Epoch: 4
2026-05-18 03:32:15 INFO Best Saved | Epoch: 4 | Monitor: val_auprc | Value: 0.9150
2026-05-18 03:32:15 INFO Epoch Done | Epoch: 4 | Time: 561.7348 | Train Loss: 0.4235 | Val Accuracy: 0.8276 | Val AUPRC: 0.9150 | Val Auroc: 0.9123 | Val F1: 0.8331 | Val Loss: 0.4187
2026-05-18 03:32:15 INFO Epoch Start | Epoch: 5
2026-05-18 03:32:17 INFO Epoch Progress | Epoch: 5 | Loss: 0.3966 | LR: 8.59879e-05 | Progress: 0% | Step: 1/812
2026-05-18 03:33:37 INFO Epoch Progress | Epoch: 5 | Loss: 0.4037 | LR: 8.34917e-05 | Progress: 25% | Step: 203/812
2026-05-18 03:34:59 INFO Epoch Progress | Epoch: 5 | Loss: 0.4054 | LR: 8.08204e-05 | Progress: 50% | Step: 406/812
2026-05-18 03:36:20 INFO Epoch Progress | Epoch: 5 | Loss: 0.4038 | LR: 7.79989e-05 | Progress: 75% | Step: 609/812
2026-05-18 03:37:41 INFO Epoch Progress | Epoch: 5 | Loss: 0.4023 | LR: 7.5041e-05 | Progress: 100% | Step: 812/812
2026-05-18 03:41:19 INFO CSV Written | Epoch: 5
2026-05-18 03:41:19 INFO Best Saved | Epoch: 5 | Monitor: val_auprc | Value: 0.9222
2026-05-18 03:41:19 INFO Epoch Done | Epoch: 5 | Time: 544.3403 | Train Loss: 0.4005 | Val Accuracy: 0.8388 | Val AUPRC: 0.9222 | Val Auroc: 0.9206 | Val F1: 0.8425 | Val Loss: 0.4035
2026-05-18 03:41:19 INFO Epoch Start | Epoch: 6
2026-05-18 03:41:34 INFO Epoch Progress | Epoch: 6 | Loss: 0.8003 | LR: 7.50262e-05 | Progress: 1% | Step: 1/190
2026-05-18 03:42:47 INFO Epoch Progress | Epoch: 6 | Loss: 0.7296 | LR: 7.43233e-05 | Progress: 25% | Step: 48/190
2026-05-18 03:44:00 INFO Epoch Progress | Epoch: 6 | Loss: 0.7130 | LR: 7.35988e-05 | Progress: 51% | Step: 96/190
2026-05-18 03:45:13 INFO Epoch Progress | Epoch: 6 | Loss: 0.7057 | LR: 7.2868e-05 | Progress: 76% | Step: 144/190
2026-05-18 03:46:20 INFO Epoch Progress | Epoch: 6 | Loss: 0.7022 | LR: 7.21618e-05 | Progress: 100% | Step: 190/190
2026-05-18 03:50:01 INFO CSV Written | Epoch: 6
2026-05-18 03:50:01 INFO Best Saved | Epoch: 6 | Monitor: val_auprc | Value: 0.9264
2026-05-18 03:50:01 INFO Epoch Done | Epoch: 6 | Time: 521.8543 | Train Loss: 0.7033 | Val Accuracy: 0.8437 | Val AUPRC: 0.9264 | Val Auroc: 0.9247 | Val F1: 0.8410 | Val Loss: 0.5529
2026-05-18 03:50:01 INFO Epoch Start | Epoch: 7
2026-05-18 03:50:13 INFO Epoch Progress | Epoch: 7 | Loss: 0.6712 | LR: 7.21463e-05 | Progress: 1% | Step: 1/190
2026-05-18 03:51:24 INFO Epoch Progress | Epoch: 7 | Loss: 0.6935 | LR: 7.14189e-05 | Progress: 25% | Step: 48/190
2026-05-18 03:52:37 INFO Epoch Progress | Epoch: 7 | Loss: 0.6945 | LR: 7.06702e-05 | Progress: 51% | Step: 96/190
2026-05-18 03:53:49 INFO Epoch Progress | Epoch: 7 | Loss: 0.6945 | LR: 6.99159e-05 | Progress: 76% | Step: 144/190
2026-05-18 03:54:57 INFO Epoch Progress | Epoch: 7 | Loss: 0.6939 | LR: 6.91879e-05 | Progress: 100% | Step: 190/190
2026-05-18 03:58:33 INFO CSV Written | Epoch: 7
2026-05-18 03:58:33 INFO Best Saved | Epoch: 7 | Monitor: val_auprc | Value: 0.9285
2026-05-18 03:58:33 INFO Epoch Done | Epoch: 7 | Time: 512.0525 | Train Loss: 0.6924 | Val Accuracy: 0.8496 | Val AUPRC: 0.9285 | Val Auroc: 0.9270 | Val F1: 0.8518 | Val Loss: 0.5492
2026-05-18 03:58:33 INFO Epoch Start | Epoch: 8
2026-05-18 03:58:44 INFO Epoch Progress | Epoch: 8 | Loss: 0.6998 | LR: 6.9172e-05 | Progress: 1% | Step: 1/190
2026-05-18 03:59:56 INFO Epoch Progress | Epoch: 8 | Loss: 0.6877 | LR: 6.84231e-05 | Progress: 25% | Step: 48/190
2026-05-18 04:01:09 INFO Epoch Progress | Epoch: 8 | Loss: 0.6893 | LR: 6.76534e-05 | Progress: 51% | Step: 96/190
2026-05-18 04:02:22 INFO Epoch Progress | Epoch: 8 | Loss: 0.6905 | LR: 6.68788e-05 | Progress: 76% | Step: 144/190
2026-05-18 04:03:30 INFO Epoch Progress | Epoch: 8 | Loss: 0.6908 | LR: 6.61321e-05 | Progress: 100% | Step: 190/190
2026-05-18 04:07:07 INFO CSV Written | Epoch: 8
2026-05-18 04:07:07 INFO Best Saved | Epoch: 8 | Monitor: val_auprc | Value: 0.9298
2026-05-18 04:07:07 INFO Epoch Done | Epoch: 8 | Time: 513.6933 | Train Loss: 0.6916 | Val Accuracy: 0.8513 | Val AUPRC: 0.9298 | Val Auroc: 0.9285 | Val F1: 0.8520 | Val Loss: 0.5508
2026-05-18 04:07:07 INFO Epoch Start | Epoch: 9
2026-05-18 04:07:18 INFO Epoch Progress | Epoch: 9 | Loss: 0.6644 | LR: 6.61159e-05 | Progress: 1% | Step: 1/190
2026-05-18 04:08:30 INFO Epoch Progress | Epoch: 9 | Loss: 0.6935 | LR: 6.53487e-05 | Progress: 25% | Step: 48/190
2026-05-18 04:09:44 INFO Epoch Progress | Epoch: 9 | Loss: 0.6908 | LR: 6.45612e-05 | Progress: 51% | Step: 96/190
2026-05-18 04:10:58 INFO Epoch Progress | Epoch: 9 | Loss: 0.6892 | LR: 6.37696e-05 | Progress: 76% | Step: 144/190
2026-05-18 04:12:06 INFO Epoch Progress | Epoch: 9 | Loss: 0.6914 | LR: 6.30075e-05 | Progress: 100% | Step: 190/190
2026-05-18 04:15:43 INFO CSV Written | Epoch: 9
2026-05-18 04:15:43 INFO Best Saved | Epoch: 9 | Monitor: val_auprc | Value: 0.9307
2026-05-18 04:15:43 INFO Epoch Done | Epoch: 9 | Time: 516.2431 | Train Loss: 0.6906 | Val Accuracy: 0.8523 | Val AUPRC: 0.9307 | Val Auroc: 0.9294 | Val F1: 0.8530 | Val Loss: 0.5569
2026-05-18 04:15:43 INFO Epoch Start | Epoch: 10
2026-05-18 04:15:54 INFO Epoch Progress | Epoch: 10 | Loss: 0.6719 | LR: 6.29909e-05 | Progress: 1% | Step: 1/190
2026-05-18 04:17:07 INFO Epoch Progress | Epoch: 10 | Loss: 0.6904 | LR: 6.22088e-05 | Progress: 25% | Step: 48/190
2026-05-18 04:18:21 INFO Epoch Progress | Epoch: 10 | Loss: 0.6918 | LR: 6.14068e-05 | Progress: 51% | Step: 96/190
2026-05-18 04:19:34 INFO Epoch Progress | Epoch: 10 | Loss: 0.6915 | LR: 6.06017e-05 | Progress: 76% | Step: 144/190
2026-05-18 04:20:42 INFO Epoch Progress | Epoch: 10 | Loss: 0.6911 | LR: 5.98274e-05 | Progress: 100% | Step: 190/190
2026-05-18 04:24:22 INFO CSV Written | Epoch: 10
2026-05-18 04:24:22 INFO Best Saved | Epoch: 10 | Monitor: val_auprc | Value: 0.9313
2026-05-18 04:24:22 INFO Epoch Done | Epoch: 10 | Time: 519.2680 | Train Loss: 0.6888 | Val Accuracy: 0.8555 | Val AUPRC: 0.9313 | Val Auroc: 0.9306 | Val F1: 0.8570 | Val Loss: 0.5282
2026-05-18 04:24:22 INFO Epoch Start | Epoch: 11
2026-05-18 04:24:32 INFO Epoch Progress | Epoch: 11 | Loss: 0.6591 | LR: 5.98105e-05 | Progress: 1% | Step: 1/190
2026-05-18 04:25:46 INFO Epoch Progress | Epoch: 11 | Loss: 0.6881 | LR: 5.90168e-05 | Progress: 25% | Step: 48/190
2026-05-18 04:26:59 INFO Epoch Progress | Epoch: 11 | Loss: 0.6905 | LR: 5.82038e-05 | Progress: 51% | Step: 96/190
2026-05-18 04:28:13 INFO Epoch Progress | Epoch: 11 | Loss: 0.6894 | LR: 5.73885e-05 | Progress: 76% | Step: 144/190
2026-05-18 04:29:20 INFO Epoch Progress | Epoch: 11 | Loss: 0.6899 | LR: 5.66053e-05 | Progress: 100% | Step: 190/190
2026-05-18 04:32:57 INFO CSV Written | Epoch: 11
2026-05-18 04:32:57 INFO Best Saved | Epoch: 11 | Monitor: val_auprc | Value: 0.9313
2026-05-18 04:32:57 INFO Epoch Done | Epoch: 11 | Time: 514.9440 | Train Loss: 0.6897 | Val Accuracy: 0.8547 | Val AUPRC: 0.9313 | Val Auroc: 0.9305 | Val F1: 0.8543 | Val Loss: 0.5413
2026-05-18 04:32:57 INFO Epoch Start | Epoch: 12
2026-05-18 04:33:10 INFO Epoch Progress | Epoch: 12 | Loss: 0.6953 | LR: 5.65883e-05 | Progress: 1% | Step: 1/190
2026-05-18 04:34:23 INFO Epoch Progress | Epoch: 12 | Loss: 0.6879 | LR: 5.57863e-05 | Progress: 25% | Step: 48/190
2026-05-18 04:35:36 INFO Epoch Progress | Epoch: 12 | Loss: 0.6866 | LR: 5.49657e-05 | Progress: 51% | Step: 96/190
2026-05-18 04:36:50 INFO Epoch Progress | Epoch: 12 | Loss: 0.6888 | LR: 5.41438e-05 | Progress: 76% | Step: 144/190
2026-05-18 04:37:58 INFO Epoch Progress | Epoch: 12 | Loss: 0.6886 | LR: 5.33551e-05 | Progress: 100% | Step: 190/190
2026-05-18 04:41:37 INFO CSV Written | Epoch: 12
2026-05-18 04:41:37 INFO Best Saved | Epoch: 12 | Monitor: val_auprc | Value: 0.9320
2026-05-18 04:41:37 INFO Epoch Done | Epoch: 12 | Time: 519.7362 | Train Loss: 0.6871 | Val Accuracy: 0.8561 | Val AUPRC: 0.9320 | Val Auroc: 0.9314 | Val F1: 0.8575 | Val Loss: 0.5322
2026-05-18 04:41:37 INFO Epoch Start | Epoch: 13
2026-05-18 04:41:47 INFO Epoch Progress | Epoch: 13 | Loss: 0.6844 | LR: 5.33379e-05 | Progress: 1% | Step: 1/190
2026-05-18 04:42:58 INFO Epoch Progress | Epoch: 13 | Loss: 0.6868 | LR: 5.25311e-05 | Progress: 25% | Step: 48/190
2026-05-18 04:44:10 INFO Epoch Progress | Epoch: 13 | Loss: 0.6871 | LR: 5.17065e-05 | Progress: 51% | Step: 96/190
2026-05-18 04:45:23 INFO Epoch Progress | Epoch: 13 | Loss: 0.6878 | LR: 5.08814e-05 | Progress: 76% | Step: 144/190
2026-05-18 04:46:30 INFO Epoch Progress | Epoch: 13 | Loss: 0.6878 | LR: 5.00905e-05 | Progress: 100% | Step: 190/190
2026-05-18 04:50:03 INFO CSV Written | Epoch: 13
2026-05-18 04:50:03 INFO Best Saved | Epoch: 13 | Monitor: val_auprc | Value: 0.9328
2026-05-18 04:50:03 INFO Epoch Done | Epoch: 13 | Time: 505.6480 | Train Loss: 0.6860 | Val Accuracy: 0.8571 | Val AUPRC: 0.9328 | Val Auroc: 0.9327 | Val F1: 0.8581 | Val Loss: 0.5195
2026-05-18 04:50:03 INFO Epoch Start | Epoch: 14
2026-05-18 04:50:13 INFO Epoch Progress | Epoch: 14 | Loss: 0.6786 | LR: 5.00733e-05 | Progress: 1% | Step: 1/190
2026-05-18 04:51:25 INFO Epoch Progress | Epoch: 14 | Loss: 0.6808 | LR: 4.92651e-05 | Progress: 25% | Step: 48/190
2026-05-18 04:52:38 INFO Epoch Progress | Epoch: 14 | Loss: 0.6855 | LR: 4.844e-05 | Progress: 51% | Step: 96/190
2026-05-18 04:53:52 INFO Epoch Progress | Epoch: 14 | Loss: 0.6844 | LR: 4.76153e-05 | Progress: 76% | Step: 144/190
2026-05-18 04:54:59 INFO Epoch Progress | Epoch: 14 | Loss: 0.6847 | LR: 4.68255e-05 | Progress: 100% | Step: 190/190
2026-05-18 04:58:35 INFO CSV Written | Epoch: 14
2026-05-18 04:58:35 INFO Epoch Done | Epoch: 14 | Time: 511.9643 | Train Loss: 0.6839 | Val Accuracy: 0.8565 | Val AUPRC: 0.9310 | Val Auroc: 0.9317 | Val F1: 0.8596 | Val Loss: 0.4972
2026-05-18 04:58:35 INFO Epoch Start | Epoch: 15
2026-05-18 04:58:46 INFO Epoch Progress | Epoch: 15 | Loss: 0.7062 | LR: 4.68083e-05 | Progress: 1% | Step: 1/190
2026-05-18 04:59:59 INFO Epoch Progress | Epoch: 15 | Loss: 0.6816 | LR: 4.60023e-05 | Progress: 25% | Step: 48/190
2026-05-18 05:01:11 INFO Epoch Progress | Epoch: 15 | Loss: 0.6810 | LR: 4.51801e-05 | Progress: 51% | Step: 96/190
2026-05-18 05:02:24 INFO Epoch Progress | Epoch: 15 | Loss: 0.6836 | LR: 4.43593e-05 | Progress: 76% | Step: 144/190
2026-05-18 05:03:32 INFO Epoch Progress | Epoch: 15 | Loss: 0.6848 | LR: 4.35741e-05 | Progress: 100% | Step: 190/190
2026-05-18 05:07:17 INFO CSV Written | Epoch: 15
2026-05-18 05:07:17 INFO Best Saved | Epoch: 15 | Monitor: val_auprc | Value: 0.9340
2026-05-18 05:07:17 INFO Epoch Done | Epoch: 15 | Time: 522.3796 | Train Loss: 0.6801 | Val Accuracy: 0.8574 | Val AUPRC: 0.9340 | Val Auroc: 0.9335 | Val F1: 0.8556 | Val Loss: 0.4933
2026-05-18 05:07:17 INFO Epoch Start | Epoch: 16
2026-05-18 05:07:28 INFO Epoch Progress | Epoch: 16 | Loss: 0.7113 | LR: 4.3557e-05 | Progress: 1% | Step: 1/190
2026-05-18 05:08:39 INFO Epoch Progress | Epoch: 16 | Loss: 0.6719 | LR: 4.27565e-05 | Progress: 25% | Step: 48/190
2026-05-18 05:09:53 INFO Epoch Progress | Epoch: 16 | Loss: 0.6739 | LR: 4.19408e-05 | Progress: 51% | Step: 96/190
2026-05-18 05:11:05 INFO Epoch Progress | Epoch: 16 | Loss: 0.6775 | LR: 4.11274e-05 | Progress: 76% | Step: 144/190
2026-05-18 05:12:13 INFO Epoch Progress | Epoch: 16 | Loss: 0.6794 | LR: 4.03501e-05 | Progress: 100% | Step: 190/190
2026-05-18 05:15:51 INFO CSV Written | Epoch: 16
2026-05-18 05:15:51 INFO Best Saved | Epoch: 16 | Monitor: val_auprc | Value: 0.9342
2026-05-18 05:15:51 INFO Epoch Done | Epoch: 16 | Time: 513.3865 | Train Loss: 0.6758 | Val Accuracy: 0.8612 | Val AUPRC: 0.9342 | Val Auroc: 0.9337 | Val F1: 0.8615 | Val Loss: 0.4790
2026-05-18 05:15:51 INFO Epoch Start | Epoch: 17
2026-05-18 05:16:03 INFO Epoch Progress | Epoch: 17 | Loss: 0.7166 | LR: 4.03332e-05 | Progress: 1% | Step: 1/190
2026-05-18 05:17:14 INFO Epoch Progress | Epoch: 17 | Loss: 0.6602 | LR: 3.95416e-05 | Progress: 25% | Step: 48/190
2026-05-18 05:18:27 INFO Epoch Progress | Epoch: 17 | Loss: 0.6675 | LR: 3.87359e-05 | Progress: 51% | Step: 96/190
2026-05-18 05:19:41 INFO Epoch Progress | Epoch: 17 | Loss: 0.6682 | LR: 3.79334e-05 | Progress: 76% | Step: 144/190
2026-05-18 05:20:48 INFO Epoch Progress | Epoch: 17 | Loss: 0.6729 | LR: 3.71839e-05 | Progress: 100% | Step: 190/190
2026-05-18 05:24:28 INFO CSV Written | Epoch: 17
2026-05-18 05:24:28 INFO Epoch Done | Epoch: 17 | Time: 517.2038 | Train Loss: 0.6699 | Val Accuracy: 0.8587 | Val AUPRC: 0.9317 | Val Auroc: 0.9319 | Val F1: 0.8610 | Val Loss: 0.4685
2026-05-18 05:24:28 INFO Epoch Start | Epoch: 18
2026-05-18 05:24:39 INFO Epoch Progress | Epoch: 18 | Loss: 0.6823 | LR: 3.71673e-05 | Progress: 1% | Step: 1/190
2026-05-18 05:25:51 INFO Epoch Progress | Epoch: 18 | Loss: 0.6622 | LR: 3.63879e-05 | Progress: 25% | Step: 48/190
2026-05-18 05:27:04 INFO Epoch Progress | Epoch: 18 | Loss: 0.6633 | LR: 3.56121e-05 | Progress: 51% | Step: 96/190
2026-05-18 05:28:16 INFO Epoch Progress | Epoch: 18 | Loss: 0.6676 | LR: 3.48236e-05 | Progress: 76% | Step: 144/190
2026-05-18 05:29:24 INFO Epoch Progress | Epoch: 18 | Loss: 0.6664 | LR: 3.40719e-05 | Progress: 100% | Step: 190/190
2026-05-18 05:33:04 INFO CSV Written | Epoch: 18
2026-05-18 05:33:04 INFO Epoch Done | Epoch: 18 | Time: 516.1436 | Train Loss: 0.6616 | Val Accuracy: 0.8606 | Val AUPRC: 0.9313 | Val Auroc: 0.9321 | Val F1: 0.8601 | Val Loss: 0.4493
2026-05-18 05:33:04 INFO Epoch Start | Epoch: 19
2026-05-18 05:33:16 INFO Epoch Progress | Epoch: 19 | Loss: 0.7022 | LR: 3.40556e-05 | Progress: 1% | Step: 1/190
2026-05-18 05:34:28 INFO Epoch Progress | Epoch: 19 | Loss: 0.6548 | LR: 3.32917e-05 | Progress: 25% | Step: 48/190
2026-05-18 05:35:41 INFO Epoch Progress | Epoch: 19 | Loss: 0.6533 | LR: 3.25161e-05 | Progress: 51% | Step: 96/190
2026-05-18 05:36:55 INFO Epoch Progress | Epoch: 19 | Loss: 0.6557 | LR: 3.17452e-05 | Progress: 76% | Step: 144/190
2026-05-18 05:38:03 INFO Epoch Progress | Epoch: 19 | Loss: 0.6563 | LR: 3.10112e-05 | Progress: 100% | Step: 190/190
2026-05-18 05:41:42 INFO CSV Written | Epoch: 19
2026-05-18 05:41:42 INFO Epoch Done | Epoch: 19 | Time: 517.4830 | Train Loss: 0.6509 | Val Accuracy: 0.8611 | Val AUPRC: 0.9323 | Val Auroc: 0.9324 | Val F1: 0.8618 | Val Loss: 0.4468
2026-05-18 05:41:42 INFO Epoch Start | Epoch: 20
2026-05-18 05:41:54 INFO Epoch Progress | Epoch: 20 | Loss: 0.6403 | LR: 3.09953e-05 | Progress: 1% | Step: 1/190
2026-05-18 05:43:06 INFO Epoch Progress | Epoch: 20 | Loss: 0.6454 | LR: 3.02503e-05 | Progress: 25% | Step: 48/190
2026-05-18 05:44:19 INFO Epoch Progress | Epoch: 20 | Loss: 0.6409 | LR: 2.94947e-05 | Progress: 51% | Step: 96/190
2026-05-18 05:45:32 INFO Epoch Progress | Epoch: 20 | Loss: 0.6472 | LR: 2.87448e-05 | Progress: 76% | Step: 144/190
2026-05-18 05:46:40 INFO Epoch Progress | Epoch: 20 | Loss: 0.6471 | LR: 2.80315e-05 | Progress: 100% | Step: 190/190
2026-05-18 05:50:20 INFO CSV Written | Epoch: 20
2026-05-18 05:50:20 INFO Epoch Done | Epoch: 20 | Time: 517.8473 | Train Loss: 0.6405 | Val Accuracy: 0.8638 | Val AUPRC: 0.9301 | Val Auroc: 0.9312 | Val F1: 0.8642 | Val Loss: 0.4263
2026-05-18 05:50:20 INFO Epoch Start | Epoch: 21
2026-05-18 05:50:31 INFO Epoch Progress | Epoch: 21 | Loss: 0.5916 | LR: 2.80161e-05 | Progress: 1% | Step: 1/190
2026-05-18 05:51:42 INFO Epoch Progress | Epoch: 21 | Loss: 0.6255 | LR: 2.72931e-05 | Progress: 25% | Step: 48/190
2026-05-18 05:52:56 INFO Epoch Progress | Epoch: 21 | Loss: 0.6333 | LR: 2.65609e-05 | Progress: 51% | Step: 96/190
2026-05-18 05:54:10 INFO Epoch Progress | Epoch: 21 | Loss: 0.6333 | LR: 2.5835e-05 | Progress: 76% | Step: 144/190
2026-05-18 05:55:17 INFO Epoch Progress | Epoch: 21 | Loss: 0.6344 | LR: 2.51456e-05 | Progress: 100% | Step: 190/190
2026-05-18 05:58:52 INFO CSV Written | Epoch: 21
2026-05-18 05:58:52 INFO Epoch Done | Epoch: 21 | Time: 512.6189 | Train Loss: 0.6305 | Val Accuracy: 0.8645 | Val AUPRC: 0.9329 | Val Auroc: 0.9336 | Val F1: 0.8650 | Val Loss: 0.4218
2026-05-18 05:58:52 INFO Epoch Start | Epoch: 22
2026-05-18 05:59:03 INFO Epoch Progress | Epoch: 22 | Loss: 0.5626 | LR: 2.51307e-05 | Progress: 1% | Step: 1/190
2026-05-18 06:00:15 INFO Epoch Progress | Epoch: 22 | Loss: 0.6203 | LR: 2.44329e-05 | Progress: 25% | Step: 48/190
2026-05-18 06:01:28 INFO Epoch Progress | Epoch: 22 | Loss: 0.6273 | LR: 2.37271e-05 | Progress: 51% | Step: 96/190
2026-05-18 06:02:41 INFO Epoch Progress | Epoch: 22 | Loss: 0.6260 | LR: 2.30285e-05 | Progress: 76% | Step: 144/190
2026-05-18 06:03:49 INFO Epoch Progress | Epoch: 22 | Loss: 0.6245 | LR: 2.23658e-05 | Progress: 100% | Step: 190/190
2026-05-18 06:07:33 INFO CSV Written | Epoch: 22
2026-05-18 06:07:33 INFO Epoch Done | Epoch: 22 | Time: 520.2418 | Train Loss: 0.6174 | Val Accuracy: 0.8628 | Val AUPRC: 0.9313 | Val Auroc: 0.9319 | Val F1: 0.8620 | Val Loss: 0.4147
2026-05-18 06:07:33 INFO Epoch Start | Epoch: 23
2026-05-18 06:07:44 INFO Epoch Progress | Epoch: 23 | Loss: 0.6468 | LR: 2.23515e-05 | Progress: 1% | Step: 1/190
2026-05-18 06:08:55 INFO Epoch Progress | Epoch: 23 | Loss: 0.6151 | LR: 2.16818e-05 | Progress: 25% | Step: 48/190
2026-05-18 06:10:08 INFO Epoch Progress | Epoch: 23 | Loss: 0.6068 | LR: 2.10194e-05 | Progress: 51% | Step: 96/190
2026-05-18 06:11:21 INFO Epoch Progress | Epoch: 23 | Loss: 0.6116 | LR: 2.03508e-05 | Progress: 76% | Step: 144/190
2026-05-18 06:12:27 INFO Epoch Progress | Epoch: 23 | Loss: 0.6167 | LR: 1.97177e-05 | Progress: 100% | Step: 190/190
2026-05-18 06:16:05 INFO CSV Written | Epoch: 23
2026-05-18 06:16:05 INFO Epoch Done | Epoch: 23 | Time: 512.1244 | Train Loss: 0.6119 | Val Accuracy: 0.8644 | Val AUPRC: 0.9314 | Val Auroc: 0.9322 | Val F1: 0.8644 | Val Loss: 0.4135
2026-05-18 06:16:05 INFO Epoch Start | Epoch: 24
2026-05-18 06:16:17 INFO Epoch Progress | Epoch: 24 | Loss: 0.5648 | LR: 1.9704e-05 | Progress: 1% | Step: 1/190
2026-05-18 06:17:28 INFO Epoch Progress | Epoch: 24 | Loss: 0.5918 | LR: 1.9065e-05 | Progress: 25% | Step: 48/190
2026-05-18 06:18:41 INFO Epoch Progress | Epoch: 24 | Loss: 0.5996 | LR: 1.84209e-05 | Progress: 51% | Step: 96/190
2026-05-18 06:19:54 INFO Epoch Progress | Epoch: 24 | Loss: 0.6024 | LR: 1.77853e-05 | Progress: 76% | Step: 144/190
2026-05-18 06:21:02 INFO Epoch Progress | Epoch: 24 | Loss: 0.6030 | LR: 1.71844e-05 | Progress: 100% | Step: 190/190
2026-05-18 06:24:41 INFO CSV Written | Epoch: 24
2026-05-18 06:24:41 INFO Epoch Done | Epoch: 24 | Time: 515.8090 | Train Loss: 0.6001 | Val Accuracy: 0.8642 | Val AUPRC: 0.9301 | Val Auroc: 0.9313 | Val F1: 0.8650 | Val Loss: 0.4072
2026-05-18 06:24:41 INFO Epoch Start | Epoch: 25
2026-05-18 06:24:52 INFO Epoch Progress | Epoch: 25 | Loss: 0.6838 | LR: 1.71714e-05 | Progress: 1% | Step: 1/190
2026-05-18 06:26:04 INFO Epoch Progress | Epoch: 25 | Loss: 0.6157 | LR: 1.65662e-05 | Progress: 25% | Step: 48/190
2026-05-18 06:27:18 INFO Epoch Progress | Epoch: 25 | Loss: 0.6000 | LR: 1.59571e-05 | Progress: 51% | Step: 96/190
2026-05-18 06:28:31 INFO Epoch Progress | Epoch: 25 | Loss: 0.5915 | LR: 1.53572e-05 | Progress: 76% | Step: 144/190
2026-05-18 06:29:39 INFO Epoch Progress | Epoch: 25 | Loss: 0.5977 | LR: 1.47912e-05 | Progress: 100% | Step: 190/190
2026-05-18 06:33:20 INFO CSV Written | Epoch: 25
2026-05-18 06:33:20 INFO Epoch Done | Epoch: 25 | Time: 519.0032 | Train Loss: 0.5893 | Val Accuracy: 0.8638 | Val AUPRC: 0.9301 | Val Auroc: 0.9315 | Val F1: 0.8666 | Val Loss: 0.4051
2026-05-18 06:33:20 INFO Epoch Start | Epoch: 26
2026-05-18 06:33:32 INFO Epoch Progress | Epoch: 26 | Loss: 0.5677 | LR: 1.4779e-05 | Progress: 1% | Step: 1/190
2026-05-18 06:34:43 INFO Epoch Progress | Epoch: 26 | Loss: 0.5822 | LR: 1.421e-05 | Progress: 25% | Step: 48/190
2026-05-18 06:35:56 INFO Epoch Progress | Epoch: 26 | Loss: 0.5793 | LR: 1.36385e-05 | Progress: 51% | Step: 96/190
2026-05-18 06:37:09 INFO Epoch Progress | Epoch: 26 | Loss: 0.5809 | LR: 1.3077e-05 | Progress: 76% | Step: 144/190
2026-05-18 06:38:17 INFO Epoch Progress | Epoch: 26 | Loss: 0.5889 | LR: 1.25483e-05 | Progress: 100% | Step: 190/190
2026-05-18 06:41:53 INFO CSV Written | Epoch: 26
2026-05-18 06:41:53 INFO Epoch Done | Epoch: 26 | Time: 513.4152 | Train Loss: 0.5850 | Val Accuracy: 0.8657 | Val AUPRC: 0.9297 | Val Auroc: 0.9316 | Val F1: 0.8677 | Val Loss: 0.3976
2026-05-18 06:41:53 INFO Early Stop | Epoch: 26
2026-05-18 06:41:53 INFO Stage Done | Run Id: pair_context_gated_sn_d128_s47
2026-05-18 06:41:53 INFO Stage Start | Checkpoint: models/v3.1/train/pair_context_gated_sn_d128_s47/best_model.pth | Run Id: pair_context_gated_sn_d128_s47
2026-05-18 06:41:53 INFO Checkpoint Loaded | Path: models/v3.1/train/pair_context_gated_sn_d128_s47/best_model.pth
2026-05-18 06:41:53 INFO Decision Threshold | Mode: fixed | Value: 0.5000
2026-05-18 06:49:47 INFO Evaluation Metrics | Accuracy: 0.6270 | AUPRC: 0.7128 | Auroc: 0.6861 | F1: 0.6099 | Mcc: 0.2549 | Precision: 0.6393 | Recall: 0.5830 | Sensitivity: 0.5830 | Specificity: 0.6709 | Split: test
2026-05-18 06:49:47 INFO CSV Written | Path: logs/v3.1/evaluate/pair_context_gated_sn_d128_s47/evaluate.csv
2026-05-18 06:49:47 INFO Stage Done | Run Id: pair_context_gated_sn_d128_s47
[rank0]:[W518 06:49:48.647676551 ProcessGroupNCCL.cpp:1553] Warning: WARNING: destroy_process_group() was not called before program exit, which can leak resources. For more info, please see https://pytorch.org/docs/stable/distributed.html#shutdown (function operator())

*****************************************
Setting OMP_NUM_THREADS environment variable for each process to be 1 in default, to avoid your system being overloaded, please further tune the variable for optimal performance in your application as needed. 
*****************************************
INFO:src.pipeline.__main__:Loaded config: configs/v3-1/0517/pair_context_gated_sn_d256_s47.yaml
WARNING:accelerate.utils.other:[RANK 0] Detected kernel version 3.10.0, which is below the recommended minimum of 5.5.0; this can cause the process to hang. It is recommended to upgrade the kernel to the minimum version or higher.
WARNING:py.warnings:/public/home/wangar2023/grand/.venv/lib/python3.11/site-packages/torch/distributed/c10d_logger.py:83: UserWarning: barrier(): using the device under current context. You can specify `device_id` in `init_process_group` to mute this warning.
  return func(*args, **kwargs)

2026-05-18 06:52:00 INFO Pipeline Runtime | Device: cuda:0 | Distributed: True | Test Batches: 1691 | Train Batches: 812 | Valid Batches: 762 | World Size: 4
2026-05-18 06:52:00 INFO Stage Start | Run Id: pair_context_gated_sn_d256_s47
2026-05-18 06:52:02 INFO Train Config | Epochs: 50 | Monitor: auprc | Patience: 10
2026-05-18 06:52:02 INFO Epoch Start | Epoch: 1
2026-05-18 06:52:08 INFO Epoch Progress | Epoch: 1 | Loss: 0.7251 | LR: 4.00023e-06 | Progress: 0% | Step: 1/812
2026-05-18 06:53:41 INFO Epoch Progress | Epoch: 1 | Loss: 0.7122 | LR: 1.30844e-05 | Progress: 25% | Step: 203/812
2026-05-18 06:55:14 INFO Epoch Progress | Epoch: 1 | Loss: 0.7075 | LR: 3.704e-05 | Progress: 50% | Step: 406/812
2026-05-18 06:56:49 INFO Epoch Progress | Epoch: 1 | Loss: 0.6756 | LR: 6.65711e-05 | Progress: 75% | Step: 609/812
2026-05-18 06:58:23 INFO Epoch Progress | Epoch: 1 | Loss: 0.6354 | LR: 9.0675e-05 | Progress: 100% | Step: 812/812
2026-05-18 07:01:56 INFO CSV Written | Epoch: 1
WARNING:py.warnings:/public/home/wangar2023/grand/.venv/lib/python3.11/site-packages/deepspeed/runtime/zero/linear.py:47: FutureWarning: `torch.cuda.amp.custom_fwd(args...)` is deprecated. Please use `torch.amp.custom_fwd(args..., device_type='cuda')` instead.
  @autocast_custom_fwd

WARNING:py.warnings:/public/home/wangar2023/grand/.venv/lib/python3.11/site-packages/deepspeed/runtime/zero/linear.py:66: FutureWarning: `torch.cuda.amp.custom_bwd(args...)` is deprecated. Please use `torch.amp.custom_bwd(args..., device_type='cuda')` instead.
  @autocast_custom_bwd

2026-05-18 07:02:00 INFO Best Saved | Epoch: 1 | Monitor: val_auprc | Value: 0.8613
2026-05-18 07:02:00 INFO Epoch Done | Epoch: 1 | Time: 593.9639 | Train Loss: 0.6367 | Val Accuracy: 0.7784 | Val AUPRC: 0.8613 | Val Auroc: 0.8608 | Val F1: 0.7776 | Val Loss: 0.4946
2026-05-18 07:02:00 INFO Epoch Start | Epoch: 2
2026-05-18 07:02:03 INFO Epoch Progress | Epoch: 2 | Loss: 0.4930 | LR: 9.07628e-05 | Progress: 0% | Step: 1/812
2026-05-18 07:03:35 INFO Epoch Progress | Epoch: 2 | Loss: 0.4950 | LR: 9.99993e-05 | Progress: 25% | Step: 203/812
2026-05-18 07:05:06 INFO Epoch Progress | Epoch: 2 | Loss: 0.4881 | LR: 9.98803e-05 | Progress: 50% | Step: 406/812
2026-05-18 07:06:39 INFO Epoch Progress | Epoch: 2 | Loss: 0.4774 | LR: 9.95176e-05 | Progress: 75% | Step: 609/812
2026-05-18 07:08:10 INFO Epoch Progress | Epoch: 2 | Loss: 0.4709 | LR: 9.89136e-05 | Progress: 100% | Step: 812/812
2026-05-18 07:11:46 INFO CSV Written | Epoch: 2
2026-05-18 07:11:46 INFO Best Saved | Epoch: 2 | Monitor: val_auprc | Value: 0.9018
2026-05-18 07:11:46 INFO Epoch Done | Epoch: 2 | Time: 585.7293 | Train Loss: 0.4699 | Val Accuracy: 0.8147 | Val AUPRC: 0.9018 | Val Auroc: 0.8981 | Val F1: 0.8162 | Val Loss: 0.4391
2026-05-18 07:11:46 INFO Epoch Start | Epoch: 3
2026-05-18 07:11:48 INFO Epoch Progress | Epoch: 3 | Loss: 0.3257 | LR: 9.89101e-05 | Progress: 0% | Step: 1/812
2026-05-18 07:13:20 INFO Epoch Progress | Epoch: 3 | Loss: 0.4410 | LR: 9.80714e-05 | Progress: 25% | Step: 203/812
2026-05-18 07:14:51 INFO Epoch Progress | Epoch: 3 | Loss: 0.4345 | LR: 9.69949e-05 | Progress: 50% | Step: 406/812
2026-05-18 07:16:22 INFO Epoch Progress | Epoch: 3 | Loss: 0.4294 | LR: 9.56895e-05 | Progress: 75% | Step: 609/812
2026-05-18 07:17:54 INFO Epoch Progress | Epoch: 3 | Loss: 0.4255 | LR: 9.41615e-05 | Progress: 100% | Step: 812/812
2026-05-18 07:21:35 INFO CSV Written | Epoch: 3
2026-05-18 07:21:35 INFO Best Saved | Epoch: 3 | Monitor: val_auprc | Value: 0.9182
2026-05-18 07:21:35 INFO Epoch Done | Epoch: 3 | Time: 588.8930 | Train Loss: 0.4237 | Val Accuracy: 0.8331 | Val AUPRC: 0.9182 | Val Auroc: 0.9162 | Val F1: 0.8336 | Val Loss: 0.4091
2026-05-18 07:21:35 INFO Epoch Start | Epoch: 4
2026-05-18 07:21:37 INFO Epoch Progress | Epoch: 4 | Loss: 0.3858 | LR: 9.41535e-05 | Progress: 0% | Step: 1/812
2026-05-18 07:23:09 INFO Epoch Progress | Epoch: 4 | Loss: 0.3910 | LR: 9.24275e-05 | Progress: 25% | Step: 203/812
2026-05-18 07:24:40 INFO Epoch Progress | Epoch: 4 | Loss: 0.3900 | LR: 9.04787e-05 | Progress: 50% | Step: 406/812
2026-05-18 07:26:12 INFO Epoch Progress | Epoch: 4 | Loss: 0.3907 | LR: 8.83326e-05 | Progress: 75% | Step: 609/812
2026-05-18 07:27:43 INFO Epoch Progress | Epoch: 4 | Loss: 0.3891 | LR: 8.59999e-05 | Progress: 100% | Step: 812/812
2026-05-18 07:31:22 INFO CSV Written | Epoch: 4
2026-05-18 07:31:22 INFO Best Saved | Epoch: 4 | Monitor: val_auprc | Value: 0.9228
2026-05-18 07:31:22 INFO Epoch Done | Epoch: 4 | Time: 587.4095 | Train Loss: 0.3891 | Val Accuracy: 0.8438 | Val AUPRC: 0.9228 | Val Auroc: 0.9231 | Val F1: 0.8458 | Val Loss: 0.3997
2026-05-18 07:31:22 INFO Epoch Start | Epoch: 5
2026-05-18 07:31:25 INFO Epoch Progress | Epoch: 5 | Loss: 0.2897 | LR: 8.59879e-05 | Progress: 0% | Step: 1/812
2026-05-18 07:32:57 INFO Epoch Progress | Epoch: 5 | Loss: 0.3632 | LR: 8.34917e-05 | Progress: 25% | Step: 203/812
2026-05-18 07:34:31 INFO Epoch Progress | Epoch: 5 | Loss: 0.3633 | LR: 8.08204e-05 | Progress: 50% | Step: 406/812
2026-05-18 07:36:06 INFO Epoch Progress | Epoch: 5 | Loss: 0.3633 | LR: 7.79989e-05 | Progress: 75% | Step: 609/812
2026-05-18 07:37:39 INFO Epoch Progress | Epoch: 5 | Loss: 0.3628 | LR: 7.5041e-05 | Progress: 100% | Step: 812/812
2026-05-18 07:41:17 INFO CSV Written | Epoch: 5
2026-05-18 07:41:17 INFO Best Saved | Epoch: 5 | Monitor: val_auprc | Value: 0.9313
2026-05-18 07:41:17 INFO Epoch Done | Epoch: 5 | Time: 594.6231 | Train Loss: 0.3632 | Val Accuracy: 0.8507 | Val AUPRC: 0.9313 | Val Auroc: 0.9310 | Val F1: 0.8557 | Val Loss: 0.3874
2026-05-18 07:41:17 INFO Epoch Start | Epoch: 6
2026-05-18 07:41:32 INFO Epoch Progress | Epoch: 6 | Loss: 0.8172 | LR: 7.50262e-05 | Progress: 1% | Step: 1/190
2026-05-18 07:42:50 INFO Epoch Progress | Epoch: 6 | Loss: 0.7218 | LR: 7.43233e-05 | Progress: 25% | Step: 48/190
2026-05-18 07:44:09 INFO Epoch Progress | Epoch: 6 | Loss: 0.7034 | LR: 7.35988e-05 | Progress: 51% | Step: 96/190
2026-05-18 07:45:28 INFO Epoch Progress | Epoch: 6 | Loss: 0.6969 | LR: 7.2868e-05 | Progress: 76% | Step: 144/190
2026-05-18 07:46:41 INFO Epoch Progress | Epoch: 6 | Loss: 0.6938 | LR: 7.21618e-05 | Progress: 100% | Step: 190/190
2026-05-18 07:50:22 INFO CSV Written | Epoch: 6
2026-05-18 07:50:22 INFO Best Saved | Epoch: 6 | Monitor: val_auprc | Value: 0.9365
2026-05-18 07:50:22 INFO Epoch Done | Epoch: 6 | Time: 544.9227 | Train Loss: 0.6943 | Val Accuracy: 0.8602 | Val AUPRC: 0.9365 | Val Auroc: 0.9360 | Val F1: 0.8612 | Val Loss: 0.5129
2026-05-18 07:50:22 INFO Epoch Start | Epoch: 7
2026-05-18 07:50:34 INFO Epoch Progress | Epoch: 7 | Loss: 0.6709 | LR: 7.21463e-05 | Progress: 1% | Step: 1/190
2026-05-18 07:51:52 INFO Epoch Progress | Epoch: 7 | Loss: 0.6820 | LR: 7.14189e-05 | Progress: 25% | Step: 48/190
2026-05-18 07:53:10 INFO Epoch Progress | Epoch: 7 | Loss: 0.6826 | LR: 7.06702e-05 | Progress: 51% | Step: 96/190
2026-05-18 07:54:28 INFO Epoch Progress | Epoch: 7 | Loss: 0.6839 | LR: 6.99159e-05 | Progress: 76% | Step: 144/190
2026-05-18 07:55:42 INFO Epoch Progress | Epoch: 7 | Loss: 0.6842 | LR: 6.91879e-05 | Progress: 100% | Step: 190/190
2026-05-18 07:59:23 INFO CSV Written | Epoch: 7
2026-05-18 07:59:24 INFO Best Saved | Epoch: 7 | Monitor: val_auprc | Value: 0.9373
2026-05-18 07:59:24 INFO Epoch Done | Epoch: 7 | Time: 541.2073 | Train Loss: 0.6825 | Val Accuracy: 0.8617 | Val AUPRC: 0.9373 | Val Auroc: 0.9373 | Val F1: 0.8654 | Val Loss: 0.4791
2026-05-18 07:59:24 INFO Epoch Start | Epoch: 8
2026-05-18 07:59:34 INFO Epoch Progress | Epoch: 8 | Loss: 0.7113 | LR: 6.9172e-05 | Progress: 1% | Step: 1/190
2026-05-18 08:00:51 INFO Epoch Progress | Epoch: 8 | Loss: 0.6690 | LR: 6.84231e-05 | Progress: 25% | Step: 48/190
2026-05-18 08:02:09 INFO Epoch Progress | Epoch: 8 | Loss: 0.6731 | LR: 6.76534e-05 | Progress: 51% | Step: 96/190
2026-05-18 08:03:28 INFO Epoch Progress | Epoch: 8 | Loss: 0.6711 | LR: 6.68788e-05 | Progress: 76% | Step: 144/190
2026-05-18 08:04:40 INFO Epoch Progress | Epoch: 8 | Loss: 0.6734 | LR: 6.61321e-05 | Progress: 100% | Step: 190/190
2026-05-18 08:08:22 INFO CSV Written | Epoch: 8
2026-05-18 08:08:22 INFO Epoch Done | Epoch: 8 | Time: 538.3284 | Train Loss: 0.6711 | Val Accuracy: 0.8623 | Val AUPRC: 0.9355 | Val Auroc: 0.9361 | Val F1: 0.8653 | Val Loss: 0.4853
2026-05-18 08:08:22 INFO Epoch Start | Epoch: 9
2026-05-18 08:08:30 INFO Epoch Progress | Epoch: 9 | Loss: 0.5877 | LR: 6.61159e-05 | Progress: 1% | Step: 1/190
2026-05-18 08:09:48 INFO Epoch Progress | Epoch: 9 | Loss: 0.6531 | LR: 6.53487e-05 | Progress: 25% | Step: 48/190
2026-05-18 08:11:04 INFO Epoch Progress | Epoch: 9 | Loss: 0.6559 | LR: 6.45612e-05 | Progress: 51% | Step: 96/190
2026-05-18 08:12:22 INFO Epoch Progress | Epoch: 9 | Loss: 0.6580 | LR: 6.37696e-05 | Progress: 76% | Step: 144/190
2026-05-18 08:13:33 INFO Epoch Progress | Epoch: 9 | Loss: 0.6577 | LR: 6.30075e-05 | Progress: 100% | Step: 190/190
2026-05-18 08:17:17 INFO CSV Written | Epoch: 9
2026-05-18 08:17:17 INFO Epoch Done | Epoch: 9 | Time: 535.5442 | Train Loss: 0.6548 | Val Accuracy: 0.8620 | Val AUPRC: 0.9354 | Val Auroc: 0.9359 | Val F1: 0.8610 | Val Loss: 0.4796
2026-05-18 08:17:17 INFO Epoch Start | Epoch: 10
2026-05-18 08:17:29 INFO Epoch Progress | Epoch: 10 | Loss: 0.6705 | LR: 6.29909e-05 | Progress: 1% | Step: 1/190
2026-05-18 08:18:45 INFO Epoch Progress | Epoch: 10 | Loss: 0.6452 | LR: 6.22088e-05 | Progress: 25% | Step: 48/190
2026-05-18 08:20:04 INFO Epoch Progress | Epoch: 10 | Loss: 0.6399 | LR: 6.14068e-05 | Progress: 51% | Step: 96/190
2026-05-18 08:21:22 INFO Epoch Progress | Epoch: 10 | Loss: 0.6383 | LR: 6.06017e-05 | Progress: 76% | Step: 144/190
2026-05-18 08:22:34 INFO Epoch Progress | Epoch: 10 | Loss: 0.6409 | LR: 5.98274e-05 | Progress: 100% | Step: 190/190
2026-05-18 08:26:11 INFO CSV Written | Epoch: 10
2026-05-18 08:26:11 INFO Epoch Done | Epoch: 10 | Time: 533.7641 | Train Loss: 0.6362 | Val Accuracy: 0.8653 | Val AUPRC: 0.9357 | Val Auroc: 0.9367 | Val F1: 0.8677 | Val Loss: 0.4468
2026-05-18 08:26:11 INFO Epoch Start | Epoch: 11
2026-05-18 08:26:23 INFO Epoch Progress | Epoch: 11 | Loss: 0.5371 | LR: 5.98105e-05 | Progress: 1% | Step: 1/190
2026-05-18 08:27:40 INFO Epoch Progress | Epoch: 11 | Loss: 0.6138 | LR: 5.90168e-05 | Progress: 25% | Step: 48/190
2026-05-18 08:28:58 INFO Epoch Progress | Epoch: 11 | Loss: 0.6268 | LR: 5.82038e-05 | Progress: 51% | Step: 96/190
2026-05-18 08:30:17 INFO Epoch Progress | Epoch: 11 | Loss: 0.6233 | LR: 5.73885e-05 | Progress: 76% | Step: 144/190
2026-05-18 08:31:30 INFO Epoch Progress | Epoch: 11 | Loss: 0.6274 | LR: 5.66053e-05 | Progress: 100% | Step: 190/190
2026-05-18 08:35:09 INFO CSV Written | Epoch: 11
2026-05-18 08:35:09 INFO Epoch Done | Epoch: 11 | Time: 537.7266 | Train Loss: 0.6210 | Val Accuracy: 0.8629 | Val AUPRC: 0.9356 | Val Auroc: 0.9349 | Val F1: 0.8627 | Val Loss: 0.4377
2026-05-18 08:35:09 INFO Epoch Start | Epoch: 12
2026-05-18 08:35:21 INFO Epoch Progress | Epoch: 12 | Loss: 0.5773 | LR: 5.65883e-05 | Progress: 1% | Step: 1/190
2026-05-18 08:36:38 INFO Epoch Progress | Epoch: 12 | Loss: 0.6054 | LR: 5.57863e-05 | Progress: 25% | Step: 48/190
2026-05-18 08:37:56 INFO Epoch Progress | Epoch: 12 | Loss: 0.6072 | LR: 5.49657e-05 | Progress: 51% | Step: 96/190
2026-05-18 08:39:14 INFO Epoch Progress | Epoch: 12 | Loss: 0.6085 | LR: 5.41438e-05 | Progress: 76% | Step: 144/190
2026-05-18 08:40:26 INFO Epoch Progress | Epoch: 12 | Loss: 0.6057 | LR: 5.33551e-05 | Progress: 100% | Step: 190/190
2026-05-18 08:44:05 INFO CSV Written | Epoch: 12
2026-05-18 08:44:05 INFO Epoch Done | Epoch: 12 | Time: 535.6429 | Train Loss: 0.5997 | Val Accuracy: 0.8656 | Val AUPRC: 0.9330 | Val Auroc: 0.9345 | Val F1: 0.8671 | Val Loss: 0.4189
2026-05-18 08:44:05 INFO Epoch Start | Epoch: 13
2026-05-18 08:44:17 INFO Epoch Progress | Epoch: 13 | Loss: 0.5884 | LR: 5.33379e-05 | Progress: 1% | Step: 1/190
2026-05-18 08:45:33 INFO Epoch Progress | Epoch: 13 | Loss: 0.5663 | LR: 5.25311e-05 | Progress: 25% | Step: 48/190
2026-05-18 08:46:50 INFO Epoch Progress | Epoch: 13 | Loss: 0.5730 | LR: 5.17065e-05 | Progress: 51% | Step: 96/190
2026-05-18 08:48:07 INFO Epoch Progress | Epoch: 13 | Loss: 0.5772 | LR: 5.08986e-05 | Progress: 76% | Step: 144/190
2026-05-18 08:49:19 INFO Epoch Progress | Epoch: 13 | Loss: 0.5815 | LR: 5.01077e-05 | Progress: 100% | Step: 190/190
2026-05-18 08:52:57 INFO CSV Written | Epoch: 13
2026-05-18 08:52:57 INFO Epoch Done | Epoch: 13 | Time: 532.7919 | Train Loss: 0.5730 | Val Accuracy: 0.8669 | Val AUPRC: 0.9312 | Val Auroc: 0.9343 | Val F1: 0.8700 | Val Loss: 0.4058
2026-05-18 08:52:57 INFO Epoch Start | Epoch: 14
2026-05-18 08:53:09 INFO Epoch Progress | Epoch: 14 | Loss: 0.4277 | LR: 5.00905e-05 | Progress: 1% | Step: 1/190
2026-05-18 08:54:26 INFO Epoch Progress | Epoch: 14 | Loss: 0.5493 | LR: 4.92823e-05 | Progress: 25% | Step: 48/190
2026-05-18 08:55:44 INFO Epoch Progress | Epoch: 14 | Loss: 0.5564 | LR: 4.84572e-05 | Progress: 51% | Step: 96/190
2026-05-18 08:57:02 INFO Epoch Progress | Epoch: 14 | Loss: 0.5549 | LR: 4.76324e-05 | Progress: 76% | Step: 144/190
2026-05-18 08:58:16 INFO Epoch Progress | Epoch: 14 | Loss: 0.5569 | LR: 4.68427e-05 | Progress: 100% | Step: 190/190
2026-05-18 09:02:00 INFO CSV Written | Epoch: 14
2026-05-18 09:02:00 INFO Epoch Done | Epoch: 14 | Time: 542.8191 | Train Loss: 0.5523 | Val Accuracy: 0.8676 | Val AUPRC: 0.9347 | Val Auroc: 0.9362 | Val F1: 0.8682 | Val Loss: 0.3951
2026-05-18 09:02:00 INFO Epoch Start | Epoch: 15
2026-05-18 09:02:12 INFO Epoch Progress | Epoch: 15 | Loss: 0.6716 | LR: 4.68255e-05 | Progress: 1% | Step: 1/190
2026-05-18 09:03:30 INFO Epoch Progress | Epoch: 15 | Loss: 0.5186 | LR: 4.60194e-05 | Progress: 25% | Step: 48/190
2026-05-18 09:04:48 INFO Epoch Progress | Epoch: 15 | Loss: 0.5166 | LR: 4.51972e-05 | Progress: 51% | Step: 96/190
2026-05-18 09:06:07 INFO Epoch Progress | Epoch: 15 | Loss: 0.5208 | LR: 4.43764e-05 | Progress: 76% | Step: 144/190
2026-05-18 09:07:20 INFO Epoch Progress | Epoch: 15 | Loss: 0.5301 | LR: 4.35911e-05 | Progress: 100% | Step: 190/190
2026-05-18 09:10:56 INFO CSV Written | Epoch: 15
2026-05-18 09:10:56 INFO Epoch Done | Epoch: 15 | Time: 535.2737 | Train Loss: 0.5259 | Val Accuracy: 0.8663 | Val AUPRC: 0.9309 | Val Auroc: 0.9345 | Val F1: 0.8666 | Val Loss: 0.3932
2026-05-18 09:10:56 INFO Epoch Start | Epoch: 16
2026-05-18 09:11:07 INFO Epoch Progress | Epoch: 16 | Loss: 0.6065 | LR: 4.35741e-05 | Progress: 1% | Step: 1/190
2026-05-18 09:12:42 INFO Epoch Progress | Epoch: 16 | Loss: 0.4873 | LR: 4.27735e-05 | Progress: 25% | Step: 48/190
2026-05-18 09:14:19 INFO Epoch Progress | Epoch: 16 | Loss: 0.4924 | LR: 4.19578e-05 | Progress: 51% | Step: 96/190
2026-05-18 09:15:57 INFO Epoch Progress | Epoch: 16 | Loss: 0.5055 | LR: 4.11443e-05 | Progress: 76% | Step: 144/190
2026-05-18 09:17:14 INFO Epoch Progress | Epoch: 16 | Loss: 0.5049 | LR: 4.0367e-05 | Progress: 100% | Step: 190/190
2026-05-18 09:20:51 INFO CSV Written | Epoch: 16
2026-05-18 09:20:51 INFO Epoch Done | Epoch: 16 | Time: 595.0324 | Train Loss: 0.4996 | Val Accuracy: 0.8683 | Val AUPRC: 0.9259 | Val Auroc: 0.9302 | Val F1: 0.8685 | Val Loss: 0.3888
2026-05-18 09:20:51 INFO Epoch Start | Epoch: 17
2026-05-18 09:21:01 INFO Epoch Progress | Epoch: 17 | Loss: 0.2793 | LR: 4.03501e-05 | Progress: 1% | Step: 1/190
2026-05-18 09:22:19 INFO Epoch Progress | Epoch: 17 | Loss: 0.4427 | LR: 3.95584e-05 | Progress: 25% | Step: 48/190
2026-05-18 09:23:38 INFO Epoch Progress | Epoch: 17 | Loss: 0.4775 | LR: 3.87527e-05 | Progress: 51% | Step: 96/190
2026-05-18 09:24:57 INFO Epoch Progress | Epoch: 17 | Loss: 0.4758 | LR: 3.795e-05 | Progress: 76% | Step: 144/190
2026-05-18 09:26:11 INFO Epoch Progress | Epoch: 17 | Loss: 0.4812 | LR: 3.71839e-05 | Progress: 100% | Step: 190/190
2026-05-18 09:29:48 INFO CSV Written | Epoch: 17
2026-05-18 09:29:48 INFO Epoch Done | Epoch: 17 | Time: 537.7234 | Train Loss: 0.4754 | Val Accuracy: 0.8692 | Val AUPRC: 0.9273 | Val Auroc: 0.9318 | Val F1: 0.8710 | Val Loss: 0.3858
2026-05-18 09:29:48 INFO Early Stop | Epoch: 17
2026-05-18 09:29:48 INFO Stage Done | Run Id: pair_context_gated_sn_d256_s47
2026-05-18 09:29:48 INFO Stage Start | Checkpoint: models/v3.1/train/pair_context_gated_sn_d256_s47/best_model.pth | Run Id: pair_context_gated_sn_d256_s47
2026-05-18 09:29:48 INFO Checkpoint Loaded | Path: models/v3.1/train/pair_context_gated_sn_d256_s47/best_model.pth
2026-05-18 09:29:48 INFO Decision Threshold | Mode: fixed | Value: 0.5000
2026-05-18 09:37:29 INFO Evaluation Metrics | Accuracy: 0.6271 | AUPRC: 0.7146 | Auroc: 0.6873 | F1: 0.6225 | Mcc: 0.2543 | Precision: 0.6304 | Recall: 0.6149 | Sensitivity: 0.6149 | Specificity: 0.6394 | Split: test
2026-05-18 09:37:29 INFO CSV Written | Path: logs/v3.1/evaluate/pair_context_gated_sn_d256_s47/evaluate.csv
2026-05-18 09:37:29 INFO Stage Done | Run Id: pair_context_gated_sn_d256_s47
[rank0]:[W518 09:37:30.644541983 ProcessGroupNCCL.cpp:1553] Warning: WARNING: destroy_process_group() was not called before program exit, which can leak resources. For more info, please see https://pytorch.org/docs/stable/distributed.html#shutdown (function operator())

*****************************************
Setting OMP_NUM_THREADS environment variable for each process to be 1 in default, to avoid your system being overloaded, please further tune the variable for optimal performance in your application as needed. 
*****************************************
INFO:src.pipeline.__main__:Loaded config: configs/v3-1/0517/pair_context_gated_sn_d512_s47.yaml
WARNING:accelerate.utils.other:[RANK 0] Detected kernel version 3.10.0, which is below the recommended minimum of 5.5.0; this can cause the process to hang. It is recommended to upgrade the kernel to the minimum version or higher.
WARNING:py.warnings:/public/home/wangar2023/grand/.venv/lib/python3.11/site-packages/torch/distributed/c10d_logger.py:83: UserWarning: barrier(): using the device under current context. You can specify `device_id` in `init_process_group` to mute this warning.
  return func(*args, **kwargs)

2026-05-18 09:39:37 INFO Pipeline Runtime | Device: cuda:0 | Distributed: True | Test Batches: 1691 | Train Batches: 812 | Valid Batches: 762 | World Size: 4
2026-05-18 09:39:37 INFO Stage Start | Run Id: pair_context_gated_sn_d512_s47
2026-05-18 09:39:38 INFO Train Config | Epochs: 50 | Monitor: auprc | Patience: 10
2026-05-18 09:39:38 INFO Epoch Start | Epoch: 1
2026-05-18 09:39:44 INFO Epoch Progress | Epoch: 1 | Loss: 0.7305 | LR: 4.00023e-06 | Progress: 0% | Step: 1/812
2026-05-18 09:41:43 INFO Epoch Progress | Epoch: 1 | Loss: 0.7099 | LR: 1.31716e-05 | Progress: 25% | Step: 203/812
2026-05-18 09:43:42 INFO Epoch Progress | Epoch: 1 | Loss: 0.6657 | LR: 3.68989e-05 | Progress: 50% | Step: 406/812
2026-05-18 09:45:42 INFO Epoch Progress | Epoch: 1 | Loss: 0.6251 | LR: 6.65711e-05 | Progress: 75% | Step: 609/812
2026-05-18 09:47:41 INFO Epoch Progress | Epoch: 1 | Loss: 0.5947 | LR: 9.0675e-05 | Progress: 100% | Step: 812/812
2026-05-18 09:51:22 INFO CSV Written | Epoch: 1
WARNING:py.warnings:/public/home/wangar2023/grand/.venv/lib/python3.11/site-packages/deepspeed/runtime/zero/linear.py:47: FutureWarning: `torch.cuda.amp.custom_fwd(args...)` is deprecated. Please use `torch.amp.custom_fwd(args..., device_type='cuda')` instead.
  @autocast_custom_fwd

WARNING:py.warnings:/public/home/wangar2023/grand/.venv/lib/python3.11/site-packages/deepspeed/runtime/zero/linear.py:66: FutureWarning: `torch.cuda.amp.custom_bwd(args...)` is deprecated. Please use `torch.amp.custom_bwd(args..., device_type='cuda')` instead.
  @autocast_custom_bwd

2026-05-18 09:51:27 INFO Best Saved | Epoch: 1 | Monitor: val_auprc | Value: 0.8683
2026-05-18 09:51:27 INFO Epoch Done | Epoch: 1 | Time: 704.0114 | Train Loss: 0.5921 | Val Accuracy: 0.7871 | Val AUPRC: 0.8683 | Val Auroc: 0.8685 | Val F1: 0.7909 | Val Loss: 0.4907
2026-05-18 09:51:27 INFO Epoch Start | Epoch: 2
2026-05-18 09:51:29 INFO Epoch Progress | Epoch: 2 | Loss: 0.4707 | LR: 9.07628e-05 | Progress: 0% | Step: 1/812
2026-05-18 09:53:29 INFO Epoch Progress | Epoch: 2 | Loss: 0.4830 | LR: 9.99993e-05 | Progress: 25% | Step: 203/812
2026-05-18 09:55:30 INFO Epoch Progress | Epoch: 2 | Loss: 0.4768 | LR: 9.98803e-05 | Progress: 50% | Step: 406/812
2026-05-18 09:57:31 INFO Epoch Progress | Epoch: 2 | Loss: 0.4672 | LR: 9.95176e-05 | Progress: 75% | Step: 609/812
2026-05-18 09:59:31 INFO Epoch Progress | Epoch: 2 | Loss: 0.4588 | LR: 9.89136e-05 | Progress: 100% | Step: 812/812
2026-05-18 10:03:11 INFO CSV Written | Epoch: 2
2026-05-18 10:03:11 INFO Best Saved | Epoch: 2 | Monitor: val_auprc | Value: 0.9078
2026-05-18 10:03:11 INFO Epoch Done | Epoch: 2 | Time: 704.0961 | Train Loss: 0.4555 | Val Accuracy: 0.8225 | Val AUPRC: 0.9078 | Val Auroc: 0.9048 | Val F1: 0.8225 | Val Loss: 0.4342
2026-05-18 10:03:11 INFO Epoch Start | Epoch: 3
2026-05-18 10:03:14 INFO Epoch Progress | Epoch: 3 | Loss: 0.3806 | LR: 9.89101e-05 | Progress: 0% | Step: 1/812
2026-05-18 10:05:14 INFO Epoch Progress | Epoch: 3 | Loss: 0.4142 | LR: 9.80714e-05 | Progress: 25% | Step: 203/812
2026-05-18 10:07:14 INFO Epoch Progress | Epoch: 3 | Loss: 0.4108 | LR: 9.69949e-05 | Progress: 50% | Step: 406/812
2026-05-18 10:09:14 INFO Epoch Progress | Epoch: 3 | Loss: 0.4042 | LR: 9.56895e-05 | Progress: 75% | Step: 609/812
2026-05-18 10:11:13 INFO Epoch Progress | Epoch: 3 | Loss: 0.4004 | LR: 9.41615e-05 | Progress: 100% | Step: 812/812
2026-05-18 10:15:04 INFO CSV Written | Epoch: 3
2026-05-18 10:15:04 INFO Best Saved | Epoch: 3 | Monitor: val_auprc | Value: 0.9252
2026-05-18 10:15:04 INFO Epoch Done | Epoch: 3 | Time: 712.8420 | Train Loss: 0.3990 | Val Accuracy: 0.8437 | Val AUPRC: 0.9252 | Val Auroc: 0.9239 | Val F1: 0.8430 | Val Loss: 0.3957
2026-05-18 10:15:04 INFO Epoch Start | Epoch: 4
2026-05-18 10:15:07 INFO Epoch Progress | Epoch: 4 | Loss: 0.3193 | LR: 9.41535e-05 | Progress: 0% | Step: 1/812
2026-05-18 10:17:06 INFO Epoch Progress | Epoch: 4 | Loss: 0.3568 | LR: 9.24275e-05 | Progress: 25% | Step: 203/812
2026-05-18 10:19:06 INFO Epoch Progress | Epoch: 4 | Loss: 0.3585 | LR: 9.04787e-05 | Progress: 50% | Step: 406/812
2026-05-18 10:21:06 INFO Epoch Progress | Epoch: 4 | Loss: 0.3619 | LR: 8.83326e-05 | Progress: 75% | Step: 609/812
2026-05-18 10:23:07 INFO Epoch Progress | Epoch: 4 | Loss: 0.3618 | LR: 8.59999e-05 | Progress: 100% | Step: 812/812
2026-05-18 10:26:52 INFO CSV Written | Epoch: 4
2026-05-18 10:26:52 INFO Best Saved | Epoch: 4 | Monitor: val_auprc | Value: 0.9331
2026-05-18 10:26:52 INFO Epoch Done | Epoch: 4 | Time: 707.2881 | Train Loss: 0.3607 | Val Accuracy: 0.8549 | Val AUPRC: 0.9331 | Val Auroc: 0.9326 | Val F1: 0.8571 | Val Loss: 0.3792
2026-05-18 10:26:52 INFO Epoch Start | Epoch: 5
2026-05-18 10:26:55 INFO Epoch Progress | Epoch: 5 | Loss: 0.3264 | LR: 8.59879e-05 | Progress: 0% | Step: 1/812
2026-05-18 10:28:54 INFO Epoch Progress | Epoch: 5 | Loss: 0.3289 | LR: 8.34917e-05 | Progress: 25% | Step: 203/812
2026-05-18 10:30:54 INFO Epoch Progress | Epoch: 5 | Loss: 0.3321 | LR: 8.08204e-05 | Progress: 50% | Step: 406/812
2026-05-18 10:32:54 INFO Epoch Progress | Epoch: 5 | Loss: 0.3346 | LR: 7.79989e-05 | Progress: 75% | Step: 609/812
2026-05-18 10:34:54 INFO Epoch Progress | Epoch: 5 | Loss: 0.3337 | LR: 7.5041e-05 | Progress: 100% | Step: 812/812
2026-05-18 10:38:37 INFO CSV Written | Epoch: 5
2026-05-18 10:38:37 INFO Best Saved | Epoch: 5 | Monitor: val_auprc | Value: 0.9408
2026-05-18 10:38:37 INFO Epoch Done | Epoch: 5 | Time: 704.8974 | Train Loss: 0.3313 | Val Accuracy: 0.8652 | Val AUPRC: 0.9408 | Val Auroc: 0.9415 | Val F1: 0.8678 | Val Loss: 0.3657
2026-05-18 10:38:37 INFO Epoch Start | Epoch: 6
2026-05-18 10:38:51 INFO Epoch Progress | Epoch: 6 | Loss: 0.6002 | LR: 7.50262e-05 | Progress: 1% | Step: 1/190
2026-05-18 10:40:26 INFO Epoch Progress | Epoch: 6 | Loss: 0.6797 | LR: 7.43233e-05 | Progress: 25% | Step: 48/190
2026-05-18 10:42:01 INFO Epoch Progress | Epoch: 6 | Loss: 0.6611 | LR: 7.35988e-05 | Progress: 51% | Step: 96/190
2026-05-18 10:43:34 INFO Epoch Progress | Epoch: 6 | Loss: 0.6521 | LR: 7.2868e-05 | Progress: 76% | Step: 144/190
2026-05-18 10:45:03 INFO Epoch Progress | Epoch: 6 | Loss: 0.6500 | LR: 7.21618e-05 | Progress: 100% | Step: 190/190
2026-05-18 10:48:56 INFO CSV Written | Epoch: 6
2026-05-18 10:48:56 INFO Best Saved | Epoch: 6 | Monitor: val_auprc | Value: 0.9463
2026-05-18 10:48:56 INFO Epoch Done | Epoch: 6 | Time: 618.7239 | Train Loss: 0.6515 | Val Accuracy: 0.8748 | Val AUPRC: 0.9463 | Val Auroc: 0.9459 | Val F1: 0.8765 | Val Loss: 0.4246
2026-05-18 10:48:56 INFO Epoch Start | Epoch: 7
2026-05-18 10:49:08 INFO Epoch Progress | Epoch: 7 | Loss: 0.6224 | LR: 7.21463e-05 | Progress: 1% | Step: 1/190
2026-05-18 10:50:43 INFO Epoch Progress | Epoch: 7 | Loss: 0.5973 | LR: 7.14189e-05 | Progress: 25% | Step: 48/190
2026-05-18 10:52:18 INFO Epoch Progress | Epoch: 7 | Loss: 0.6097 | LR: 7.06702e-05 | Progress: 51% | Step: 96/190
2026-05-18 10:53:52 INFO Epoch Progress | Epoch: 7 | Loss: 0.6146 | LR: 6.99159e-05 | Progress: 76% | Step: 144/190
2026-05-18 10:55:21 INFO Epoch Progress | Epoch: 7 | Loss: 0.6195 | LR: 6.91879e-05 | Progress: 100% | Step: 190/190
2026-05-18 10:59:05 INFO CSV Written | Epoch: 7
2026-05-18 10:59:05 INFO Epoch Done | Epoch: 7 | Time: 609.0931 | Train Loss: 0.6156 | Val Accuracy: 0.8731 | Val AUPRC: 0.9434 | Val Auroc: 0.9444 | Val F1: 0.8764 | Val Loss: 0.4225
2026-05-18 10:59:05 INFO Epoch Start | Epoch: 8
2026-05-18 10:59:16 INFO Epoch Progress | Epoch: 8 | Loss: 0.5985 | LR: 6.9172e-05 | Progress: 1% | Step: 1/190
2026-05-18 11:00:52 INFO Epoch Progress | Epoch: 8 | Loss: 0.5582 | LR: 6.84391e-05 | Progress: 25% | Step: 48/190
2026-05-18 11:02:28 INFO Epoch Progress | Epoch: 8 | Loss: 0.5808 | LR: 6.76694e-05 | Progress: 51% | Step: 96/190
2026-05-18 11:04:04 INFO Epoch Progress | Epoch: 8 | Loss: 0.5863 | LR: 6.6895e-05 | Progress: 76% | Step: 144/190
2026-05-18 11:05:36 INFO Epoch Progress | Epoch: 8 | Loss: 0.5872 | LR: 6.61484e-05 | Progress: 100% | Step: 190/190
2026-05-18 11:09:20 INFO CSV Written | Epoch: 8
2026-05-18 11:09:20 INFO Epoch Done | Epoch: 8 | Time: 614.9259 | Train Loss: 0.5859 | Val Accuracy: 0.8734 | Val AUPRC: 0.9446 | Val Auroc: 0.9449 | Val F1: 0.8727 | Val Loss: 0.4062
2026-05-18 11:09:20 INFO Epoch Start | Epoch: 9
2026-05-18 11:09:31 INFO Epoch Progress | Epoch: 9 | Loss: 0.4816 | LR: 6.61321e-05 | Progress: 1% | Step: 1/190
2026-05-18 11:11:06 INFO Epoch Progress | Epoch: 9 | Loss: 0.5449 | LR: 6.53651e-05 | Progress: 25% | Step: 48/190
2026-05-18 11:12:42 INFO Epoch Progress | Epoch: 9 | Loss: 0.5629 | LR: 6.45776e-05 | Progress: 51% | Step: 96/190
2026-05-18 11:14:20 INFO Epoch Progress | Epoch: 9 | Loss: 0.5644 | LR: 6.37861e-05 | Progress: 76% | Step: 144/190
2026-05-18 11:15:50 INFO Epoch Progress | Epoch: 9 | Loss: 0.5685 | LR: 6.30241e-05 | Progress: 100% | Step: 190/190
2026-05-18 11:19:36 INFO CSV Written | Epoch: 9
2026-05-18 11:19:36 INFO Epoch Done | Epoch: 9 | Time: 616.0043 | Train Loss: 0.5561 | Val Accuracy: 0.8768 | Val AUPRC: 0.9451 | Val Auroc: 0.9453 | Val F1: 0.8770 | Val Loss: 0.3896
2026-05-18 11:19:36 INFO Epoch Start | Epoch: 10
2026-05-18 11:19:48 INFO Epoch Progress | Epoch: 10 | Loss: 0.4669 | LR: 6.30075e-05 | Progress: 1% | Step: 1/190
2026-05-18 11:21:23 INFO Epoch Progress | Epoch: 10 | Loss: 0.5183 | LR: 6.22255e-05 | Progress: 25% | Step: 48/190
2026-05-18 11:23:00 INFO Epoch Progress | Epoch: 10 | Loss: 0.5208 | LR: 6.14236e-05 | Progress: 51% | Step: 96/190
2026-05-18 11:24:36 INFO Epoch Progress | Epoch: 10 | Loss: 0.5174 | LR: 6.06185e-05 | Progress: 76% | Step: 144/190
2026-05-18 11:26:08 INFO Epoch Progress | Epoch: 10 | Loss: 0.5205 | LR: 5.98443e-05 | Progress: 100% | Step: 190/190
2026-05-18 11:29:48 INFO CSV Written | Epoch: 10
2026-05-18 11:29:48 INFO Epoch Done | Epoch: 10 | Time: 611.5976 | Train Loss: 0.5229 | Val Accuracy: 0.8784 | Val AUPRC: 0.9415 | Val Auroc: 0.9427 | Val F1: 0.8785 | Val Loss: 0.3768
2026-05-18 11:29:48 INFO Epoch Start | Epoch: 11
2026-05-18 11:30:01 INFO Epoch Progress | Epoch: 11 | Loss: 0.4203 | LR: 5.98274e-05 | Progress: 1% | Step: 1/190
2026-05-18 11:31:35 INFO Epoch Progress | Epoch: 11 | Loss: 0.4741 | LR: 5.90337e-05 | Progress: 25% | Step: 48/190
2026-05-18 11:33:11 INFO Epoch Progress | Epoch: 11 | Loss: 0.4982 | LR: 5.82207e-05 | Progress: 51% | Step: 96/190
2026-05-18 11:34:44 INFO Epoch Progress | Epoch: 11 | Loss: 0.4970 | LR: 5.74055e-05 | Progress: 76% | Step: 144/190
2026-05-18 11:36:11 INFO Epoch Progress | Epoch: 11 | Loss: 0.4987 | LR: 5.66224e-05 | Progress: 100% | Step: 190/190
2026-05-18 11:39:56 INFO CSV Written | Epoch: 11
2026-05-18 11:39:56 INFO Epoch Done | Epoch: 11 | Time: 607.6247 | Train Loss: 0.4886 | Val Accuracy: 0.8772 | Val AUPRC: 0.9435 | Val Auroc: 0.9436 | Val F1: 0.8758 | Val Loss: 0.3728
2026-05-18 11:39:56 INFO Epoch Start | Epoch: 12
2026-05-18 11:40:08 INFO Epoch Progress | Epoch: 12 | Loss: 0.3921 | LR: 5.66053e-05 | Progress: 1% | Step: 1/190
2026-05-18 11:41:43 INFO Epoch Progress | Epoch: 12 | Loss: 0.4595 | LR: 5.58034e-05 | Progress: 25% | Step: 48/190
2026-05-18 11:43:18 INFO Epoch Progress | Epoch: 12 | Loss: 0.4485 | LR: 5.49828e-05 | Progress: 51% | Step: 96/190
2026-05-18 11:44:54 INFO Epoch Progress | Epoch: 12 | Loss: 0.4572 | LR: 5.41609e-05 | Progress: 76% | Step: 144/190
2026-05-18 11:46:24 INFO Epoch Progress | Epoch: 12 | Loss: 0.4587 | LR: 5.33722e-05 | Progress: 100% | Step: 190/190
2026-05-18 11:50:09 INFO CSV Written | Epoch: 12
2026-05-18 11:50:09 INFO Epoch Done | Epoch: 12 | Time: 613.2995 | Train Loss: 0.4510 | Val Accuracy: 0.8768 | Val AUPRC: 0.9380 | Val Auroc: 0.9386 | Val F1: 0.8772 | Val Loss: 0.3763
2026-05-18 11:50:09 INFO Epoch Start | Epoch: 13
2026-05-18 11:50:20 INFO Epoch Progress | Epoch: 13 | Loss: 0.2464 | LR: 5.33551e-05 | Progress: 1% | Step: 1/190
2026-05-18 11:51:55 INFO Epoch Progress | Epoch: 13 | Loss: 0.4202 | LR: 5.25483e-05 | Progress: 25% | Step: 48/190
2026-05-18 11:53:32 INFO Epoch Progress | Epoch: 13 | Loss: 0.4174 | LR: 5.17237e-05 | Progress: 51% | Step: 96/190
2026-05-18 11:55:07 INFO Epoch Progress | Epoch: 13 | Loss: 0.4255 | LR: 5.08986e-05 | Progress: 76% | Step: 144/190
2026-05-18 11:56:36 INFO Epoch Progress | Epoch: 13 | Loss: 0.4285 | LR: 5.01077e-05 | Progress: 100% | Step: 190/190
2026-05-18 12:00:22 INFO CSV Written | Epoch: 13
2026-05-18 12:00:22 INFO Epoch Done | Epoch: 13 | Time: 612.8884 | Train Loss: 0.4192 | Val Accuracy: 0.8777 | Val AUPRC: 0.9416 | Val Auroc: 0.9414 | Val F1: 0.8788 | Val Loss: 0.3690
2026-05-18 12:00:22 INFO Epoch Start | Epoch: 14
2026-05-18 12:00:34 INFO Epoch Progress | Epoch: 14 | Loss: 0.2938 | LR: 5.00905e-05 | Progress: 1% | Step: 1/190
2026-05-18 12:02:10 INFO Epoch Progress | Epoch: 14 | Loss: 0.3814 | LR: 4.92995e-05 | Progress: 25% | Step: 48/190
2026-05-18 12:03:46 INFO Epoch Progress | Epoch: 14 | Loss: 0.4022 | LR: 4.84744e-05 | Progress: 51% | Step: 96/190
2026-05-18 12:05:20 INFO Epoch Progress | Epoch: 14 | Loss: 0.3914 | LR: 4.76496e-05 | Progress: 76% | Step: 144/190
2026-05-18 12:06:47 INFO Epoch Progress | Epoch: 14 | Loss: 0.3916 | LR: 4.68598e-05 | Progress: 100% | Step: 190/190
2026-05-18 12:10:35 INFO CSV Written | Epoch: 14
2026-05-18 12:10:35 INFO Epoch Done | Epoch: 14 | Time: 613.6607 | Train Loss: 0.3842 | Val Accuracy: 0.8781 | Val AUPRC: 0.9411 | Val Auroc: 0.9417 | Val F1: 0.8793 | Val Loss: 0.3738
2026-05-18 12:10:35 INFO Epoch Start | Epoch: 15
2026-05-18 12:10:48 INFO Epoch Progress | Epoch: 15 | Loss: 0.5509 | LR: 4.68427e-05 | Progress: 1% | Step: 1/190
2026-05-18 12:12:24 INFO Epoch Progress | Epoch: 15 | Loss: 0.3493 | LR: 4.60365e-05 | Progress: 25% | Step: 48/190
2026-05-18 12:13:58 INFO Epoch Progress | Epoch: 15 | Loss: 0.3400 | LR: 4.52144e-05 | Progress: 51% | Step: 96/190
2026-05-18 12:15:35 INFO Epoch Progress | Epoch: 15 | Loss: 0.3552 | LR: 4.43935e-05 | Progress: 76% | Step: 144/190
2026-05-18 12:17:01 INFO Epoch Progress | Epoch: 15 | Loss: 0.3606 | LR: 4.36082e-05 | Progress: 100% | Step: 190/190
2026-05-18 12:20:49 INFO CSV Written | Epoch: 15
2026-05-18 12:20:49 INFO Epoch Done | Epoch: 15 | Time: 613.9392 | Train Loss: 0.3549 | Val Accuracy: 0.8787 | Val AUPRC: 0.9387 | Val Auroc: 0.9388 | Val F1: 0.8779 | Val Loss: 0.3773
2026-05-18 12:20:49 INFO Epoch Start | Epoch: 16
2026-05-18 12:21:02 INFO Epoch Progress | Epoch: 16 | Loss: 0.3827 | LR: 4.35911e-05 | Progress: 1% | Step: 1/190
2026-05-18 12:22:36 INFO Epoch Progress | Epoch: 16 | Loss: 0.3195 | LR: 4.27905e-05 | Progress: 25% | Step: 48/190
2026-05-18 12:24:12 INFO Epoch Progress | Epoch: 16 | Loss: 0.3196 | LR: 4.19748e-05 | Progress: 51% | Step: 96/190
2026-05-18 12:25:45 INFO Epoch Progress | Epoch: 16 | Loss: 0.3296 | LR: 4.11612e-05 | Progress: 76% | Step: 144/190
2026-05-18 12:27:14 INFO Epoch Progress | Epoch: 16 | Loss: 0.3324 | LR: 4.03838e-05 | Progress: 100% | Step: 190/190
2026-05-18 12:31:03 INFO CSV Written | Epoch: 16
2026-05-18 12:31:03 INFO Epoch Done | Epoch: 16 | Time: 613.5756 | Train Loss: 0.3279 | Val Accuracy: 0.8773 | Val AUPRC: 0.9328 | Val Auroc: 0.9367 | Val F1: 0.8788 | Val Loss: 0.3911
2026-05-18 12:31:03 INFO Early Stop | Epoch: 16
2026-05-18 12:31:03 INFO Stage Done | Run Id: pair_context_gated_sn_d512_s47
2026-05-18 12:31:03 INFO Stage Start | Checkpoint: models/v3.1/train/pair_context_gated_sn_d512_s47/best_model.pth | Run Id: pair_context_gated_sn_d512_s47
2026-05-18 12:31:03 INFO Checkpoint Loaded | Path: models/v3.1/train/pair_context_gated_sn_d512_s47/best_model.pth
2026-05-18 12:31:03 INFO Decision Threshold | Mode: fixed | Value: 0.5000
2026-05-18 12:38:59 INFO Evaluation Metrics | Accuracy: 0.6207 | AUPRC: 0.7065 | Auroc: 0.6778 | F1: 0.6171 | Mcc: 0.2414 | Precision: 0.6232 | Recall: 0.6111 | Sensitivity: 0.6111 | Specificity: 0.6303 | Split: test
2026-05-18 12:38:59 INFO CSV Written | Path: logs/v3.1/evaluate/pair_context_gated_sn_d512_s47/evaluate.csv
2026-05-18 12:38:59 INFO Stage Done | Run Id: pair_context_gated_sn_d512_s47
[rank0]:[W518 12:39:00.243742718 ProcessGroupNCCL.cpp:1553] Warning: WARNING: destroy_process_group() was not called before program exit, which can leak resources. For more info, please see https://pytorch.org/docs/stable/distributed.html#shutdown (function operator())

*****************************************
Setting OMP_NUM_THREADS environment variable for each process to be 1 in default, to avoid your system being overloaded, please further tune the variable for optimal performance in your application as needed. 
*****************************************
INFO:src.pipeline.__main__:Loaded config: configs/v3-1/0517/pair_context_gated_sn_d64_s47.yaml
WARNING:accelerate.utils.other:[RANK 0] Detected kernel version 3.10.0, which is below the recommended minimum of 5.5.0; this can cause the process to hang. It is recommended to upgrade the kernel to the minimum version or higher.
WARNING:py.warnings:/public/home/wangar2023/grand/.venv/lib/python3.11/site-packages/torch/distributed/c10d_logger.py:83: UserWarning: barrier(): using the device under current context. You can specify `device_id` in `init_process_group` to mute this warning.
  return func(*args, **kwargs)

2026-05-18 12:41:12 INFO Pipeline Runtime | Device: cuda:0 | Distributed: True | Test Batches: 1691 | Train Batches: 812 | Valid Batches: 762 | World Size: 4
2026-05-18 12:41:12 INFO Stage Start | Run Id: pair_context_gated_sn_d64_s47
2026-05-18 12:41:15 INFO Train Config | Epochs: 50 | Monitor: auprc | Patience: 10
2026-05-18 12:41:15 INFO Epoch Start | Epoch: 1
2026-05-18 12:41:20 INFO Epoch Progress | Epoch: 1 | Loss: 0.8337 | LR: 4e-06 | Progress: 0% | Step: 1/812
2026-05-18 12:42:36 INFO Epoch Progress | Epoch: 1 | Loss: 0.7218 | LR: 1.29976e-05 | Progress: 25% | Step: 203/812
2026-05-18 12:43:53 INFO Epoch Progress | Epoch: 1 | Loss: 0.7122 | LR: 3.68989e-05 | Progress: 50% | Step: 406/812
2026-05-18 12:45:10 INFO Epoch Progress | Epoch: 1 | Loss: 0.6875 | LR: 6.64294e-05 | Progress: 75% | Step: 609/812
2026-05-18 12:46:26 INFO Epoch Progress | Epoch: 1 | Loss: 0.6590 | LR: 9.04982e-05 | Progress: 100% | Step: 812/812
2026-05-18 12:50:05 INFO CSV Written | Epoch: 1
WARNING:py.warnings:/public/home/wangar2023/grand/.venv/lib/python3.11/site-packages/deepspeed/runtime/zero/linear.py:47: FutureWarning: `torch.cuda.amp.custom_fwd(args...)` is deprecated. Please use `torch.amp.custom_fwd(args..., device_type='cuda')` instead.
  @autocast_custom_fwd

WARNING:py.warnings:/public/home/wangar2023/grand/.venv/lib/python3.11/site-packages/deepspeed/runtime/zero/linear.py:66: FutureWarning: `torch.cuda.amp.custom_bwd(args...)` is deprecated. Please use `torch.amp.custom_bwd(args..., device_type='cuda')` instead.
  @autocast_custom_bwd

2026-05-18 12:50:09 INFO Best Saved | Epoch: 1 | Monitor: val_auprc | Value: 0.8223
2026-05-18 12:50:09 INFO Epoch Done | Epoch: 1 | Time: 530.4672 | Train Loss: 0.6608 | Val Accuracy: 0.7504 | Val AUPRC: 0.8223 | Val Auroc: 0.8331 | Val F1: 0.7698 | Val Loss: 0.5360
2026-05-18 12:50:09 INFO Epoch Start | Epoch: 2
2026-05-18 12:50:11 INFO Epoch Progress | Epoch: 2 | Loss: 0.5670 | LR: 9.05868e-05 | Progress: 0% | Step: 1/812
2026-05-18 12:51:28 INFO Epoch Progress | Epoch: 2 | Loss: 0.5386 | LR: 9.99968e-05 | Progress: 25% | Step: 203/812
2026-05-18 12:52:45 INFO Epoch Progress | Epoch: 2 | Loss: 0.5327 | LR: 9.98827e-05 | Progress: 50% | Step: 406/812
2026-05-18 12:54:02 INFO Epoch Progress | Epoch: 2 | Loss: 0.5243 | LR: 9.95223e-05 | Progress: 75% | Step: 609/812
2026-05-18 12:55:19 INFO Epoch Progress | Epoch: 2 | Loss: 0.5198 | LR: 9.89208e-05 | Progress: 100% | Step: 812/812
2026-05-18 12:58:54 INFO CSV Written | Epoch: 2
2026-05-18 12:58:54 INFO Best Saved | Epoch: 2 | Monitor: val_auprc | Value: 0.8822
2026-05-18 12:58:54 INFO Epoch Done | Epoch: 2 | Time: 525.5333 | Train Loss: 0.5178 | Val Accuracy: 0.7963 | Val AUPRC: 0.8822 | Val Auroc: 0.8790 | Val F1: 0.8061 | Val Loss: 0.4735
2026-05-18 12:58:54 INFO Epoch Start | Epoch: 3
2026-05-18 12:58:57 INFO Epoch Progress | Epoch: 3 | Loss: 0.4052 | LR: 9.89172e-05 | Progress: 0% | Step: 1/812
2026-05-18 13:00:13 INFO Epoch Progress | Epoch: 3 | Loss: 0.4929 | LR: 9.80808e-05 | Progress: 25% | Step: 203/812
2026-05-18 13:01:30 INFO Epoch Progress | Epoch: 3 | Loss: 0.4893 | LR: 9.70067e-05 | Progress: 50% | Step: 406/812
2026-05-18 13:02:47 INFO Epoch Progress | Epoch: 3 | Loss: 0.4843 | LR: 9.57035e-05 | Progress: 75% | Step: 609/812
2026-05-18 13:04:03 INFO Epoch Progress | Epoch: 3 | Loss: 0.4814 | LR: 9.41776e-05 | Progress: 100% | Step: 812/812
2026-05-18 13:07:41 INFO CSV Written | Epoch: 3
2026-05-18 13:07:41 INFO Best Saved | Epoch: 3 | Monitor: val_auprc | Value: 0.8891
2026-05-18 13:07:41 INFO Epoch Done | Epoch: 3 | Time: 526.3408 | Train Loss: 0.4797 | Val Accuracy: 0.8087 | Val AUPRC: 0.8891 | Val Auroc: 0.8887 | Val F1: 0.8139 | Val Loss: 0.4570
2026-05-18 13:07:41 INFO Epoch Start | Epoch: 4
2026-05-18 13:07:43 INFO Epoch Progress | Epoch: 4 | Loss: 0.4431 | LR: 9.41696e-05 | Progress: 0% | Step: 1/812
2026-05-18 13:09:00 INFO Epoch Progress | Epoch: 4 | Loss: 0.4653 | LR: 9.24366e-05 | Progress: 25% | Step: 203/812
2026-05-18 13:10:16 INFO Epoch Progress | Epoch: 4 | Loss: 0.4641 | LR: 9.04988e-05 | Progress: 50% | Step: 406/812
2026-05-18 13:11:33 INFO Epoch Progress | Epoch: 4 | Loss: 0.4631 | LR: 8.83657e-05 | Progress: 75% | Step: 609/812
2026-05-18 13:12:50 INFO Epoch Progress | Epoch: 4 | Loss: 0.4620 | LR: 8.60357e-05 | Progress: 100% | Step: 812/812
2026-05-18 13:16:27 INFO CSV Written | Epoch: 4
2026-05-18 13:16:28 INFO Best Saved | Epoch: 4 | Monitor: val_auprc | Value: 0.8993
2026-05-18 13:16:28 INFO Epoch Done | Epoch: 4 | Time: 526.7393 | Train Loss: 0.4571 | Val Accuracy: 0.8146 | Val AUPRC: 0.8993 | Val Auroc: 0.8968 | Val F1: 0.8144 | Val Loss: 0.4448
2026-05-18 13:16:28 INFO Epoch Start | Epoch: 5
2026-05-18 13:16:30 INFO Epoch Progress | Epoch: 5 | Loss: 0.4043 | LR: 8.60237e-05 | Progress: 0% | Step: 1/812
2026-05-18 13:17:46 INFO Epoch Progress | Epoch: 5 | Loss: 0.4444 | LR: 8.353e-05 | Progress: 25% | Step: 203/812
2026-05-18 13:19:03 INFO Epoch Progress | Epoch: 5 | Loss: 0.4415 | LR: 8.0861e-05 | Progress: 50% | Step: 406/812
2026-05-18 13:20:21 INFO Epoch Progress | Epoch: 5 | Loss: 0.4405 | LR: 7.80416e-05 | Progress: 75% | Step: 609/812
2026-05-18 13:21:38 INFO Epoch Progress | Epoch: 5 | Loss: 0.4398 | LR: 7.50857e-05 | Progress: 100% | Step: 812/812
2026-05-18 13:25:15 INFO CSV Written | Epoch: 5
2026-05-18 13:25:15 INFO Best Saved | Epoch: 5 | Monitor: val_auprc | Value: 0.9091
2026-05-18 13:25:15 INFO Epoch Done | Epoch: 5 | Time: 527.7634 | Train Loss: 0.4382 | Val Accuracy: 0.8252 | Val AUPRC: 0.9091 | Val Auroc: 0.9062 | Val F1: 0.8279 | Val Loss: 0.4281
2026-05-18 13:25:15 INFO Epoch Start | Epoch: 6
2026-05-18 13:25:30 INFO Epoch Progress | Epoch: 6 | Loss: 0.8808 | LR: 7.50708e-05 | Progress: 1% | Step: 1/190
2026-05-18 13:26:40 INFO Epoch Progress | Epoch: 6 | Loss: 0.7411 | LR: 7.43683e-05 | Progress: 25% | Step: 48/190
2026-05-18 13:27:49 INFO Epoch Progress | Epoch: 6 | Loss: 0.7188 | LR: 7.36443e-05 | Progress: 51% | Step: 96/190
2026-05-18 13:28:58 INFO Epoch Progress | Epoch: 6 | Loss: 0.7102 | LR: 7.29139e-05 | Progress: 76% | Step: 144/190
2026-05-18 13:30:03 INFO Epoch Progress | Epoch: 6 | Loss: 0.7058 | LR: 7.2208e-05 | Progress: 100% | Step: 190/190
2026-05-18 13:33:48 INFO CSV Written | Epoch: 6
2026-05-18 13:33:48 INFO Epoch Done | Epoch: 6 | Time: 513.0514 | Train Loss: 0.7038 | Val Accuracy: 0.8229 | Val AUPRC: 0.9083 | Val Auroc: 0.9039 | Val F1: 0.8192 | Val Loss: 0.5932
2026-05-18 13:33:48 INFO Epoch Start | Epoch: 7
2026-05-18 13:33:58 INFO Epoch Progress | Epoch: 7 | Loss: 0.6844 | LR: 7.21926e-05 | Progress: 1% | Step: 1/190
2026-05-18 13:35:07 INFO Epoch Progress | Epoch: 7 | Loss: 0.6954 | LR: 7.14655e-05 | Progress: 25% | Step: 48/190
2026-05-18 13:36:18 INFO Epoch Progress | Epoch: 7 | Loss: 0.6929 | LR: 7.07172e-05 | Progress: 51% | Step: 96/190
2026-05-18 13:37:28 INFO Epoch Progress | Epoch: 7 | Loss: 0.6938 | LR: 6.99632e-05 | Progress: 76% | Step: 144/190
2026-05-18 13:38:33 INFO Epoch Progress | Epoch: 7 | Loss: 0.6936 | LR: 6.92355e-05 | Progress: 100% | Step: 190/190
2026-05-18 13:42:13 INFO CSV Written | Epoch: 7
2026-05-18 13:42:13 INFO Best Saved | Epoch: 7 | Monitor: val_auprc | Value: 0.9106
2026-05-18 13:42:13 INFO Epoch Done | Epoch: 7 | Time: 504.4376 | Train Loss: 0.6933 | Val Accuracy: 0.8259 | Val AUPRC: 0.9106 | Val Auroc: 0.9066 | Val F1: 0.8229 | Val Loss: 0.5984
2026-05-18 13:42:13 INFO Epoch Start | Epoch: 8
2026-05-18 13:42:23 INFO Epoch Progress | Epoch: 8 | Loss: 0.7010 | LR: 6.92197e-05 | Progress: 1% | Step: 1/190
2026-05-18 13:43:32 INFO Epoch Progress | Epoch: 8 | Loss: 0.6967 | LR: 6.84711e-05 | Progress: 25% | Step: 48/190
2026-05-18 13:44:44 INFO Epoch Progress | Epoch: 8 | Loss: 0.6939 | LR: 6.77016e-05 | Progress: 51% | Step: 96/190
2026-05-18 13:45:54 INFO Epoch Progress | Epoch: 8 | Loss: 0.6934 | LR: 6.69273e-05 | Progress: 76% | Step: 144/190
2026-05-18 13:46:59 INFO Epoch Progress | Epoch: 8 | Loss: 0.6943 | LR: 6.6181e-05 | Progress: 100% | Step: 190/190
2026-05-18 13:50:34 INFO CSV Written | Epoch: 8
2026-05-18 13:50:34 INFO Best Saved | Epoch: 8 | Monitor: val_auprc | Value: 0.9117
2026-05-18 13:50:34 INFO Epoch Done | Epoch: 8 | Time: 501.2389 | Train Loss: 0.6927 | Val Accuracy: 0.8274 | Val AUPRC: 0.9117 | Val Auroc: 0.9082 | Val F1: 0.8243 | Val Loss: 0.6024
2026-05-18 13:50:34 INFO Epoch Start | Epoch: 9
2026-05-18 13:50:44 INFO Epoch Progress | Epoch: 9 | Loss: 0.6567 | LR: 6.61647e-05 | Progress: 1% | Step: 1/190
2026-05-18 13:51:53 INFO Epoch Progress | Epoch: 9 | Loss: 0.6977 | LR: 6.53978e-05 | Progress: 25% | Step: 48/190
2026-05-18 13:53:04 INFO Epoch Progress | Epoch: 9 | Loss: 0.6948 | LR: 6.46105e-05 | Progress: 51% | Step: 96/190
2026-05-18 13:54:15 INFO Epoch Progress | Epoch: 9 | Loss: 0.6951 | LR: 6.38192e-05 | Progress: 76% | Step: 144/190
2026-05-18 13:55:20 INFO Epoch Progress | Epoch: 9 | Loss: 0.6954 | LR: 6.30573e-05 | Progress: 100% | Step: 190/190
2026-05-18 13:58:58 INFO CSV Written | Epoch: 9
2026-05-18 13:58:58 INFO Best Saved | Epoch: 9 | Monitor: val_auprc | Value: 0.9119
2026-05-18 13:58:58 INFO Epoch Done | Epoch: 9 | Time: 503.4973 | Train Loss: 0.6946 | Val Accuracy: 0.8264 | Val AUPRC: 0.9119 | Val Auroc: 0.9085 | Val F1: 0.8213 | Val Loss: 0.6107
2026-05-18 13:58:58 INFO Epoch Start | Epoch: 10
2026-05-18 13:59:09 INFO Epoch Progress | Epoch: 10 | Loss: 0.6885 | LR: 6.30407e-05 | Progress: 1% | Step: 1/190
2026-05-18 14:00:17 INFO Epoch Progress | Epoch: 10 | Loss: 0.6997 | LR: 6.22589e-05 | Progress: 25% | Step: 48/190
2026-05-18 14:01:29 INFO Epoch Progress | Epoch: 10 | Loss: 0.6966 | LR: 6.1457e-05 | Progress: 51% | Step: 96/190
2026-05-18 14:02:38 INFO Epoch Progress | Epoch: 10 | Loss: 0.6957 | LR: 6.06521e-05 | Progress: 76% | Step: 144/190
2026-05-18 14:03:42 INFO Epoch Progress | Epoch: 10 | Loss: 0.6947 | LR: 5.9878e-05 | Progress: 100% | Step: 190/190
2026-05-18 14:07:23 INFO CSV Written | Epoch: 10
2026-05-18 14:07:23 INFO Best Saved | Epoch: 10 | Monitor: val_auprc | Value: 0.9128
2026-05-18 14:07:23 INFO Epoch Done | Epoch: 10 | Time: 505.4003 | Train Loss: 0.6932 | Val Accuracy: 0.8288 | Val AUPRC: 0.9128 | Val Auroc: 0.9101 | Val F1: 0.8255 | Val Loss: 0.6085
2026-05-18 14:07:23 INFO Epoch Start | Epoch: 11
2026-05-18 14:07:34 INFO Epoch Progress | Epoch: 11 | Loss: 0.6840 | LR: 5.98611e-05 | Progress: 1% | Step: 1/190
2026-05-18 14:08:43 INFO Epoch Progress | Epoch: 11 | Loss: 0.6942 | LR: 5.90676e-05 | Progress: 25% | Step: 48/190
2026-05-18 14:09:54 INFO Epoch Progress | Epoch: 11 | Loss: 0.6950 | LR: 5.82547e-05 | Progress: 51% | Step: 96/190
2026-05-18 14:11:04 INFO Epoch Progress | Epoch: 11 | Loss: 0.6947 | LR: 5.74395e-05 | Progress: 76% | Step: 144/190
2026-05-18 14:12:10 INFO Epoch Progress | Epoch: 11 | Loss: 0.6954 | LR: 5.66565e-05 | Progress: 100% | Step: 190/190
2026-05-18 14:15:48 INFO CSV Written | Epoch: 11
2026-05-18 14:15:48 INFO Best Saved | Epoch: 11 | Monitor: val_auprc | Value: 0.9138
2026-05-18 14:15:48 INFO Epoch Done | Epoch: 11 | Time: 504.9646 | Train Loss: 0.6926 | Val Accuracy: 0.8282 | Val AUPRC: 0.9138 | Val Auroc: 0.9109 | Val F1: 0.8223 | Val Loss: 0.6090
2026-05-18 14:15:48 INFO Epoch Start | Epoch: 12
2026-05-18 14:15:58 INFO Epoch Progress | Epoch: 12 | Loss: 0.6932 | LR: 5.66394e-05 | Progress: 1% | Step: 1/190
2026-05-18 14:17:08 INFO Epoch Progress | Epoch: 12 | Loss: 0.6952 | LR: 5.58376e-05 | Progress: 25% | Step: 48/190
2026-05-18 14:18:18 INFO Epoch Progress | Epoch: 12 | Loss: 0.6924 | LR: 5.50171e-05 | Progress: 51% | Step: 96/190
2026-05-18 14:19:29 INFO Epoch Progress | Epoch: 12 | Loss: 0.6932 | LR: 5.41952e-05 | Progress: 76% | Step: 144/190
2026-05-18 14:20:33 INFO Epoch Progress | Epoch: 12 | Loss: 0.6930 | LR: 5.34065e-05 | Progress: 100% | Step: 190/190
2026-05-18 14:24:11 INFO CSV Written | Epoch: 12
2026-05-18 14:24:11 INFO Best Saved | Epoch: 12 | Monitor: val_auprc | Value: 0.9141
2026-05-18 14:24:11 INFO Epoch Done | Epoch: 12 | Time: 502.5309 | Train Loss: 0.6927 | Val Accuracy: 0.8271 | Val AUPRC: 0.9141 | Val Auroc: 0.9113 | Val F1: 0.8215 | Val Loss: 0.6126
2026-05-18 14:24:11 INFO Epoch Start | Epoch: 13
2026-05-18 14:24:22 INFO Epoch Progress | Epoch: 13 | Loss: 0.6599 | LR: 5.33894e-05 | Progress: 1% | Step: 1/190
2026-05-18 14:25:31 INFO Epoch Progress | Epoch: 13 | Loss: 0.6910 | LR: 5.25826e-05 | Progress: 25% | Step: 48/190
2026-05-18 14:26:43 INFO Epoch Progress | Epoch: 13 | Loss: 0.6927 | LR: 5.17581e-05 | Progress: 51% | Step: 96/190
2026-05-18 14:27:52 INFO Epoch Progress | Epoch: 13 | Loss: 0.6925 | LR: 5.0933e-05 | Progress: 76% | Step: 144/190
2026-05-18 14:28:58 INFO Epoch Progress | Epoch: 13 | Loss: 0.6933 | LR: 5.01421e-05 | Progress: 100% | Step: 190/190
2026-05-18 14:32:38 INFO CSV Written | Epoch: 13
2026-05-18 14:32:38 INFO Best Saved | Epoch: 13 | Monitor: val_auprc | Value: 0.9143
2026-05-18 14:32:38 INFO Epoch Done | Epoch: 13 | Time: 506.7781 | Train Loss: 0.6921 | Val Accuracy: 0.8291 | Val AUPRC: 0.9143 | Val Auroc: 0.9122 | Val F1: 0.8247 | Val Loss: 0.6095
2026-05-18 14:32:38 INFO Epoch Start | Epoch: 14
2026-05-18 14:32:48 INFO Epoch Progress | Epoch: 14 | Loss: 0.6857 | LR: 5.01249e-05 | Progress: 1% | Step: 1/190
2026-05-18 14:33:58 INFO Epoch Progress | Epoch: 14 | Loss: 0.6923 | LR: 4.93167e-05 | Progress: 25% | Step: 48/190
2026-05-18 14:35:08 INFO Epoch Progress | Epoch: 14 | Loss: 0.6929 | LR: 4.84915e-05 | Progress: 51% | Step: 96/190
2026-05-18 14:36:18 INFO Epoch Progress | Epoch: 14 | Loss: 0.6928 | LR: 4.76668e-05 | Progress: 76% | Step: 144/190
2026-05-18 14:37:23 INFO Epoch Progress | Epoch: 14 | Loss: 0.6930 | LR: 4.6877e-05 | Progress: 100% | Step: 190/190
2026-05-18 14:41:00 INFO CSV Written | Epoch: 14
2026-05-18 14:41:00 INFO Best Saved | Epoch: 14 | Monitor: val_auprc | Value: 0.9156
2026-05-18 14:41:00 INFO Epoch Done | Epoch: 14 | Time: 502.7689 | Train Loss: 0.6922 | Val Accuracy: 0.8325 | Val AUPRC: 0.9156 | Val Auroc: 0.9136 | Val F1: 0.8301 | Val Loss: 0.6049
2026-05-18 14:41:00 INFO Epoch Start | Epoch: 15
2026-05-18 14:41:12 INFO Epoch Progress | Epoch: 15 | Loss: 0.6895 | LR: 4.68598e-05 | Progress: 1% | Step: 1/190
2026-05-18 14:42:21 INFO Epoch Progress | Epoch: 15 | Loss: 0.6948 | LR: 4.60537e-05 | Progress: 25% | Step: 48/190
2026-05-18 14:43:31 INFO Epoch Progress | Epoch: 15 | Loss: 0.6939 | LR: 4.52315e-05 | Progress: 51% | Step: 96/190
2026-05-18 14:44:42 INFO Epoch Progress | Epoch: 15 | Loss: 0.6934 | LR: 4.44105e-05 | Progress: 76% | Step: 144/190
2026-05-18 14:45:48 INFO Epoch Progress | Epoch: 15 | Loss: 0.6936 | LR: 4.36252e-05 | Progress: 100% | Step: 190/190
2026-05-18 14:49:28 INFO CSV Written | Epoch: 15
2026-05-18 14:49:28 INFO Best Saved | Epoch: 15 | Monitor: val_auprc | Value: 0.9156
2026-05-18 14:49:28 INFO Epoch Done | Epoch: 15 | Time: 507.2743 | Train Loss: 0.6920 | Val Accuracy: 0.8326 | Val AUPRC: 0.9156 | Val Auroc: 0.9136 | Val F1: 0.8310 | Val Loss: 0.6151
2026-05-18 14:49:28 INFO Epoch Start | Epoch: 16
2026-05-18 14:49:39 INFO Epoch Progress | Epoch: 16 | Loss: 0.6960 | LR: 4.36082e-05 | Progress: 1% | Step: 1/190
2026-05-18 14:50:47 INFO Epoch Progress | Epoch: 16 | Loss: 0.6888 | LR: 4.28075e-05 | Progress: 25% | Step: 48/190
2026-05-18 14:51:58 INFO Epoch Progress | Epoch: 16 | Loss: 0.6907 | LR: 4.19917e-05 | Progress: 51% | Step: 96/190
2026-05-18 14:53:08 INFO Epoch Progress | Epoch: 16 | Loss: 0.6907 | LR: 4.11782e-05 | Progress: 76% | Step: 144/190
2026-05-18 14:54:14 INFO Epoch Progress | Epoch: 16 | Loss: 0.6916 | LR: 4.04007e-05 | Progress: 100% | Step: 190/190
2026-05-18 14:58:05 INFO CSV Written | Epoch: 16
2026-05-18 14:58:05 INFO Best Saved | Epoch: 16 | Monitor: val_auprc | Value: 0.9171
2026-05-18 14:58:05 INFO Epoch Done | Epoch: 16 | Time: 516.9768 | Train Loss: 0.6913 | Val Accuracy: 0.8326 | Val AUPRC: 0.9171 | Val Auroc: 0.9153 | Val F1: 0.8298 | Val Loss: 0.6046
2026-05-18 14:58:05 INFO Epoch Start | Epoch: 17
2026-05-18 14:58:22 INFO Epoch Progress | Epoch: 17 | Loss: 0.7105 | LR: 4.03838e-05 | Progress: 1% | Step: 1/190
2026-05-18 14:59:58 INFO Epoch Progress | Epoch: 17 | Loss: 0.6908 | LR: 3.9592e-05 | Progress: 25% | Step: 48/190
2026-05-18 15:01:36 INFO Epoch Progress | Epoch: 17 | Loss: 0.6921 | LR: 3.87862e-05 | Progress: 51% | Step: 96/190
2026-05-18 15:02:57 INFO Epoch Progress | Epoch: 17 | Loss: 0.6921 | LR: 3.79834e-05 | Progress: 76% | Step: 144/190
2026-05-18 15:04:04 INFO Epoch Progress | Epoch: 17 | Loss: 0.6934 | LR: 3.72172e-05 | Progress: 100% | Step: 190/190
2026-05-18 15:07:42 INFO CSV Written | Epoch: 17
2026-05-18 15:07:42 INFO Epoch Done | Epoch: 17 | Time: 577.4599 | Train Loss: 0.6918 | Val Accuracy: 0.8338 | Val AUPRC: 0.9168 | Val Auroc: 0.9152 | Val F1: 0.8310 | Val Loss: 0.6028
2026-05-18 15:07:42 INFO Epoch Start | Epoch: 18
2026-05-18 15:07:54 INFO Epoch Progress | Epoch: 18 | Loss: 0.7000 | LR: 3.72005e-05 | Progress: 1% | Step: 1/190
2026-05-18 15:09:04 INFO Epoch Progress | Epoch: 18 | Loss: 0.6924 | LR: 3.6421e-05 | Progress: 25% | Step: 48/190
2026-05-18 15:10:16 INFO Epoch Progress | Epoch: 18 | Loss: 0.6926 | LR: 3.56285e-05 | Progress: 51% | Step: 96/190
2026-05-18 15:11:28 INFO Epoch Progress | Epoch: 18 | Loss: 0.6911 | LR: 3.484e-05 | Progress: 76% | Step: 144/190
2026-05-18 15:12:33 INFO Epoch Progress | Epoch: 18 | Loss: 0.6918 | LR: 3.40882e-05 | Progress: 100% | Step: 190/190
2026-05-18 15:16:09 INFO CSV Written | Epoch: 18
2026-05-18 15:16:09 INFO Best Saved | Epoch: 18 | Monitor: val_auprc | Value: 0.9172
2026-05-18 15:16:09 INFO Epoch Done | Epoch: 18 | Time: 507.1365 | Train Loss: 0.6909 | Val Accuracy: 0.8330 | Val AUPRC: 0.9172 | Val Auroc: 0.9159 | Val F1: 0.8291 | Val Loss: 0.5965
2026-05-18 15:16:09 INFO Epoch Start | Epoch: 19
2026-05-18 15:16:21 INFO Epoch Progress | Epoch: 19 | Loss: 0.7041 | LR: 3.40719e-05 | Progress: 1% | Step: 1/190
2026-05-18 15:17:31 INFO Epoch Progress | Epoch: 19 | Loss: 0.6900 | LR: 3.33079e-05 | Progress: 25% | Step: 48/190
2026-05-18 15:18:42 INFO Epoch Progress | Epoch: 19 | Loss: 0.6909 | LR: 3.25322e-05 | Progress: 51% | Step: 96/190
2026-05-18 15:19:55 INFO Epoch Progress | Epoch: 19 | Loss: 0.6907 | LR: 3.17612e-05 | Progress: 76% | Step: 144/190
2026-05-18 15:21:02 INFO Epoch Progress | Epoch: 19 | Loss: 0.6899 | LR: 3.10271e-05 | Progress: 100% | Step: 190/190
2026-05-18 15:24:42 INFO CSV Written | Epoch: 19
2026-05-18 15:24:42 INFO Best Saved | Epoch: 19 | Monitor: val_auprc | Value: 0.9178
2026-05-18 15:24:42 INFO Epoch Done | Epoch: 19 | Time: 512.2193 | Train Loss: 0.6906 | Val Accuracy: 0.8344 | Val AUPRC: 0.9178 | Val Auroc: 0.9157 | Val F1: 0.8323 | Val Loss: 0.5971
2026-05-18 15:24:42 INFO Epoch Start | Epoch: 20
2026-05-18 15:24:53 INFO Epoch Progress | Epoch: 20 | Loss: 0.6625 | LR: 3.10112e-05 | Progress: 1% | Step: 1/190
2026-05-18 15:26:05 INFO Epoch Progress | Epoch: 20 | Loss: 0.6932 | LR: 3.0266e-05 | Progress: 25% | Step: 48/190
2026-05-18 15:27:17 INFO Epoch Progress | Epoch: 20 | Loss: 0.6918 | LR: 2.95104e-05 | Progress: 51% | Step: 96/190
2026-05-18 15:28:28 INFO Epoch Progress | Epoch: 20 | Loss: 0.6932 | LR: 2.87603e-05 | Progress: 76% | Step: 144/190
2026-05-18 15:29:34 INFO Epoch Progress | Epoch: 20 | Loss: 0.6932 | LR: 2.8047e-05 | Progress: 100% | Step: 190/190
2026-05-18 15:33:10 INFO CSV Written | Epoch: 20
2026-05-18 15:33:10 INFO Best Saved | Epoch: 20 | Monitor: val_auprc | Value: 0.9185
2026-05-18 15:33:10 INFO Epoch Done | Epoch: 20 | Time: 507.9915 | Train Loss: 0.6920 | Val Accuracy: 0.8363 | Val AUPRC: 0.9185 | Val Auroc: 0.9173 | Val F1: 0.8347 | Val Loss: 0.5890
2026-05-18 15:33:10 INFO Epoch Start | Epoch: 21
2026-05-18 15:33:22 INFO Epoch Progress | Epoch: 21 | Loss: 0.6734 | LR: 2.80315e-05 | Progress: 1% | Step: 1/190
2026-05-18 15:34:32 INFO Epoch Progress | Epoch: 21 | Loss: 0.6925 | LR: 2.73084e-05 | Progress: 25% | Step: 48/190
2026-05-18 15:35:44 INFO Epoch Progress | Epoch: 21 | Loss: 0.6921 | LR: 2.65761e-05 | Progress: 51% | Step: 96/190
2026-05-18 15:36:56 INFO Epoch Progress | Epoch: 21 | Loss: 0.6911 | LR: 2.58501e-05 | Progress: 76% | Step: 144/190
2026-05-18 15:38:02 INFO Epoch Progress | Epoch: 21 | Loss: 0.6919 | LR: 2.51606e-05 | Progress: 100% | Step: 190/190
2026-05-18 15:41:43 INFO CSV Written | Epoch: 21
2026-05-18 15:41:43 INFO Epoch Done | Epoch: 21 | Time: 512.6045 | Train Loss: 0.6908 | Val Accuracy: 0.8358 | Val AUPRC: 0.9183 | Val Auroc: 0.9171 | Val F1: 0.8326 | Val Loss: 0.5911
2026-05-18 15:41:43 INFO Epoch Start | Epoch: 22
2026-05-18 15:41:55 INFO Epoch Progress | Epoch: 22 | Loss: 0.7139 | LR: 2.51456e-05 | Progress: 1% | Step: 1/190
2026-05-18 15:43:04 INFO Epoch Progress | Epoch: 22 | Loss: 0.6902 | LR: 2.44477e-05 | Progress: 25% | Step: 48/190
2026-05-18 15:44:15 INFO Epoch Progress | Epoch: 22 | Loss: 0.6925 | LR: 2.37417e-05 | Progress: 51% | Step: 96/190
2026-05-18 15:45:27 INFO Epoch Progress | Epoch: 22 | Loss: 0.6937 | LR: 2.30429e-05 | Progress: 76% | Step: 144/190
2026-05-18 15:46:34 INFO Epoch Progress | Epoch: 22 | Loss: 0.6925 | LR: 2.23802e-05 | Progress: 100% | Step: 190/190
2026-05-18 15:50:12 INFO CSV Written | Epoch: 22
2026-05-18 15:50:12 INFO Best Saved | Epoch: 22 | Monitor: val_auprc | Value: 0.9189
2026-05-18 15:50:12 INFO Epoch Done | Epoch: 22 | Time: 509.2671 | Train Loss: 0.6913 | Val Accuracy: 0.8344 | Val AUPRC: 0.9189 | Val Auroc: 0.9173 | Val F1: 0.8295 | Val Loss: 0.5850
2026-05-18 15:50:12 INFO Epoch Start | Epoch: 23
2026-05-18 15:50:24 INFO Epoch Progress | Epoch: 23 | Loss: 0.6657 | LR: 2.23658e-05 | Progress: 1% | Step: 1/190
2026-05-18 15:51:35 INFO Epoch Progress | Epoch: 23 | Loss: 0.6880 | LR: 2.16959e-05 | Progress: 25% | Step: 48/190
2026-05-18 15:52:48 INFO Epoch Progress | Epoch: 23 | Loss: 0.6903 | LR: 2.10194e-05 | Progress: 51% | Step: 96/190
2026-05-18 15:54:01 INFO Epoch Progress | Epoch: 23 | Loss: 0.6911 | LR: 2.03508e-05 | Progress: 76% | Step: 144/190
2026-05-18 15:55:08 INFO Epoch Progress | Epoch: 23 | Loss: 0.6912 | LR: 1.97177e-05 | Progress: 100% | Step: 190/190
2026-05-18 15:58:44 INFO CSV Written | Epoch: 23
2026-05-18 15:58:44 INFO Best Saved | Epoch: 23 | Monitor: val_auprc | Value: 0.9194
2026-05-18 15:58:44 INFO Epoch Done | Epoch: 23 | Time: 511.6077 | Train Loss: 0.6907 | Val Accuracy: 0.8374 | Val AUPRC: 0.9194 | Val Auroc: 0.9181 | Val F1: 0.8371 | Val Loss: 0.5851
2026-05-18 15:58:44 INFO Epoch Start | Epoch: 24
2026-05-18 15:58:53 INFO Epoch Progress | Epoch: 24 | Loss: 0.6821 | LR: 1.9704e-05 | Progress: 1% | Step: 1/190
2026-05-18 16:00:03 INFO Epoch Progress | Epoch: 24 | Loss: 0.6892 | LR: 1.9065e-05 | Progress: 25% | Step: 48/190
2026-05-18 16:01:15 INFO Epoch Progress | Epoch: 24 | Loss: 0.6904 | LR: 1.84209e-05 | Progress: 51% | Step: 96/190
2026-05-18 16:02:27 INFO Epoch Progress | Epoch: 24 | Loss: 0.6911 | LR: 1.77853e-05 | Progress: 76% | Step: 144/190
2026-05-18 16:03:32 INFO Epoch Progress | Epoch: 24 | Loss: 0.6912 | LR: 1.71844e-05 | Progress: 100% | Step: 190/190
2026-05-18 16:07:11 INFO CSV Written | Epoch: 24
2026-05-18 16:07:11 INFO Best Saved | Epoch: 24 | Monitor: val_auprc | Value: 0.9199
2026-05-18 16:07:11 INFO Epoch Done | Epoch: 24 | Time: 507.8032 | Train Loss: 0.6908 | Val Accuracy: 0.8390 | Val AUPRC: 0.9199 | Val Auroc: 0.9185 | Val F1: 0.8378 | Val Loss: 0.5855
2026-05-18 16:07:11 INFO Epoch Start | Epoch: 25
2026-05-18 16:07:21 INFO Epoch Progress | Epoch: 25 | Loss: 0.6724 | LR: 1.71714e-05 | Progress: 1% | Step: 1/190
2026-05-18 16:08:33 INFO Epoch Progress | Epoch: 25 | Loss: 0.6898 | LR: 1.65662e-05 | Progress: 25% | Step: 48/190
2026-05-18 16:09:43 INFO Epoch Progress | Epoch: 25 | Loss: 0.6880 | LR: 1.59571e-05 | Progress: 51% | Step: 96/190
2026-05-18 16:10:55 INFO Epoch Progress | Epoch: 25 | Loss: 0.6892 | LR: 1.53572e-05 | Progress: 76% | Step: 144/190
2026-05-18 16:12:01 INFO Epoch Progress | Epoch: 25 | Loss: 0.6894 | LR: 1.47912e-05 | Progress: 100% | Step: 190/190
2026-05-18 16:15:36 INFO CSV Written | Epoch: 25
2026-05-18 16:15:36 INFO Best Saved | Epoch: 25 | Monitor: val_auprc | Value: 0.9205
2026-05-18 16:15:36 INFO Epoch Done | Epoch: 25 | Time: 504.9918 | Train Loss: 0.6898 | Val Accuracy: 0.8394 | Val AUPRC: 0.9205 | Val Auroc: 0.9190 | Val F1: 0.8396 | Val Loss: 0.5840
2026-05-18 16:15:36 INFO Epoch Start | Epoch: 26
2026-05-18 16:15:49 INFO Epoch Progress | Epoch: 26 | Loss: 0.6885 | LR: 1.4779e-05 | Progress: 1% | Step: 1/190
2026-05-18 16:16:59 INFO Epoch Progress | Epoch: 26 | Loss: 0.6874 | LR: 1.421e-05 | Progress: 25% | Step: 48/190
2026-05-18 16:18:10 INFO Epoch Progress | Epoch: 26 | Loss: 0.6883 | LR: 1.36385e-05 | Progress: 51% | Step: 96/190
2026-05-18 16:19:20 INFO Epoch Progress | Epoch: 26 | Loss: 0.6885 | LR: 1.3077e-05 | Progress: 76% | Step: 144/190
2026-05-18 16:20:23 INFO Epoch Progress | Epoch: 26 | Loss: 0.6899 | LR: 1.25483e-05 | Progress: 100% | Step: 190/190
2026-05-18 16:24:00 INFO CSV Written | Epoch: 26
2026-05-18 16:24:00 INFO Best Saved | Epoch: 26 | Monitor: val_auprc | Value: 0.9212
2026-05-18 16:24:00 INFO Epoch Done | Epoch: 26 | Time: 503.9573 | Train Loss: 0.6896 | Val Accuracy: 0.8407 | Val AUPRC: 0.9212 | Val Auroc: 0.9198 | Val F1: 0.8400 | Val Loss: 0.5755
2026-05-18 16:24:00 INFO Epoch Start | Epoch: 27
2026-05-18 16:24:11 INFO Epoch Progress | Epoch: 27 | Loss: 0.7087 | LR: 1.25369e-05 | Progress: 1% | Step: 1/190
2026-05-18 16:25:19 INFO Epoch Progress | Epoch: 27 | Loss: 0.6911 | LR: 1.20066e-05 | Progress: 25% | Step: 48/190
2026-05-18 16:26:27 INFO Epoch Progress | Epoch: 27 | Loss: 0.6922 | LR: 1.14752e-05 | Progress: 51% | Step: 96/190
2026-05-18 16:27:37 INFO Epoch Progress | Epoch: 27 | Loss: 0.6924 | LR: 1.09544e-05 | Progress: 76% | Step: 144/190
2026-05-18 16:28:42 INFO Epoch Progress | Epoch: 27 | Loss: 0.6924 | LR: 1.04652e-05 | Progress: 100% | Step: 190/190
2026-05-18 16:32:22 INFO CSV Written | Epoch: 27
2026-05-18 16:32:22 INFO Epoch Done | Epoch: 27 | Time: 501.7526 | Train Loss: 0.6906 | Val Accuracy: 0.8393 | Val AUPRC: 0.9207 | Val Auroc: 0.9192 | Val F1: 0.8370 | Val Loss: 0.5759
2026-05-18 16:32:22 INFO Epoch Start | Epoch: 28
2026-05-18 16:32:34 INFO Epoch Progress | Epoch: 28 | Loss: 0.6936 | LR: 1.04547e-05 | Progress: 1% | Step: 1/190
2026-05-18 16:33:44 INFO Epoch Progress | Epoch: 28 | Loss: 0.6930 | LR: 9.96534e-06 | Progress: 25% | Step: 48/190
2026-05-18 16:34:53 INFO Epoch Progress | Epoch: 28 | Loss: 0.6900 | LR: 9.47636e-06 | Progress: 51% | Step: 96/190
2026-05-18 16:36:05 INFO Epoch Progress | Epoch: 28 | Loss: 0.6906 | LR: 8.99843e-06 | Progress: 76% | Step: 144/190
2026-05-18 16:37:11 INFO Epoch Progress | Epoch: 28 | Loss: 0.6909 | LR: 8.55089e-06 | Progress: 100% | Step: 190/190
2026-05-18 16:40:51 INFO CSV Written | Epoch: 28
2026-05-18 16:40:51 INFO Epoch Done | Epoch: 28 | Time: 508.5407 | Train Loss: 0.6902 | Val Accuracy: 0.8405 | Val AUPRC: 0.9210 | Val Auroc: 0.9198 | Val F1: 0.8405 | Val Loss: 0.5743
2026-05-18 16:40:51 INFO Epoch Start | Epoch: 29
2026-05-18 16:41:01 INFO Epoch Progress | Epoch: 29 | Loss: 0.7015 | LR: 8.54128e-06 | Progress: 1% | Step: 1/190
2026-05-18 16:42:12 INFO Epoch Progress | Epoch: 29 | Loss: 0.6889 | LR: 8.09496e-06 | Progress: 25% | Step: 48/190
2026-05-18 16:43:23 INFO Epoch Progress | Epoch: 29 | Loss: 0.6883 | LR: 7.65044e-06 | Progress: 51% | Step: 96/190
2026-05-18 16:44:33 INFO Epoch Progress | Epoch: 29 | Loss: 0.6905 | LR: 7.21747e-06 | Progress: 76% | Step: 144/190
2026-05-18 16:45:39 INFO Epoch Progress | Epoch: 29 | Loss: 0.6891 | LR: 6.81347e-06 | Progress: 100% | Step: 190/190
2026-05-18 16:49:21 INFO CSV Written | Epoch: 29
2026-05-18 16:49:21 INFO Epoch Done | Epoch: 29 | Time: 510.3981 | Train Loss: 0.6897 | Val Accuracy: 0.8405 | Val AUPRC: 0.9207 | Val Auroc: 0.9192 | Val F1: 0.8393 | Val Loss: 0.5688
2026-05-18 16:49:21 INFO Epoch Start | Epoch: 30
2026-05-18 16:49:31 INFO Epoch Progress | Epoch: 30 | Loss: 0.7082 | LR: 6.80481e-06 | Progress: 1% | Step: 1/190
2026-05-18 16:50:42 INFO Epoch Progress | Epoch: 30 | Loss: 0.6903 | LR: 6.40343e-06 | Progress: 25% | Step: 48/190
2026-05-18 16:51:53 INFO Epoch Progress | Epoch: 30 | Loss: 0.6890 | LR: 6.00528e-06 | Progress: 51% | Step: 96/190
2026-05-18 16:53:04 INFO Epoch Progress | Epoch: 30 | Loss: 0.6906 | LR: 5.61911e-06 | Progress: 76% | Step: 144/190
2026-05-18 16:54:09 INFO Epoch Progress | Epoch: 30 | Loss: 0.6908 | LR: 5.26038e-06 | Progress: 100% | Step: 190/190
2026-05-18 16:57:48 INFO CSV Written | Epoch: 30
2026-05-18 16:57:48 INFO Epoch Done | Epoch: 30 | Time: 506.7009 | Train Loss: 0.6898 | Val Accuracy: 0.8401 | Val AUPRC: 0.9206 | Val Auroc: 0.9192 | Val F1: 0.8381 | Val Loss: 0.5731
2026-05-18 16:57:48 INFO Epoch Start | Epoch: 31
2026-05-18 16:57:57 INFO Epoch Progress | Epoch: 31 | Loss: 0.7250 | LR: 5.2527e-06 | Progress: 1% | Step: 1/190
2026-05-18 16:59:07 INFO Epoch Progress | Epoch: 31 | Loss: 0.6914 | LR: 4.89799e-06 | Progress: 25% | Step: 48/190
2026-05-18 17:00:18 INFO Epoch Progress | Epoch: 31 | Loss: 0.6906 | LR: 4.54789e-06 | Progress: 51% | Step: 96/190
2026-05-18 17:01:29 INFO Epoch Progress | Epoch: 31 | Loss: 0.6895 | LR: 4.21017e-06 | Progress: 76% | Step: 144/190
2026-05-18 17:02:33 INFO Epoch Progress | Epoch: 31 | Loss: 0.6890 | LR: 3.89824e-06 | Progress: 100% | Step: 190/190
2026-05-18 17:06:09 INFO CSV Written | Epoch: 31
2026-05-18 17:06:09 INFO Epoch Done | Epoch: 31 | Time: 500.9333 | Train Loss: 0.6891 | Val Accuracy: 0.8401 | Val AUPRC: 0.9206 | Val Auroc: 0.9191 | Val F1: 0.8386 | Val Loss: 0.5731
2026-05-18 17:06:09 INFO Epoch Start | Epoch: 32
2026-05-18 17:06:21 INFO Epoch Progress | Epoch: 32 | Loss: 0.6783 | LR: 3.89158e-06 | Progress: 1% | Step: 1/190
2026-05-18 17:07:30 INFO Epoch Progress | Epoch: 32 | Loss: 0.6890 | LR: 3.59144e-06 | Progress: 25% | Step: 48/190
2026-05-18 17:08:41 INFO Epoch Progress | Epoch: 32 | Loss: 0.6911 | LR: 3.29062e-06 | Progress: 51% | Step: 96/190
2026-05-18 17:09:51 INFO Epoch Progress | Epoch: 32 | Loss: 0.6899 | LR: 3.00254e-06 | Progress: 76% | Step: 144/190
2026-05-18 17:10:57 INFO Epoch Progress | Epoch: 32 | Loss: 0.6905 | LR: 2.73847e-06 | Progress: 100% | Step: 190/190
2026-05-18 17:14:38 INFO CSV Written | Epoch: 32
2026-05-18 17:14:38 INFO Epoch Done | Epoch: 32 | Time: 508.6551 | Train Loss: 0.6894 | Val Accuracy: 0.8415 | Val AUPRC: 0.9210 | Val Auroc: 0.9198 | Val F1: 0.8405 | Val Loss: 0.5661
2026-05-18 17:14:38 INFO Epoch Start | Epoch: 33
2026-05-18 17:14:50 INFO Epoch Progress | Epoch: 33 | Loss: 0.6895 | LR: 2.73286e-06 | Progress: 1% | Step: 1/190
2026-05-18 17:15:57 INFO Epoch Progress | Epoch: 33 | Loss: 0.6910 | LR: 2.47554e-06 | Progress: 25% | Step: 48/190
2026-05-18 17:17:08 INFO Epoch Progress | Epoch: 33 | Loss: 0.6910 | LR: 2.22555e-06 | Progress: 51% | Step: 96/190
2026-05-18 17:18:19 INFO Epoch Progress | Epoch: 33 | Loss: 0.6898 | LR: 1.98859e-06 | Progress: 76% | Step: 144/190
2026-05-18 17:19:25 INFO Epoch Progress | Epoch: 33 | Loss: 0.6903 | LR: 1.77377e-06 | Progress: 100% | Step: 190/190
2026-05-18 17:23:06 INFO CSV Written | Epoch: 33
2026-05-18 17:23:06 INFO Epoch Done | Epoch: 33 | Time: 508.5492 | Train Loss: 0.6890 | Val Accuracy: 0.8414 | Val AUPRC: 0.9211 | Val Auroc: 0.9198 | Val F1: 0.8399 | Val Loss: 0.5644
2026-05-18 17:23:06 INFO Epoch Start | Epoch: 34
2026-05-18 17:23:16 INFO Epoch Progress | Epoch: 34 | Loss: 0.6883 | LR: 1.76923e-06 | Progress: 1% | Step: 1/190
2026-05-18 17:24:26 INFO Epoch Progress | Epoch: 34 | Loss: 0.6858 | LR: 1.56248e-06 | Progress: 25% | Step: 48/190
2026-05-18 17:25:36 INFO Epoch Progress | Epoch: 34 | Loss: 0.6895 | LR: 1.36439e-06 | Progress: 51% | Step: 96/190
2026-05-18 17:26:46 INFO Epoch Progress | Epoch: 34 | Loss: 0.6893 | LR: 1.17955e-06 | Progress: 76% | Step: 144/190
2026-05-18 17:27:51 INFO Epoch Progress | Epoch: 34 | Loss: 0.6909 | LR: 1.0149e-06 | Progress: 100% | Step: 190/190
2026-05-18 17:31:24 INFO CSV Written | Epoch: 34
2026-05-18 17:31:24 INFO Best Saved | Epoch: 34 | Monitor: val_auprc | Value: 0.9212
2026-05-18 17:31:24 INFO Epoch Done | Epoch: 34 | Time: 498.0394 | Train Loss: 0.6894 | Val Accuracy: 0.8417 | Val AUPRC: 0.9212 | Val Auroc: 0.9200 | Val F1: 0.8399 | Val Loss: 0.5652
2026-05-18 17:31:24 INFO Epoch Start | Epoch: 35
2026-05-18 17:31:36 INFO Epoch Progress | Epoch: 35 | Loss: 0.6948 | LR: 1.01146e-06 | Progress: 1% | Step: 1/190
2026-05-18 17:32:46 INFO Epoch Progress | Epoch: 35 | Loss: 0.6918 | LR: 8.56161e-07 | Progress: 25% | Step: 48/190
2026-05-18 17:33:57 INFO Epoch Progress | Epoch: 35 | Loss: 0.6892 | LR: 7.10812e-07 | Progress: 51% | Step: 96/190
2026-05-18 17:35:09 INFO Epoch Progress | Epoch: 35 | Loss: 0.6886 | LR: 5.78894e-07 | Progress: 76% | Step: 144/190
2026-05-18 17:36:14 INFO Epoch Progress | Epoch: 35 | Loss: 0.6887 | LR: 4.65109e-07 | Progress: 100% | Step: 190/190
2026-05-18 17:39:50 INFO CSV Written | Epoch: 35
2026-05-18 17:39:50 INFO Epoch Done | Epoch: 35 | Time: 506.1821 | Train Loss: 0.6885 | Val Accuracy: 0.8419 | Val AUPRC: 0.9212 | Val Auroc: 0.9200 | Val F1: 0.8402 | Val Loss: 0.5638
2026-05-18 17:39:50 INFO Epoch Start | Epoch: 36
2026-05-18 17:40:02 INFO Epoch Progress | Epoch: 36 | Loss: 0.6886 | LR: 4.62773e-07 | Progress: 1% | Step: 1/190
2026-05-18 17:41:12 INFO Epoch Progress | Epoch: 36 | Loss: 0.6944 | LR: 3.59594e-07 | Progress: 25% | Step: 48/190
2026-05-18 17:42:23 INFO Epoch Progress | Epoch: 36 | Loss: 0.6908 | LR: 2.67605e-07 | Progress: 51% | Step: 96/190
2026-05-18 17:43:32 INFO Epoch Progress | Epoch: 36 | Loss: 0.6910 | LR: 1.89169e-07 | Progress: 76% | Step: 144/190
2026-05-18 17:44:38 INFO Epoch Progress | Epoch: 36 | Loss: 0.6907 | LR: 1.26737e-07 | Progress: 100% | Step: 190/190
2026-05-18 17:48:15 INFO CSV Written | Epoch: 36
2026-05-18 17:48:15 INFO Best Saved | Epoch: 36 | Monitor: val_auprc | Value: 0.9212
2026-05-18 17:48:15 INFO Epoch Done | Epoch: 36 | Time: 504.3315 | Train Loss: 0.6890 | Val Accuracy: 0.8417 | Val AUPRC: 0.9212 | Val Auroc: 0.9200 | Val F1: 0.8400 | Val Loss: 0.5630
2026-05-18 17:48:15 INFO Epoch Start | Epoch: 37
2026-05-18 17:48:27 INFO Epoch Progress | Epoch: 37 | Loss: 0.6905 | LR: 1.25518e-07 | Progress: 1% | Step: 1/190
2026-05-18 17:49:35 INFO Epoch Progress | Epoch: 37 | Loss: 0.6914 | LR: 7.48973e-08 | Progress: 25% | Step: 48/190
2026-05-18 17:50:44 INFO Epoch Progress | Epoch: 37 | Loss: 0.6931 | LR: 3.66623e-08 | Progress: 51% | Step: 96/190
2026-05-18 17:51:53 INFO Epoch Progress | Epoch: 37 | Loss: 0.6908 | LR: 1.20421e-08 | Progress: 76% | Step: 144/190
2026-05-18 17:52:58 INFO Epoch Progress | Epoch: 37 | Loss: 0.6903 | LR: 1.22956e-09 | Progress: 100% | Step: 190/190
2026-05-18 17:56:30 INFO CSV Written | Epoch: 37
2026-05-18 17:56:30 INFO Epoch Done | Epoch: 37 | Time: 495.4878 | Train Loss: 0.6890 | Val Accuracy: 0.8417 | Val AUPRC: 0.9212 | Val Auroc: 0.9200 | Val F1: 0.8400 | Val Loss: 0.5629
2026-05-18 17:56:30 INFO Epoch Start | Epoch: 38
2026-05-18 17:56:42 INFO Epoch Progress | Epoch: 38 | Loss: 0.7097 | LR: 1.13347e-09 | Progress: 1% | Step: 1/190
2026-05-18 17:57:50 INFO Epoch Progress | Epoch: 38 | Loss: 0.6890 | LR: 4.00185e-10 | Progress: 25% | Step: 48/190
2026-05-18 17:59:01 INFO Epoch Progress | Epoch: 38 | Loss: 0.6885 | LR: 4.00185e-10 | Progress: 51% | Step: 96/190
2026-05-18 18:00:12 INFO Epoch Progress | Epoch: 38 | Loss: 0.6904 | LR: 4.00185e-10 | Progress: 76% | Step: 144/190
2026-05-18 18:01:16 INFO Epoch Progress | Epoch: 38 | Loss: 0.6913 | LR: 4.00185e-10 | Progress: 100% | Step: 190/190
2026-05-18 18:05:01 INFO CSV Written | Epoch: 38
2026-05-18 18:05:01 INFO Best Saved | Epoch: 38 | Monitor: val_auprc | Value: 0.9212
2026-05-18 18:05:01 INFO Epoch Done | Epoch: 38 | Time: 510.1833 | Train Loss: 0.6891 | Val Accuracy: 0.8417 | Val AUPRC: 0.9212 | Val Auroc: 0.9200 | Val F1: 0.8400 | Val Loss: 0.5629
2026-05-18 18:05:01 INFO Epoch Start | Epoch: 39
2026-05-18 18:05:13 INFO Epoch Progress | Epoch: 39 | Loss: 0.7251 | LR: 4.00185e-10 | Progress: 1% | Step: 1/190
2026-05-18 18:06:23 INFO Epoch Progress | Epoch: 39 | Loss: 0.6935 | LR: 4.00185e-10 | Progress: 25% | Step: 48/190
2026-05-18 18:07:34 INFO Epoch Progress | Epoch: 39 | Loss: 0.6921 | LR: 4.00185e-10 | Progress: 51% | Step: 96/190
2026-05-18 18:08:45 INFO Epoch Progress | Epoch: 39 | Loss: 0.6940 | LR: 4.00185e-10 | Progress: 76% | Step: 144/190
2026-05-18 18:09:51 INFO Epoch Progress | Epoch: 39 | Loss: 0.6926 | LR: 4.00185e-10 | Progress: 100% | Step: 190/190
2026-05-18 18:13:33 INFO CSV Written | Epoch: 39
2026-05-18 18:13:33 INFO Epoch Done | Epoch: 39 | Time: 512.1815 | Train Loss: 0.6901 | Val Accuracy: 0.8417 | Val AUPRC: 0.9212 | Val Auroc: 0.9200 | Val F1: 0.8400 | Val Loss: 0.5629
2026-05-18 18:13:33 INFO Epoch Start | Epoch: 40
2026-05-18 18:13:44 INFO Epoch Progress | Epoch: 40 | Loss: 0.6914 | LR: 4.00185e-10 | Progress: 1% | Step: 1/190
2026-05-18 18:14:53 INFO Epoch Progress | Epoch: 40 | Loss: 0.6853 | LR: 4.00185e-10 | Progress: 25% | Step: 48/190
2026-05-18 18:16:03 INFO Epoch Progress | Epoch: 40 | Loss: 0.6872 | LR: 4.00185e-10 | Progress: 51% | Step: 96/190
2026-05-18 18:17:14 INFO Epoch Progress | Epoch: 40 | Loss: 0.6886 | LR: 4.00185e-10 | Progress: 76% | Step: 144/190
2026-05-18 18:18:20 INFO Epoch Progress | Epoch: 40 | Loss: 0.6901 | LR: 4.00185e-10 | Progress: 100% | Step: 190/190
2026-05-18 18:21:59 INFO CSV Written | Epoch: 40
2026-05-18 18:21:59 INFO Epoch Done | Epoch: 40 | Time: 505.7066 | Train Loss: 0.6893 | Val Accuracy: 0.8417 | Val AUPRC: 0.9212 | Val Auroc: 0.9200 | Val F1: 0.8400 | Val Loss: 0.5629
2026-05-18 18:21:59 INFO Epoch Start | Epoch: 41
2026-05-18 18:22:10 INFO Epoch Progress | Epoch: 41 | Loss: 0.6610 | LR: 4.00185e-10 | Progress: 1% | Step: 1/190
2026-05-18 18:23:20 INFO Epoch Progress | Epoch: 41 | Loss: 0.6898 | LR: 4.00185e-10 | Progress: 25% | Step: 48/190
2026-05-18 18:24:31 INFO Epoch Progress | Epoch: 41 | Loss: 0.6905 | LR: 4.00185e-10 | Progress: 51% | Step: 96/190
2026-05-18 18:25:40 INFO Epoch Progress | Epoch: 41 | Loss: 0.6903 | LR: 4.00185e-10 | Progress: 76% | Step: 144/190
2026-05-18 18:26:45 INFO Epoch Progress | Epoch: 41 | Loss: 0.6898 | LR: 4.00185e-10 | Progress: 100% | Step: 190/190
2026-05-18 18:30:20 INFO CSV Written | Epoch: 41
2026-05-18 18:30:20 INFO Epoch Done | Epoch: 41 | Time: 501.6185 | Train Loss: 0.6896 | Val Accuracy: 0.8417 | Val AUPRC: 0.9212 | Val Auroc: 0.9200 | Val F1: 0.8400 | Val Loss: 0.5629
2026-05-18 18:30:20 INFO Epoch Start | Epoch: 42
2026-05-18 18:30:32 INFO Epoch Progress | Epoch: 42 | Loss: 0.6931 | LR: 4.00185e-10 | Progress: 1% | Step: 1/190
2026-05-18 18:31:41 INFO Epoch Progress | Epoch: 42 | Loss: 0.6888 | LR: 4.00185e-10 | Progress: 25% | Step: 48/190
2026-05-18 18:32:53 INFO Epoch Progress | Epoch: 42 | Loss: 0.6899 | LR: 4.00185e-10 | Progress: 51% | Step: 96/190
2026-05-18 18:34:04 INFO Epoch Progress | Epoch: 42 | Loss: 0.6886 | LR: 4.00185e-10 | Progress: 76% | Step: 144/190
2026-05-18 18:35:10 INFO Epoch Progress | Epoch: 42 | Loss: 0.6896 | LR: 4.00185e-10 | Progress: 100% | Step: 190/190
2026-05-18 18:38:49 INFO CSV Written | Epoch: 42
2026-05-18 18:38:49 INFO Epoch Done | Epoch: 42 | Time: 508.4363 | Train Loss: 0.6898 | Val Accuracy: 0.8417 | Val AUPRC: 0.9212 | Val Auroc: 0.9200 | Val F1: 0.8400 | Val Loss: 0.5629
2026-05-18 18:38:49 INFO Epoch Start | Epoch: 43
2026-05-18 18:38:59 INFO Epoch Progress | Epoch: 43 | Loss: 0.6902 | LR: 4.00185e-10 | Progress: 1% | Step: 1/190
2026-05-18 18:40:07 INFO Epoch Progress | Epoch: 43 | Loss: 0.6890 | LR: 4.00185e-10 | Progress: 25% | Step: 48/190
2026-05-18 18:41:18 INFO Epoch Progress | Epoch: 43 | Loss: 0.6898 | LR: 4.00185e-10 | Progress: 51% | Step: 96/190
2026-05-18 18:42:26 INFO Epoch Progress | Epoch: 43 | Loss: 0.6903 | LR: 4.00185e-10 | Progress: 76% | Step: 144/190
2026-05-18 18:43:32 INFO Epoch Progress | Epoch: 43 | Loss: 0.6902 | LR: 4.00185e-10 | Progress: 100% | Step: 190/190
2026-05-18 18:47:13 INFO CSV Written | Epoch: 43
2026-05-18 18:47:13 INFO Epoch Done | Epoch: 43 | Time: 504.6480 | Train Loss: 0.6896 | Val Accuracy: 0.8417 | Val AUPRC: 0.9212 | Val Auroc: 0.9200 | Val F1: 0.8400 | Val Loss: 0.5629
2026-05-18 18:47:13 INFO Epoch Start | Epoch: 44
2026-05-18 18:47:25 INFO Epoch Progress | Epoch: 44 | Loss: 0.6768 | LR: 4.00185e-10 | Progress: 1% | Step: 1/190
2026-05-18 18:48:35 INFO Epoch Progress | Epoch: 44 | Loss: 0.6888 | LR: 4.00185e-10 | Progress: 25% | Step: 48/190
2026-05-18 18:49:45 INFO Epoch Progress | Epoch: 44 | Loss: 0.6904 | LR: 4.00185e-10 | Progress: 51% | Step: 96/190
2026-05-18 18:50:56 INFO Epoch Progress | Epoch: 44 | Loss: 0.6896 | LR: 4.00185e-10 | Progress: 76% | Step: 144/190
2026-05-18 18:52:01 INFO Epoch Progress | Epoch: 44 | Loss: 0.6895 | LR: 4.00185e-10 | Progress: 100% | Step: 190/190
2026-05-18 18:55:38 INFO CSV Written | Epoch: 44
2026-05-18 18:55:38 INFO Epoch Done | Epoch: 44 | Time: 504.5720 | Train Loss: 0.6887 | Val Accuracy: 0.8417 | Val AUPRC: 0.9212 | Val Auroc: 0.9200 | Val F1: 0.8400 | Val Loss: 0.5629
2026-05-18 18:55:38 INFO Epoch Start | Epoch: 45
2026-05-18 18:55:47 INFO Epoch Progress | Epoch: 45 | Loss: 0.7235 | LR: 4.00185e-10 | Progress: 1% | Step: 1/190
2026-05-18 18:56:58 INFO Epoch Progress | Epoch: 45 | Loss: 0.6864 | LR: 4.00185e-10 | Progress: 25% | Step: 48/190
2026-05-18 18:58:10 INFO Epoch Progress | Epoch: 45 | Loss: 0.6872 | LR: 4.00185e-10 | Progress: 51% | Step: 96/190
2026-05-18 18:59:18 INFO Epoch Progress | Epoch: 45 | Loss: 0.6876 | LR: 4.00185e-10 | Progress: 76% | Step: 144/190
2026-05-18 19:00:22 INFO Epoch Progress | Epoch: 45 | Loss: 0.6884 | LR: 4.00185e-10 | Progress: 100% | Step: 190/190
2026-05-18 19:03:58 INFO CSV Written | Epoch: 45
2026-05-18 19:03:58 INFO Best Saved | Epoch: 45 | Monitor: val_auprc | Value: 0.9212
2026-05-18 19:03:58 INFO Epoch Done | Epoch: 45 | Time: 499.6567 | Train Loss: 0.6891 | Val Accuracy: 0.8417 | Val AUPRC: 0.9212 | Val Auroc: 0.9200 | Val F1: 0.8400 | Val Loss: 0.5629
2026-05-18 19:03:58 INFO Epoch Start | Epoch: 46
2026-05-18 19:04:08 INFO Epoch Progress | Epoch: 46 | Loss: 0.6994 | LR: 4.00185e-10 | Progress: 1% | Step: 1/190
2026-05-18 19:05:19 INFO Epoch Progress | Epoch: 46 | Loss: 0.6938 | LR: 4.00185e-10 | Progress: 25% | Step: 48/190
2026-05-18 19:06:30 INFO Epoch Progress | Epoch: 46 | Loss: 0.6928 | LR: 4.00185e-10 | Progress: 51% | Step: 96/190
2026-05-18 19:07:41 INFO Epoch Progress | Epoch: 46 | Loss: 0.6915 | LR: 4.00185e-10 | Progress: 76% | Step: 144/190
2026-05-18 19:08:47 INFO Epoch Progress | Epoch: 46 | Loss: 0.6918 | LR: 4.00185e-10 | Progress: 100% | Step: 190/190
2026-05-18 19:12:29 INFO CSV Written | Epoch: 46
2026-05-18 19:12:29 INFO Epoch Done | Epoch: 46 | Time: 511.0151 | Train Loss: 0.6894 | Val Accuracy: 0.8417 | Val AUPRC: 0.9212 | Val Auroc: 0.9200 | Val F1: 0.8400 | Val Loss: 0.5629
2026-05-18 19:12:29 INFO Epoch Start | Epoch: 47
2026-05-18 19:12:38 INFO Epoch Progress | Epoch: 47 | Loss: 0.7165 | LR: 4.00185e-10 | Progress: 1% | Step: 1/190
2026-05-18 19:13:48 INFO Epoch Progress | Epoch: 47 | Loss: 0.6909 | LR: 4.00185e-10 | Progress: 25% | Step: 48/190
2026-05-18 19:15:00 INFO Epoch Progress | Epoch: 47 | Loss: 0.6890 | LR: 4.00185e-10 | Progress: 51% | Step: 96/190
2026-05-18 19:16:12 INFO Epoch Progress | Epoch: 47 | Loss: 0.6901 | LR: 4.00185e-10 | Progress: 76% | Step: 144/190
2026-05-18 19:17:17 INFO Epoch Progress | Epoch: 47 | Loss: 0.6891 | LR: 4.00185e-10 | Progress: 100% | Step: 190/190
2026-05-18 19:20:59 INFO CSV Written | Epoch: 47
2026-05-18 19:20:59 INFO Epoch Done | Epoch: 47 | Time: 510.3322 | Train Loss: 0.6889 | Val Accuracy: 0.8417 | Val AUPRC: 0.9212 | Val Auroc: 0.9200 | Val F1: 0.8400 | Val Loss: 0.5629
2026-05-18 19:20:59 INFO Epoch Start | Epoch: 48
2026-05-18 19:21:10 INFO Epoch Progress | Epoch: 48 | Loss: 0.7016 | LR: 4.00185e-10 | Progress: 1% | Step: 1/190
2026-05-18 19:22:21 INFO Epoch Progress | Epoch: 48 | Loss: 0.6869 | LR: 4.00185e-10 | Progress: 25% | Step: 48/190
2026-05-18 19:23:31 INFO Epoch Progress | Epoch: 48 | Loss: 0.6900 | LR: 4.00185e-10 | Progress: 51% | Step: 96/190
2026-05-18 19:24:42 INFO Epoch Progress | Epoch: 48 | Loss: 0.6883 | LR: 4.00185e-10 | Progress: 76% | Step: 144/190
2026-05-18 19:25:48 INFO Epoch Progress | Epoch: 48 | Loss: 0.6893 | LR: 4.00185e-10 | Progress: 100% | Step: 190/190
2026-05-18 19:29:33 INFO CSV Written | Epoch: 48
2026-05-18 19:29:33 INFO Epoch Done | Epoch: 48 | Time: 513.9144 | Train Loss: 0.6887 | Val Accuracy: 0.8417 | Val AUPRC: 0.9212 | Val Auroc: 0.9200 | Val F1: 0.8400 | Val Loss: 0.5629
2026-05-18 19:29:33 INFO Epoch Start | Epoch: 49
2026-05-18 19:29:44 INFO Epoch Progress | Epoch: 49 | Loss: 0.7073 | LR: 4.00185e-10 | Progress: 1% | Step: 1/190
2026-05-18 19:30:53 INFO Epoch Progress | Epoch: 49 | Loss: 0.6939 | LR: 4.00185e-10 | Progress: 25% | Step: 48/190
2026-05-18 19:32:06 INFO Epoch Progress | Epoch: 49 | Loss: 0.6919 | LR: 4.00185e-10 | Progress: 51% | Step: 96/190
2026-05-18 19:33:16 INFO Epoch Progress | Epoch: 49 | Loss: 0.6923 | LR: 4.00185e-10 | Progress: 76% | Step: 144/190
2026-05-18 19:34:21 INFO Epoch Progress | Epoch: 49 | Loss: 0.6926 | LR: 4.00185e-10 | Progress: 100% | Step: 190/190
2026-05-18 19:37:57 INFO CSV Written | Epoch: 49
2026-05-18 19:37:57 INFO Epoch Done | Epoch: 49 | Time: 504.1914 | Train Loss: 0.6899 | Val Accuracy: 0.8417 | Val AUPRC: 0.9212 | Val Auroc: 0.9200 | Val F1: 0.8400 | Val Loss: 0.5629
2026-05-18 19:37:57 INFO Epoch Start | Epoch: 50
2026-05-18 19:38:08 INFO Epoch Progress | Epoch: 50 | Loss: 0.6762 | LR: 4.00185e-10 | Progress: 1% | Step: 1/190
2026-05-18 19:39:16 INFO Epoch Progress | Epoch: 50 | Loss: 0.6935 | LR: 4.00185e-10 | Progress: 25% | Step: 48/190
2026-05-18 19:40:28 INFO Epoch Progress | Epoch: 50 | Loss: 0.6952 | LR: 4.00185e-10 | Progress: 51% | Step: 96/190
2026-05-18 19:41:37 INFO Epoch Progress | Epoch: 50 | Loss: 0.6925 | LR: 4.00185e-10 | Progress: 76% | Step: 144/190
2026-05-18 19:42:42 INFO Epoch Progress | Epoch: 50 | Loss: 0.6920 | LR: 4.00185e-10 | Progress: 100% | Step: 190/190
2026-05-18 19:46:24 INFO CSV Written | Epoch: 50
2026-05-18 19:46:24 INFO Epoch Done | Epoch: 50 | Time: 506.3771 | Train Loss: 0.6908 | Val Accuracy: 0.8417 | Val AUPRC: 0.9212 | Val Auroc: 0.9200 | Val F1: 0.8400 | Val Loss: 0.5629
2026-05-18 19:46:24 INFO Stage Done | Run Id: pair_context_gated_sn_d64_s47
2026-05-18 19:46:24 INFO Stage Start | Checkpoint: models/v3.1/train/pair_context_gated_sn_d64_s47/best_model.pth | Run Id: pair_context_gated_sn_d64_s47
2026-05-18 19:46:24 INFO Checkpoint Loaded | Path: models/v3.1/train/pair_context_gated_sn_d64_s47/best_model.pth
2026-05-18 19:46:24 INFO Decision Threshold | Mode: fixed | Value: 0.5000
2026-05-18 19:54:02 INFO Evaluation Metrics | Accuracy: 0.6230 | AUPRC: 0.7125 | Auroc: 0.6797 | F1: 0.6101 | Mcc: 0.2465 | Precision: 0.6319 | Recall: 0.5897 | Sensitivity: 0.5897 | Specificity: 0.6562 | Split: test
2026-05-18 19:54:02 INFO CSV Written | Path: logs/v3.1/evaluate/pair_context_gated_sn_d64_s47/evaluate.csv
2026-05-18 19:54:02 INFO Stage Done | Run Id: pair_context_gated_sn_d64_s47
[rank0]:[W518 19:54:03.322829183 ProcessGroupNCCL.cpp:1553] Warning: WARNING: destroy_process_group() was not called before program exit, which can leak resources. For more info, please see https://pytorch.org/docs/stable/distributed.html#shutdown (function operator())

*****************************************
Setting OMP_NUM_THREADS environment variable for each process to be 1 in default, to avoid your system being overloaded, please further tune the variable for optimal performance in your application as needed. 
*****************************************
INFO:src.pipeline.__main__:Loaded config: configs/v3-1/0517/pair_context_gated_sn_d768_s47.yaml
WARNING:accelerate.utils.other:[RANK 0] Detected kernel version 3.10.0, which is below the recommended minimum of 5.5.0; this can cause the process to hang. It is recommended to upgrade the kernel to the minimum version or higher.
WARNING:py.warnings:/public/home/wangar2023/grand/.venv/lib/python3.11/site-packages/torch/distributed/c10d_logger.py:83: UserWarning: barrier(): using the device under current context. You can specify `device_id` in `init_process_group` to mute this warning.
  return func(*args, **kwargs)

2026-05-18 19:55:13 INFO Pipeline Runtime | Device: cuda:0 | Distributed: True | Test Batches: 1691 | Train Batches: 812 | Valid Batches: 762 | World Size: 4
2026-05-18 19:55:13 INFO Stage Start | Run Id: pair_context_gated_sn_d768_s47
2026-05-18 19:55:16 INFO Train Config | Epochs: 50 | Monitor: auprc | Patience: 10
2026-05-18 19:55:16 INFO Epoch Start | Epoch: 1
2026-05-18 19:55:22 INFO Epoch Progress | Epoch: 1 | Loss: 0.7036 | LR: 4.00023e-06 | Progress: 0% | Step: 1/812
2026-05-18 19:58:25 INFO Epoch Progress | Epoch: 1 | Loss: 0.6915 | LR: 1.30844e-05 | Progress: 25% | Step: 203/812
2026-05-18 20:01:29 INFO Epoch Progress | Epoch: 1 | Loss: 0.6525 | LR: 3.68989e-05 | Progress: 50% | Step: 406/812
2026-05-18 20:04:33 INFO Epoch Progress | Epoch: 1 | Loss: 0.6146 | LR: 6.65711e-05 | Progress: 75% | Step: 609/812
2026-05-18 20:07:37 INFO Epoch Progress | Epoch: 1 | Loss: 0.5847 | LR: 9.0675e-05 | Progress: 100% | Step: 812/812
2026-05-18 20:11:48 INFO CSV Written | Epoch: 1
WARNING:py.warnings:/public/home/wangar2023/grand/.venv/lib/python3.11/site-packages/deepspeed/runtime/zero/linear.py:47: FutureWarning: `torch.cuda.amp.custom_fwd(args...)` is deprecated. Please use `torch.amp.custom_fwd(args..., device_type='cuda')` instead.
  @autocast_custom_fwd

WARNING:py.warnings:/public/home/wangar2023/grand/.venv/lib/python3.11/site-packages/deepspeed/runtime/zero/linear.py:66: FutureWarning: `torch.cuda.amp.custom_bwd(args...)` is deprecated. Please use `torch.amp.custom_bwd(args..., device_type='cuda')` instead.
  @autocast_custom_bwd

2026-05-18 20:11:54 INFO Best Saved | Epoch: 1 | Monitor: val_auprc | Value: 0.8765
2026-05-18 20:11:54 INFO Epoch Done | Epoch: 1 | Time: 991.9689 | Train Loss: 0.5817 | Val Accuracy: 0.7810 | Val AUPRC: 0.8765 | Val Auroc: 0.8715 | Val F1: 0.7967 | Val Loss: 0.4936
2026-05-18 20:11:54 INFO Epoch Start | Epoch: 2
2026-05-18 20:11:57 INFO Epoch Progress | Epoch: 2 | Loss: 0.4358 | LR: 9.07628e-05 | Progress: 0% | Step: 1/812
2026-05-18 20:15:00 INFO Epoch Progress | Epoch: 2 | Loss: 0.4830 | LR: 9.99993e-05 | Progress: 25% | Step: 203/812
2026-05-18 20:18:03 INFO Epoch Progress | Epoch: 2 | Loss: 0.4754 | LR: 9.98803e-05 | Progress: 50% | Step: 406/812
2026-05-18 20:21:08 INFO Epoch Progress | Epoch: 2 | Loss: 0.4627 | LR: 9.95176e-05 | Progress: 75% | Step: 609/812
2026-05-18 20:24:12 INFO Epoch Progress | Epoch: 2 | Loss: 0.4547 | LR: 9.89136e-05 | Progress: 100% | Step: 812/812
2026-05-18 20:28:26 INFO CSV Written | Epoch: 2
2026-05-18 20:28:27 INFO Best Saved | Epoch: 2 | Monitor: val_auprc | Value: 0.9011
2026-05-18 20:28:27 INFO Epoch Done | Epoch: 2 | Time: 992.5228 | Train Loss: 0.4518 | Val Accuracy: 0.8165 | Val AUPRC: 0.9011 | Val Auroc: 0.9017 | Val F1: 0.8239 | Val Loss: 0.4455
2026-05-18 20:28:27 INFO Epoch Start | Epoch: 3
2026-05-18 20:28:30 INFO Epoch Progress | Epoch: 3 | Loss: 0.3477 | LR: 9.89101e-05 | Progress: 0% | Step: 1/812
2026-05-18 20:31:33 INFO Epoch Progress | Epoch: 3 | Loss: 0.4172 | LR: 9.80714e-05 | Progress: 25% | Step: 203/812
2026-05-18 20:34:36 INFO Epoch Progress | Epoch: 3 | Loss: 0.4104 | LR: 9.69949e-05 | Progress: 50% | Step: 406/812
2026-05-18 20:37:40 INFO Epoch Progress | Epoch: 3 | Loss: 0.4043 | LR: 9.56895e-05 | Progress: 75% | Step: 609/812
2026-05-18 20:40:43 INFO Epoch Progress | Epoch: 3 | Loss: 0.3995 | LR: 9.41615e-05 | Progress: 100% | Step: 812/812
2026-05-18 20:44:59 INFO CSV Written | Epoch: 3
2026-05-18 20:44:59 INFO Best Saved | Epoch: 3 | Monitor: val_auprc | Value: 0.9249
2026-05-18 20:44:59 INFO Epoch Done | Epoch: 3 | Time: 991.8290 | Train Loss: 0.3991 | Val Accuracy: 0.8462 | Val AUPRC: 0.9249 | Val Auroc: 0.9245 | Val F1: 0.8480 | Val Loss: 0.3956
2026-05-18 20:44:59 INFO Epoch Start | Epoch: 4
2026-05-18 20:45:02 INFO Epoch Progress | Epoch: 4 | Loss: 0.3354 | LR: 9.41535e-05 | Progress: 0% | Step: 1/812
2026-05-18 20:48:05 INFO Epoch Progress | Epoch: 4 | Loss: 0.3566 | LR: 9.24184e-05 | Progress: 25% | Step: 203/812
2026-05-18 20:51:08 INFO Epoch Progress | Epoch: 4 | Loss: 0.3583 | LR: 9.04686e-05 | Progress: 50% | Step: 406/812
2026-05-18 20:54:13 INFO Epoch Progress | Epoch: 4 | Loss: 0.3635 | LR: 8.83216e-05 | Progress: 75% | Step: 609/812
2026-05-18 20:57:17 INFO Epoch Progress | Epoch: 4 | Loss: 0.3627 | LR: 8.59879e-05 | Progress: 100% | Step: 812/812
2026-05-18 21:01:35 INFO CSV Written | Epoch: 4
2026-05-18 21:01:35 INFO Best Saved | Epoch: 4 | Monitor: val_auprc | Value: 0.9348
2026-05-18 21:01:35 INFO Epoch Done | Epoch: 4 | Time: 995.1747 | Train Loss: 0.3614 | Val Accuracy: 0.8562 | Val AUPRC: 0.9348 | Val Auroc: 0.9341 | Val F1: 0.8578 | Val Loss: 0.3764
2026-05-18 21:01:35 INFO Epoch Start | Epoch: 5
2026-05-18 21:01:38 INFO Epoch Progress | Epoch: 5 | Loss: 0.3676 | LR: 8.5976e-05 | Progress: 0% | Step: 1/812
2026-05-18 21:04:41 INFO Epoch Progress | Epoch: 5 | Loss: 0.3290 | LR: 8.3479e-05 | Progress: 25% | Step: 203/812
2026-05-18 21:07:44 INFO Epoch Progress | Epoch: 5 | Loss: 0.3274 | LR: 8.08069e-05 | Progress: 50% | Step: 406/812
2026-05-18 21:10:49 INFO Epoch Progress | Epoch: 5 | Loss: 0.3279 | LR: 7.79847e-05 | Progress: 75% | Step: 609/812
2026-05-18 21:13:53 INFO Epoch Progress | Epoch: 5 | Loss: 0.3305 | LR: 7.5041e-05 | Progress: 100% | Step: 812/812
2026-05-18 21:18:10 INFO CSV Written | Epoch: 5
2026-05-18 21:18:11 INFO Best Saved | Epoch: 5 | Monitor: val_auprc | Value: 0.9414
2026-05-18 21:18:11 INFO Epoch Done | Epoch: 5 | Time: 995.1008 | Train Loss: 0.3294 | Val Accuracy: 0.8650 | Val AUPRC: 0.9414 | Val Auroc: 0.9407 | Val F1: 0.8656 | Val Loss: 0.3679
2026-05-18 21:18:11 INFO Epoch Start | Epoch: 6
2026-05-18 21:18:25 INFO Epoch Progress | Epoch: 6 | Loss: 0.5321 | LR: 7.50262e-05 | Progress: 1% | Step: 1/190
2026-05-18 21:20:40 INFO Epoch Progress | Epoch: 6 | Loss: 0.6563 | LR: 7.43233e-05 | Progress: 25% | Step: 48/190
2026-05-18 21:22:51 INFO Epoch Progress | Epoch: 6 | Loss: 0.6475 | LR: 7.35988e-05 | Progress: 51% | Step: 96/190
2026-05-18 21:25:04 INFO Epoch Progress | Epoch: 6 | Loss: 0.6377 | LR: 7.2868e-05 | Progress: 76% | Step: 144/190
2026-05-18 21:27:09 INFO Epoch Progress | Epoch: 6 | Loss: 0.6391 | LR: 7.21618e-05 | Progress: 100% | Step: 190/190
2026-05-18 21:31:26 INFO CSV Written | Epoch: 6
2026-05-18 21:31:27 INFO Best Saved | Epoch: 6 | Monitor: val_auprc | Value: 0.9428
2026-05-18 21:31:27 INFO Epoch Done | Epoch: 6 | Time: 795.6310 | Train Loss: 0.6374 | Val Accuracy: 0.8727 | Val AUPRC: 0.9428 | Val Auroc: 0.9436 | Val F1: 0.8729 | Val Loss: 0.4373
2026-05-18 21:31:27 INFO Epoch Start | Epoch: 7
2026-05-18 21:31:42 INFO Epoch Progress | Epoch: 7 | Loss: 0.5959 | LR: 7.21463e-05 | Progress: 1% | Step: 1/190
2026-05-18 21:33:50 INFO Epoch Progress | Epoch: 7 | Loss: 0.5857 | LR: 7.14189e-05 | Progress: 25% | Step: 48/190
2026-05-18 21:36:00 INFO Epoch Progress | Epoch: 7 | Loss: 0.5940 | LR: 7.06702e-05 | Progress: 51% | Step: 96/190
2026-05-18 21:38:10 INFO Epoch Progress | Epoch: 7 | Loss: 0.5976 | LR: 6.99159e-05 | Progress: 76% | Step: 144/190
2026-05-18 21:40:14 INFO Epoch Progress | Epoch: 7 | Loss: 0.6017 | LR: 6.91879e-05 | Progress: 100% | Step: 190/190
2026-05-18 21:44:39 INFO CSV Written | Epoch: 7
2026-05-18 21:44:40 INFO Best Saved | Epoch: 7 | Monitor: val_auprc | Value: 0.9442
2026-05-18 21:44:40 INFO Epoch Done | Epoch: 7 | Time: 792.0427 | Train Loss: 0.5963 | Val Accuracy: 0.8721 | Val AUPRC: 0.9442 | Val Auroc: 0.9447 | Val F1: 0.8744 | Val Loss: 0.4144
2026-05-18 21:44:40 INFO Epoch Start | Epoch: 8
2026-05-18 21:44:55 INFO Epoch Progress | Epoch: 8 | Loss: 0.5989 | LR: 6.9172e-05 | Progress: 1% | Step: 1/190
2026-05-18 21:47:05 INFO Epoch Progress | Epoch: 8 | Loss: 0.5497 | LR: 6.84231e-05 | Progress: 25% | Step: 48/190
2026-05-18 21:49:17 INFO Epoch Progress | Epoch: 8 | Loss: 0.5625 | LR: 6.76534e-05 | Progress: 51% | Step: 96/190
2026-05-18 21:51:29 INFO Epoch Progress | Epoch: 8 | Loss: 0.5599 | LR: 6.68788e-05 | Progress: 76% | Step: 144/190
2026-05-18 21:53:35 INFO Epoch Progress | Epoch: 8 | Loss: 0.5616 | LR: 6.61321e-05 | Progress: 100% | Step: 190/190
2026-05-18 21:57:53 INFO CSV Written | Epoch: 8
2026-05-18 21:57:53 INFO Epoch Done | Epoch: 8 | Time: 793.3352 | Train Loss: 0.5609 | Val Accuracy: 0.8755 | Val AUPRC: 0.9431 | Val Auroc: 0.9453 | Val F1: 0.8743 | Val Loss: 0.3945
2026-05-18 21:57:53 INFO Epoch Start | Epoch: 9
2026-05-18 21:58:08 INFO Epoch Progress | Epoch: 9 | Loss: 0.5437 | LR: 6.61159e-05 | Progress: 1% | Step: 1/190
2026-05-18 22:00:18 INFO Epoch Progress | Epoch: 9 | Loss: 0.5118 | LR: 6.53487e-05 | Progress: 25% | Step: 48/190
2026-05-18 22:02:32 INFO Epoch Progress | Epoch: 9 | Loss: 0.5237 | LR: 6.45612e-05 | Progress: 51% | Step: 96/190
2026-05-18 22:04:45 INFO Epoch Progress | Epoch: 9 | Loss: 0.5272 | LR: 6.37696e-05 | Progress: 76% | Step: 144/190
2026-05-18 22:06:51 INFO Epoch Progress | Epoch: 9 | Loss: 0.5320 | LR: 6.30075e-05 | Progress: 100% | Step: 190/190
2026-05-18 22:11:07 INFO CSV Written | Epoch: 9
2026-05-18 22:11:07 INFO Best Saved | Epoch: 9 | Monitor: val_auprc | Value: 0.9454
2026-05-18 22:11:07 INFO Epoch Done | Epoch: 9 | Time: 793.7805 | Train Loss: 0.5275 | Val Accuracy: 0.8739 | Val AUPRC: 0.9454 | Val Auroc: 0.9453 | Val F1: 0.8752 | Val Loss: 0.3924
2026-05-18 22:11:07 INFO Epoch Start | Epoch: 10
2026-05-18 22:11:19 INFO Epoch Progress | Epoch: 10 | Loss: 0.5187 | LR: 6.29909e-05 | Progress: 1% | Step: 1/190
2026-05-18 22:13:25 INFO Epoch Progress | Epoch: 10 | Loss: 0.4836 | LR: 6.22088e-05 | Progress: 25% | Step: 48/190
2026-05-18 22:15:34 INFO Epoch Progress | Epoch: 10 | Loss: 0.4812 | LR: 6.14068e-05 | Progress: 51% | Step: 96/190
2026-05-18 22:17:43 INFO Epoch Progress | Epoch: 10 | Loss: 0.4786 | LR: 6.06017e-05 | Progress: 76% | Step: 144/190
2026-05-18 22:19:47 INFO Epoch Progress | Epoch: 10 | Loss: 0.4837 | LR: 5.98274e-05 | Progress: 100% | Step: 190/190
2026-05-18 22:24:03 INFO CSV Written | Epoch: 10
2026-05-18 22:24:03 INFO Epoch Done | Epoch: 10 | Time: 775.4953 | Train Loss: 0.4810 | Val Accuracy: 0.8801 | Val AUPRC: 0.9405 | Val Auroc: 0.9434 | Val F1: 0.8813 | Val Loss: 0.3737
2026-05-18 22:24:03 INFO Epoch Start | Epoch: 11
2026-05-18 22:24:17 INFO Epoch Progress | Epoch: 11 | Loss: 0.3293 | LR: 5.98105e-05 | Progress: 1% | Step: 1/190
2026-05-18 22:26:26 INFO Epoch Progress | Epoch: 11 | Loss: 0.4274 | LR: 5.90168e-05 | Progress: 25% | Step: 48/190
2026-05-18 22:28:37 INFO Epoch Progress | Epoch: 11 | Loss: 0.4373 | LR: 5.82038e-05 | Progress: 51% | Step: 96/190
2026-05-18 22:30:49 INFO Epoch Progress | Epoch: 11 | Loss: 0.4436 | LR: 5.73885e-05 | Progress: 76% | Step: 144/190
2026-05-18 22:32:53 INFO Epoch Progress | Epoch: 11 | Loss: 0.4440 | LR: 5.66053e-05 | Progress: 100% | Step: 190/190
2026-05-18 22:37:12 INFO CSV Written | Epoch: 11
2026-05-18 22:37:12 INFO Epoch Done | Epoch: 11 | Time: 788.7397 | Train Loss: 0.4419 | Val Accuracy: 0.8789 | Val AUPRC: 0.9396 | Val Auroc: 0.9399 | Val F1: 0.8775 | Val Loss: 0.3748
2026-05-18 22:37:12 INFO Epoch Start | Epoch: 12
2026-05-18 22:37:25 INFO Epoch Progress | Epoch: 12 | Loss: 0.3237 | LR: 5.65883e-05 | Progress: 1% | Step: 1/190
2026-05-18 22:39:32 INFO Epoch Progress | Epoch: 12 | Loss: 0.3845 | LR: 5.57863e-05 | Progress: 25% | Step: 48/190
2026-05-18 22:41:41 INFO Epoch Progress | Epoch: 12 | Loss: 0.3906 | LR: 5.49657e-05 | Progress: 51% | Step: 96/190
2026-05-18 22:43:52 INFO Epoch Progress | Epoch: 12 | Loss: 0.3956 | LR: 5.41438e-05 | Progress: 76% | Step: 144/190
2026-05-18 22:45:56 INFO Epoch Progress | Epoch: 12 | Loss: 0.3996 | LR: 5.33551e-05 | Progress: 100% | Step: 190/190
2026-05-18 22:50:09 INFO CSV Written | Epoch: 12
2026-05-18 22:50:09 INFO Epoch Done | Epoch: 12 | Time: 777.7022 | Train Loss: 0.4005 | Val Accuracy: 0.8765 | Val AUPRC: 0.9328 | Val Auroc: 0.9360 | Val F1: 0.8755 | Val Loss: 0.3819
2026-05-18 22:50:09 INFO Epoch Start | Epoch: 13
2026-05-18 22:50:24 INFO Epoch Progress | Epoch: 13 | Loss: 0.2432 | LR: 5.33379e-05 | Progress: 1% | Step: 1/190
2026-05-18 22:52:33 INFO Epoch Progress | Epoch: 13 | Loss: 0.3511 | LR: 5.25311e-05 | Progress: 25% | Step: 48/190
2026-05-18 22:54:45 INFO Epoch Progress | Epoch: 13 | Loss: 0.3506 | LR: 5.17065e-05 | Progress: 51% | Step: 96/190
2026-05-18 22:56:57 INFO Epoch Progress | Epoch: 13 | Loss: 0.3656 | LR: 5.08814e-05 | Progress: 76% | Step: 144/190
2026-05-18 22:59:01 INFO Epoch Progress | Epoch: 13 | Loss: 0.3666 | LR: 5.00905e-05 | Progress: 100% | Step: 190/190
2026-05-18 23:03:20 INFO CSV Written | Epoch: 13
2026-05-18 23:03:20 INFO Epoch Done | Epoch: 13 | Time: 790.5482 | Train Loss: 0.3683 | Val Accuracy: 0.8772 | Val AUPRC: 0.9348 | Val Auroc: 0.9384 | Val F1: 0.8760 | Val Loss: 0.3807
2026-05-18 23:03:20 INFO Epoch Start | Epoch: 14
2026-05-18 23:03:33 INFO Epoch Progress | Epoch: 14 | Loss: 0.2339 | LR: 5.00733e-05 | Progress: 1% | Step: 1/190
2026-05-18 23:05:41 INFO Epoch Progress | Epoch: 14 | Loss: 0.3369 | LR: 4.92651e-05 | Progress: 25% | Step: 48/190
2026-05-18 23:07:54 INFO Epoch Progress | Epoch: 14 | Loss: 0.3403 | LR: 4.844e-05 | Progress: 51% | Step: 96/190
2026-05-18 23:10:06 INFO Epoch Progress | Epoch: 14 | Loss: 0.3357 | LR: 4.76153e-05 | Progress: 76% | Step: 144/190
2026-05-18 23:12:10 INFO Epoch Progress | Epoch: 14 | Loss: 0.3356 | LR: 4.68255e-05 | Progress: 100% | Step: 190/190
2026-05-18 23:16:21 INFO CSV Written | Epoch: 14
2026-05-18 23:16:21 INFO Epoch Done | Epoch: 14 | Time: 780.8408 | Train Loss: 0.3333 | Val Accuracy: 0.8801 | Val AUPRC: 0.9330 | Val Auroc: 0.9383 | Val F1: 0.8794 | Val Loss: 0.3863
2026-05-18 23:16:21 INFO Epoch Start | Epoch: 15
2026-05-18 23:16:35 INFO Epoch Progress | Epoch: 15 | Loss: 0.3218 | LR: 4.68083e-05 | Progress: 1% | Step: 1/190
2026-05-18 23:18:44 INFO Epoch Progress | Epoch: 15 | Loss: 0.2920 | LR: 4.60023e-05 | Progress: 25% | Step: 48/190
2026-05-18 23:20:56 INFO Epoch Progress | Epoch: 15 | Loss: 0.3030 | LR: 4.51801e-05 | Progress: 51% | Step: 96/190
2026-05-18 23:23:08 INFO Epoch Progress | Epoch: 15 | Loss: 0.3081 | LR: 4.43593e-05 | Progress: 76% | Step: 144/190
2026-05-18 23:25:13 INFO Epoch Progress | Epoch: 15 | Loss: 0.3083 | LR: 4.35911e-05 | Progress: 100% | Step: 190/190
2026-05-18 23:29:29 INFO CSV Written | Epoch: 15
2026-05-18 23:29:29 INFO Epoch Done | Epoch: 15 | Time: 787.8110 | Train Loss: 0.3020 | Val Accuracy: 0.8812 | Val AUPRC: 0.9220 | Val Auroc: 0.9329 | Val F1: 0.8817 | Val Loss: 0.3910
2026-05-18 23:29:29 INFO Epoch Start | Epoch: 16
2026-05-18 23:29:43 INFO Epoch Progress | Epoch: 16 | Loss: 0.4785 | LR: 4.35741e-05 | Progress: 1% | Step: 1/190
2026-05-18 23:31:54 INFO Epoch Progress | Epoch: 16 | Loss: 0.2631 | LR: 4.27735e-05 | Progress: 25% | Step: 48/190
2026-05-18 23:34:06 INFO Epoch Progress | Epoch: 16 | Loss: 0.2698 | LR: 4.19578e-05 | Progress: 51% | Step: 96/190
2026-05-18 23:36:19 INFO Epoch Progress | Epoch: 16 | Loss: 0.2755 | LR: 4.11443e-05 | Progress: 76% | Step: 144/190
2026-05-18 23:38:26 INFO Epoch Progress | Epoch: 16 | Loss: 0.2778 | LR: 4.0367e-05 | Progress: 100% | Step: 190/190
2026-05-18 23:42:41 INFO CSV Written | Epoch: 16
2026-05-18 23:42:41 INFO Epoch Done | Epoch: 16 | Time: 792.5420 | Train Loss: 0.2794 | Val Accuracy: 0.8817 | Val AUPRC: 0.9149 | Val Auroc: 0.9311 | Val F1: 0.8827 | Val Loss: 0.4022
2026-05-18 23:42:41 INFO Epoch Start | Epoch: 17
2026-05-18 23:42:56 INFO Epoch Progress | Epoch: 17 | Loss: 0.2423 | LR: 4.03501e-05 | Progress: 1% | Step: 1/190
2026-05-18 23:45:06 INFO Epoch Progress | Epoch: 17 | Loss: 0.2440 | LR: 3.95584e-05 | Progress: 25% | Step: 48/190
2026-05-18 23:47:18 INFO Epoch Progress | Epoch: 17 | Loss: 0.2635 | LR: 3.87527e-05 | Progress: 51% | Step: 96/190
2026-05-18 23:49:30 INFO Epoch Progress | Epoch: 17 | Loss: 0.2599 | LR: 3.795e-05 | Progress: 76% | Step: 144/190
2026-05-18 23:51:37 INFO Epoch Progress | Epoch: 17 | Loss: 0.2628 | LR: 3.71839e-05 | Progress: 100% | Step: 190/190
2026-05-18 23:55:50 INFO CSV Written | Epoch: 17
2026-05-18 23:55:50 INFO Epoch Done | Epoch: 17 | Time: 789.2466 | Train Loss: 0.2621 | Val Accuracy: 0.8809 | Val AUPRC: 0.9169 | Val Auroc: 0.9311 | Val F1: 0.8812 | Val Loss: 0.4061
2026-05-18 23:55:50 INFO Epoch Start | Epoch: 18
2026-05-18 23:56:03 INFO Epoch Progress | Epoch: 18 | Loss: 0.1733 | LR: 3.71673e-05 | Progress: 1% | Step: 1/190
2026-05-18 23:58:13 INFO Epoch Progress | Epoch: 18 | Loss: 0.2313 | LR: 3.63879e-05 | Progress: 25% | Step: 48/190
2026-05-19 00:00:25 INFO Epoch Progress | Epoch: 18 | Loss: 0.2422 | LR: 3.55956e-05 | Progress: 51% | Step: 96/190
2026-05-19 00:02:39 INFO Epoch Progress | Epoch: 18 | Loss: 0.2411 | LR: 3.48072e-05 | Progress: 76% | Step: 144/190
2026-05-19 00:04:45 INFO Epoch Progress | Epoch: 18 | Loss: 0.2468 | LR: 3.40556e-05 | Progress: 100% | Step: 190/190
2026-05-19 00:09:01 INFO CSV Written | Epoch: 18
2026-05-19 00:09:01 INFO Epoch Done | Epoch: 18 | Time: 790.7967 | Train Loss: 0.2442 | Val Accuracy: 0.8794 | Val AUPRC: 0.9163 | Val Auroc: 0.9293 | Val F1: 0.8780 | Val Loss: 0.4167
2026-05-19 00:09:01 INFO Epoch Start | Epoch: 19
2026-05-19 00:09:16 INFO Epoch Progress | Epoch: 19 | Loss: 0.2829 | LR: 3.40393e-05 | Progress: 1% | Step: 1/190
2026-05-19 00:11:25 INFO Epoch Progress | Epoch: 19 | Loss: 0.2185 | LR: 3.32755e-05 | Progress: 25% | Step: 48/190
2026-05-19 00:13:38 INFO Epoch Progress | Epoch: 19 | Loss: 0.2211 | LR: 3.25e-05 | Progress: 51% | Step: 96/190
2026-05-19 00:15:52 INFO Epoch Progress | Epoch: 19 | Loss: 0.2256 | LR: 3.17292e-05 | Progress: 76% | Step: 144/190
2026-05-19 00:17:58 INFO Epoch Progress | Epoch: 19 | Loss: 0.2286 | LR: 3.09953e-05 | Progress: 100% | Step: 190/190
2026-05-19 00:22:13 INFO CSV Written | Epoch: 19
2026-05-19 00:22:13 INFO Epoch Done | Epoch: 19 | Time: 791.3380 | Train Loss: 0.2293 | Val Accuracy: 0.8799 | Val AUPRC: 0.8890 | Val Auroc: 0.9201 | Val F1: 0.8792 | Val Loss: 0.4384
2026-05-19 00:22:13 INFO Early Stop | Epoch: 19
2026-05-19 00:22:13 INFO Stage Done | Run Id: pair_context_gated_sn_d768_s47
2026-05-19 00:22:13 INFO Stage Start | Checkpoint: models/v3.1/train/pair_context_gated_sn_d768_s47/best_model.pth | Run Id: pair_context_gated_sn_d768_s47
2026-05-19 00:22:13 INFO Checkpoint Loaded | Path: models/v3.1/train/pair_context_gated_sn_d768_s47/best_model.pth
2026-05-19 00:22:13 INFO Decision Threshold | Mode: fixed | Value: 0.5000
2026-05-19 00:31:07 INFO Evaluation Metrics | Accuracy: 0.6195 | AUPRC: 0.7046 | Auroc: 0.6742 | F1: 0.6021 | Mcc: 0.2399 | Precision: 0.6310 | Recall: 0.5757 | Sensitivity: 0.5757 | Specificity: 0.6632 | Split: test
2026-05-19 00:31:07 INFO CSV Written | Path: logs/v3.1/evaluate/pair_context_gated_sn_d768_s47/evaluate.csv
2026-05-19 00:31:07 INFO Stage Done | Run Id: pair_context_gated_sn_d768_s47
[rank0]:[W519 00:31:08.558868208 ProcessGroupNCCL.cpp:1553] Warning: WARNING: destroy_process_group() was not called before program exit, which can leak resources. For more info, please see https://pytorch.org/docs/stable/distributed.html#shutdown (function operator())
