Warning: torch was built against CUDA 12.8, but using toolkit 12.5 at /public/software/CUDA/cuda-12.5.
Set GRAND_CUDA_VERSION or CUDA_HOME to an exact-match toolkit to avoid DS_SKIP_CUDA_CHECK=1.

*****************************************
Setting OMP_NUM_THREADS environment variable for each process to be 1 in default, to avoid your system being overloaded, please further tune the variable for optimal performance in your application as needed. 
*****************************************
INFO:src.pipeline.__main__:Loaded config: configs/v3-1/0430/cls_mean_attn_s101.yaml
WARNING:accelerate.utils.other:[RANK 0] Detected kernel version 3.10.0, which is below the recommended minimum of 5.5.0; this can cause the process to hang. It is recommended to upgrade the kernel to the minimum version or higher.
WARNING:py.warnings:/public/home/wangar2023/grand/.venv/lib/python3.11/site-packages/torch/distributed/c10d_logger.py:83: UserWarning: barrier(): using the device under current context. You can specify `device_id` in `init_process_group` to mute this warning.
  return func(*args, **kwargs)

2026-04-30 20:40:36 INFO Pipeline Runtime | Device: cuda:0 | Distributed: True | Test Batches: 1691 | Train Batches: 812 | Valid Batches: 762 | World Size: 4
2026-04-30 20:40:36 INFO Stage Start | Run Id: cls_mean_attn_s101
2026-04-30 20:40:38 INFO Train Config | Epochs: 50 | Monitor: auprc | Patience: 10
2026-04-30 20:40:38 INFO Epoch Start | Epoch: 1
2026-04-30 20:40:43 INFO Epoch Progress | Epoch: 1 | Loss: 1.0194 | LR: 4e-06 | Progress: 0% | Step: 1/812
2026-04-30 20:42:40 INFO Epoch Progress | Epoch: 1 | Loss: 0.7315 | LR: 1.30844e-05 | Progress: 25% | Step: 203/812
2026-04-30 20:44:37 INFO Epoch Progress | Epoch: 1 | Loss: 0.7195 | LR: 3.704e-05 | Progress: 50% | Step: 406/812
2026-04-30 20:46:33 INFO Epoch Progress | Epoch: 1 | Loss: 0.6866 | LR: 6.67126e-05 | Progress: 75% | Step: 609/812
2026-04-30 20:48:30 INFO Epoch Progress | Epoch: 1 | Loss: 0.6489 | LR: 9.07628e-05 | Progress: 100% | Step: 812/812
2026-04-30 20:52:20 INFO CSV Written | Epoch: 1
WARNING:py.warnings:/public/home/wangar2023/grand/.venv/lib/python3.11/site-packages/deepspeed/runtime/zero/linear.py:47: FutureWarning: `torch.cuda.amp.custom_fwd(args...)` is deprecated. Please use `torch.amp.custom_fwd(args..., device_type='cuda')` instead.
  @autocast_custom_fwd

WARNING:py.warnings:/public/home/wangar2023/grand/.venv/lib/python3.11/site-packages/deepspeed/runtime/zero/linear.py:66: FutureWarning: `torch.cuda.amp.custom_bwd(args...)` is deprecated. Please use `torch.amp.custom_bwd(args..., device_type='cuda')` instead.
  @autocast_custom_bwd

2026-04-30 20:52:27 INFO Best Saved | Epoch: 1 | Monitor: val_auprc | Value: 0.8548
2026-04-30 20:52:27 INFO Epoch Done | Epoch: 1 | Time: 702.3539 | Train Loss: 0.6472 | Val Accuracy: 0.7714 | Val AUPRC: 0.8548 | Val Auroc: 0.8567 | Val F1: 0.7589 | Val Loss: 0.5022
2026-04-30 20:52:27 INFO Epoch Start | Epoch: 2
2026-04-30 20:52:29 INFO Epoch Progress | Epoch: 2 | Loss: 0.4121 | LR: 9.08503e-05 | Progress: 0% | Step: 1/812
2026-04-30 20:54:26 INFO Epoch Progress | Epoch: 2 | Loss: 0.5006 | LR: 9.99999e-05 | Progress: 25% | Step: 203/812
2026-04-30 20:56:24 INFO Epoch Progress | Epoch: 2 | Loss: 0.4851 | LR: 9.98791e-05 | Progress: 50% | Step: 406/812
2026-04-30 20:58:21 INFO Epoch Progress | Epoch: 2 | Loss: 0.4801 | LR: 9.95152e-05 | Progress: 75% | Step: 609/812
2026-04-30 21:00:18 INFO Epoch Progress | Epoch: 2 | Loss: 0.4745 | LR: 9.89101e-05 | Progress: 100% | Step: 812/812
2026-04-30 21:03:58 INFO CSV Written | Epoch: 2
2026-04-30 21:03:58 INFO Best Saved | Epoch: 2 | Monitor: val_auprc | Value: 0.8958
2026-04-30 21:03:58 INFO Epoch Done | Epoch: 2 | Time: 690.8972 | Train Loss: 0.4754 | Val Accuracy: 0.8146 | Val AUPRC: 0.8958 | Val Auroc: 0.8972 | Val F1: 0.8145 | Val Loss: 0.4414
2026-04-30 21:03:58 INFO Epoch Start | Epoch: 3
2026-04-30 21:04:00 INFO Epoch Progress | Epoch: 3 | Loss: 0.4171 | LR: 9.89065e-05 | Progress: 0% | Step: 1/812
2026-04-30 21:05:57 INFO Epoch Progress | Epoch: 3 | Loss: 0.4284 | LR: 9.80666e-05 | Progress: 25% | Step: 203/812
2026-04-30 21:07:54 INFO Epoch Progress | Epoch: 3 | Loss: 0.4276 | LR: 9.69891e-05 | Progress: 50% | Step: 406/812
2026-04-30 21:09:51 INFO Epoch Progress | Epoch: 3 | Loss: 0.4213 | LR: 9.56895e-05 | Progress: 75% | Step: 609/812
2026-04-30 21:11:47 INFO Epoch Progress | Epoch: 3 | Loss: 0.4185 | LR: 9.41615e-05 | Progress: 100% | Step: 812/812
2026-04-30 21:15:30 INFO CSV Written | Epoch: 3
2026-04-30 21:15:30 INFO Best Saved | Epoch: 3 | Monitor: val_auprc | Value: 0.9136
2026-04-30 21:15:30 INFO Epoch Done | Epoch: 3 | Time: 691.9163 | Train Loss: 0.4193 | Val Accuracy: 0.8360 | Val AUPRC: 0.9136 | Val Auroc: 0.9154 | Val F1: 0.8350 | Val Loss: 0.4159
2026-04-30 21:15:30 INFO Epoch Start | Epoch: 4
2026-04-30 21:15:33 INFO Epoch Progress | Epoch: 4 | Loss: 0.5129 | LR: 9.41535e-05 | Progress: 0% | Step: 1/812
2026-04-30 21:17:30 INFO Epoch Progress | Epoch: 4 | Loss: 0.3913 | LR: 9.24184e-05 | Progress: 25% | Step: 203/812
2026-04-30 21:19:28 INFO Epoch Progress | Epoch: 4 | Loss: 0.3904 | LR: 9.04686e-05 | Progress: 50% | Step: 406/812
2026-04-30 21:21:26 INFO Epoch Progress | Epoch: 4 | Loss: 0.3864 | LR: 8.83216e-05 | Progress: 75% | Step: 609/812
2026-04-30 21:23:24 INFO Epoch Progress | Epoch: 4 | Loss: 0.3839 | LR: 8.59879e-05 | Progress: 100% | Step: 812/812
2026-04-30 21:27:05 INFO CSV Written | Epoch: 4
2026-04-30 21:27:05 INFO Best Saved | Epoch: 4 | Monitor: val_auprc | Value: 0.9211
2026-04-30 21:27:05 INFO Epoch Done | Epoch: 4 | Time: 694.5695 | Train Loss: 0.3841 | Val Accuracy: 0.8455 | Val AUPRC: 0.9211 | Val Auroc: 0.9235 | Val F1: 0.8445 | Val Loss: 0.3978
2026-04-30 21:27:05 INFO Epoch Start | Epoch: 5
2026-04-30 21:27:08 INFO Epoch Progress | Epoch: 5 | Loss: 0.3459 | LR: 8.5976e-05 | Progress: 0% | Step: 1/812
2026-04-30 21:29:05 INFO Epoch Progress | Epoch: 5 | Loss: 0.3536 | LR: 8.34917e-05 | Progress: 25% | Step: 203/812
2026-04-30 21:31:03 INFO Epoch Progress | Epoch: 5 | Loss: 0.3510 | LR: 8.08204e-05 | Progress: 50% | Step: 406/812
2026-04-30 21:33:01 INFO Epoch Progress | Epoch: 5 | Loss: 0.3519 | LR: 7.79989e-05 | Progress: 75% | Step: 609/812
2026-04-30 21:34:59 INFO Epoch Progress | Epoch: 5 | Loss: 0.3531 | LR: 7.5041e-05 | Progress: 100% | Step: 812/812
2026-04-30 21:38:42 INFO CSV Written | Epoch: 5
2026-04-30 21:38:43 INFO Best Saved | Epoch: 5 | Monitor: val_auprc | Value: 0.9299
2026-04-30 21:38:43 INFO Epoch Done | Epoch: 5 | Time: 697.1026 | Train Loss: 0.3532 | Val Accuracy: 0.8552 | Val AUPRC: 0.9299 | Val Auroc: 0.9310 | Val F1: 0.8570 | Val Loss: 0.3845
2026-04-30 21:38:43 INFO Epoch Start | Epoch: 6
2026-04-30 21:38:58 INFO Epoch Progress | Epoch: 6 | Loss: 0.9605 | LR: 7.50262e-05 | Progress: 1% | Step: 1/190
2026-04-30 21:40:32 INFO Epoch Progress | Epoch: 6 | Loss: 0.6960 | LR: 7.43233e-05 | Progress: 25% | Step: 48/190
2026-04-30 21:42:05 INFO Epoch Progress | Epoch: 6 | Loss: 0.6853 | LR: 7.35988e-05 | Progress: 51% | Step: 96/190
2026-04-30 21:43:38 INFO Epoch Progress | Epoch: 6 | Loss: 0.6850 | LR: 7.2868e-05 | Progress: 76% | Step: 144/190
2026-04-30 21:45:06 INFO Epoch Progress | Epoch: 6 | Loss: 0.6808 | LR: 7.21618e-05 | Progress: 100% | Step: 190/190
2026-04-30 21:48:57 INFO CSV Written | Epoch: 6
2026-04-30 21:48:57 INFO Best Saved | Epoch: 6 | Monitor: val_auprc | Value: 0.9372
2026-04-30 21:48:57 INFO Epoch Done | Epoch: 6 | Time: 614.4196 | Train Loss: 0.6826 | Val Accuracy: 0.8650 | Val AUPRC: 0.9372 | Val Auroc: 0.9383 | Val F1: 0.8656 | Val Loss: 0.4906
2026-04-30 21:48:57 INFO Epoch Start | Epoch: 7
2026-04-30 21:49:08 INFO Epoch Progress | Epoch: 7 | Loss: 0.7286 | LR: 7.21463e-05 | Progress: 1% | Step: 1/190
2026-04-30 21:50:39 INFO Epoch Progress | Epoch: 7 | Loss: 0.6538 | LR: 7.14189e-05 | Progress: 25% | Step: 48/190
2026-04-30 21:52:13 INFO Epoch Progress | Epoch: 7 | Loss: 0.6593 | LR: 7.06702e-05 | Progress: 51% | Step: 96/190
2026-04-30 21:53:48 INFO Epoch Progress | Epoch: 7 | Loss: 0.6549 | LR: 6.99159e-05 | Progress: 76% | Step: 144/190
2026-04-30 21:55:16 INFO Epoch Progress | Epoch: 7 | Loss: 0.6564 | LR: 6.91879e-05 | Progress: 100% | Step: 190/190
2026-04-30 21:58:55 INFO CSV Written | Epoch: 7
2026-04-30 21:58:55 INFO Epoch Done | Epoch: 7 | Time: 597.4675 | Train Loss: 0.6550 | Val Accuracy: 0.8634 | Val AUPRC: 0.9364 | Val Auroc: 0.9380 | Val F1: 0.8675 | Val Loss: 0.4735
2026-04-30 21:58:55 INFO Epoch Start | Epoch: 8
2026-04-30 21:59:05 INFO Epoch Progress | Epoch: 8 | Loss: 0.6325 | LR: 6.9172e-05 | Progress: 1% | Step: 1/190
2026-04-30 22:00:36 INFO Epoch Progress | Epoch: 8 | Loss: 0.6393 | LR: 6.84231e-05 | Progress: 25% | Step: 48/190
2026-04-30 22:02:10 INFO Epoch Progress | Epoch: 8 | Loss: 0.6414 | LR: 6.76534e-05 | Progress: 51% | Step: 96/190
2026-04-30 22:03:43 INFO Epoch Progress | Epoch: 8 | Loss: 0.6428 | LR: 6.68788e-05 | Progress: 76% | Step: 144/190
2026-04-30 22:05:12 INFO Epoch Progress | Epoch: 8 | Loss: 0.6461 | LR: 6.61321e-05 | Progress: 100% | Step: 190/190
2026-04-30 22:08:53 INFO CSV Written | Epoch: 8
2026-04-30 22:08:53 INFO Epoch Done | Epoch: 8 | Time: 597.7656 | Train Loss: 0.6417 | Val Accuracy: 0.8649 | Val AUPRC: 0.9355 | Val Auroc: 0.9379 | Val F1: 0.8675 | Val Loss: 0.4754
2026-04-30 22:08:53 INFO Epoch Start | Epoch: 9
2026-04-30 22:09:03 INFO Epoch Progress | Epoch: 9 | Loss: 0.5737 | LR: 6.61159e-05 | Progress: 1% | Step: 1/190
2026-04-30 22:10:36 INFO Epoch Progress | Epoch: 9 | Loss: 0.6294 | LR: 6.53487e-05 | Progress: 25% | Step: 48/190
2026-04-30 22:12:09 INFO Epoch Progress | Epoch: 9 | Loss: 0.6365 | LR: 6.45612e-05 | Progress: 51% | Step: 96/190
2026-04-30 22:13:41 INFO Epoch Progress | Epoch: 9 | Loss: 0.6332 | LR: 6.37696e-05 | Progress: 76% | Step: 144/190
2026-04-30 22:15:09 INFO Epoch Progress | Epoch: 9 | Loss: 0.6320 | LR: 6.30075e-05 | Progress: 100% | Step: 190/190
2026-04-30 22:18:55 INFO CSV Written | Epoch: 9
2026-04-30 22:18:55 INFO Epoch Done | Epoch: 9 | Time: 602.0896 | Train Loss: 0.6290 | Val Accuracy: 0.8667 | Val AUPRC: 0.9345 | Val Auroc: 0.9379 | Val F1: 0.8691 | Val Loss: 0.4407
2026-04-30 22:18:55 INFO Epoch Start | Epoch: 10
2026-04-30 22:19:05 INFO Epoch Progress | Epoch: 10 | Loss: 0.5907 | LR: 6.29909e-05 | Progress: 1% | Step: 1/190
2026-04-30 22:20:36 INFO Epoch Progress | Epoch: 10 | Loss: 0.5832 | LR: 6.22088e-05 | Progress: 25% | Step: 48/190
2026-04-30 22:22:07 INFO Epoch Progress | Epoch: 10 | Loss: 0.5929 | LR: 6.14068e-05 | Progress: 51% | Step: 96/190
2026-04-30 22:23:41 INFO Epoch Progress | Epoch: 10 | Loss: 0.5995 | LR: 6.06017e-05 | Progress: 76% | Step: 144/190
2026-04-30 22:25:08 INFO Epoch Progress | Epoch: 10 | Loss: 0.6045 | LR: 5.98274e-05 | Progress: 100% | Step: 190/190
2026-04-30 22:28:53 INFO CSV Written | Epoch: 10
2026-04-30 22:28:53 INFO Epoch Done | Epoch: 10 | Time: 597.9259 | Train Loss: 0.6087 | Val Accuracy: 0.8677 | Val AUPRC: 0.9347 | Val Auroc: 0.9379 | Val F1: 0.8668 | Val Loss: 0.4432
2026-04-30 22:28:53 INFO Epoch Start | Epoch: 11
2026-04-30 22:29:03 INFO Epoch Progress | Epoch: 11 | Loss: 0.6363 | LR: 5.98105e-05 | Progress: 1% | Step: 1/190
2026-04-30 22:30:36 INFO Epoch Progress | Epoch: 11 | Loss: 0.5832 | LR: 5.90168e-05 | Progress: 25% | Step: 48/190
2026-04-30 22:32:10 INFO Epoch Progress | Epoch: 11 | Loss: 0.5945 | LR: 5.82038e-05 | Progress: 51% | Step: 96/190
2026-04-30 22:33:45 INFO Epoch Progress | Epoch: 11 | Loss: 0.5917 | LR: 5.73885e-05 | Progress: 76% | Step: 144/190
2026-04-30 22:35:12 INFO Epoch Progress | Epoch: 11 | Loss: 0.5892 | LR: 5.66053e-05 | Progress: 100% | Step: 190/190
2026-04-30 22:38:53 INFO CSV Written | Epoch: 11
2026-04-30 22:38:53 INFO Epoch Done | Epoch: 11 | Time: 599.8268 | Train Loss: 0.5868 | Val Accuracy: 0.8645 | Val AUPRC: 0.9355 | Val Auroc: 0.9379 | Val F1: 0.8621 | Val Loss: 0.4236
2026-04-30 22:38:53 INFO Epoch Start | Epoch: 12
2026-04-30 22:39:03 INFO Epoch Progress | Epoch: 12 | Loss: 0.3995 | LR: 5.65883e-05 | Progress: 1% | Step: 1/190
2026-04-30 22:40:34 INFO Epoch Progress | Epoch: 12 | Loss: 0.5619 | LR: 5.57863e-05 | Progress: 25% | Step: 48/190
2026-04-30 22:42:05 INFO Epoch Progress | Epoch: 12 | Loss: 0.5664 | LR: 5.49657e-05 | Progress: 51% | Step: 96/190
2026-04-30 22:43:38 INFO Epoch Progress | Epoch: 12 | Loss: 0.5593 | LR: 5.41438e-05 | Progress: 76% | Step: 144/190
2026-04-30 22:45:05 INFO Epoch Progress | Epoch: 12 | Loss: 0.5645 | LR: 5.33551e-05 | Progress: 100% | Step: 190/190
2026-04-30 22:48:49 INFO CSV Written | Epoch: 12
2026-04-30 22:48:49 INFO Epoch Done | Epoch: 12 | Time: 596.2684 | Train Loss: 0.5633 | Val Accuracy: 0.8668 | Val AUPRC: 0.9351 | Val Auroc: 0.9381 | Val F1: 0.8647 | Val Loss: 0.4184
2026-04-30 22:48:49 INFO Epoch Start | Epoch: 13
2026-04-30 22:48:59 INFO Epoch Progress | Epoch: 13 | Loss: 0.6541 | LR: 5.33379e-05 | Progress: 1% | Step: 1/190
2026-04-30 22:50:31 INFO Epoch Progress | Epoch: 13 | Loss: 0.5100 | LR: 5.25483e-05 | Progress: 25% | Step: 48/190
2026-04-30 22:52:04 INFO Epoch Progress | Epoch: 13 | Loss: 0.5367 | LR: 5.17237e-05 | Progress: 51% | Step: 96/190
2026-04-30 22:53:37 INFO Epoch Progress | Epoch: 13 | Loss: 0.5387 | LR: 5.08986e-05 | Progress: 76% | Step: 144/190
2026-04-30 22:55:06 INFO Epoch Progress | Epoch: 13 | Loss: 0.5361 | LR: 5.01077e-05 | Progress: 100% | Step: 190/190
2026-04-30 22:58:47 INFO CSV Written | Epoch: 13
2026-04-30 22:58:47 INFO Epoch Done | Epoch: 13 | Time: 598.1473 | Train Loss: 0.5389 | Val Accuracy: 0.8697 | Val AUPRC: 0.9358 | Val Auroc: 0.9385 | Val F1: 0.8692 | Val Loss: 0.3978
2026-04-30 22:58:47 INFO Epoch Start | Epoch: 14
2026-04-30 22:58:58 INFO Epoch Progress | Epoch: 14 | Loss: 0.5522 | LR: 5.00905e-05 | Progress: 1% | Step: 1/190
2026-04-30 23:00:30 INFO Epoch Progress | Epoch: 14 | Loss: 0.5138 | LR: 4.92823e-05 | Progress: 25% | Step: 48/190
2026-04-30 23:02:04 INFO Epoch Progress | Epoch: 14 | Loss: 0.5046 | LR: 4.84572e-05 | Progress: 51% | Step: 96/190
2026-04-30 23:03:39 INFO Epoch Progress | Epoch: 14 | Loss: 0.5086 | LR: 4.76324e-05 | Progress: 76% | Step: 144/190
2026-04-30 23:05:07 INFO Epoch Progress | Epoch: 14 | Loss: 0.5127 | LR: 4.68427e-05 | Progress: 100% | Step: 190/190
2026-04-30 23:08:50 INFO CSV Written | Epoch: 14
2026-04-30 23:08:50 INFO Epoch Done | Epoch: 14 | Time: 602.7921 | Train Loss: 0.5195 | Val Accuracy: 0.8678 | Val AUPRC: 0.9326 | Val Auroc: 0.9368 | Val F1: 0.8672 | Val Loss: 0.3986
2026-04-30 23:08:50 INFO Epoch Start | Epoch: 15
2026-04-30 23:09:00 INFO Epoch Progress | Epoch: 15 | Loss: 0.4900 | LR: 4.68255e-05 | Progress: 1% | Step: 1/190
2026-04-30 23:10:33 INFO Epoch Progress | Epoch: 15 | Loss: 0.5009 | LR: 4.60194e-05 | Progress: 25% | Step: 48/190
2026-04-30 23:12:07 INFO Epoch Progress | Epoch: 15 | Loss: 0.4929 | LR: 4.51972e-05 | Progress: 51% | Step: 96/190
2026-04-30 23:13:41 INFO Epoch Progress | Epoch: 15 | Loss: 0.4906 | LR: 4.43764e-05 | Progress: 76% | Step: 144/190
2026-04-30 23:15:10 INFO Epoch Progress | Epoch: 15 | Loss: 0.4935 | LR: 4.35911e-05 | Progress: 100% | Step: 190/190
2026-04-30 23:18:50 INFO CSV Written | Epoch: 15
2026-04-30 23:18:50 INFO Epoch Done | Epoch: 15 | Time: 599.9974 | Train Loss: 0.4921 | Val Accuracy: 0.8675 | Val AUPRC: 0.9326 | Val Auroc: 0.9355 | Val F1: 0.8684 | Val Loss: 0.3981
2026-04-30 23:18:50 INFO Epoch Start | Epoch: 16
2026-04-30 23:19:00 INFO Epoch Progress | Epoch: 16 | Loss: 0.3670 | LR: 4.35741e-05 | Progress: 1% | Step: 1/190
2026-04-30 23:20:33 INFO Epoch Progress | Epoch: 16 | Loss: 0.4436 | LR: 4.27735e-05 | Progress: 25% | Step: 48/190
2026-04-30 23:22:07 INFO Epoch Progress | Epoch: 16 | Loss: 0.4486 | LR: 4.19578e-05 | Progress: 51% | Step: 96/190
2026-04-30 23:23:41 INFO Epoch Progress | Epoch: 16 | Loss: 0.4625 | LR: 4.11443e-05 | Progress: 76% | Step: 144/190
2026-04-30 23:25:08 INFO Epoch Progress | Epoch: 16 | Loss: 0.4654 | LR: 4.0367e-05 | Progress: 100% | Step: 190/190
2026-04-30 23:28:52 INFO CSV Written | Epoch: 16
2026-04-30 23:28:52 INFO Epoch Done | Epoch: 16 | Time: 601.9557 | Train Loss: 0.4684 | Val Accuracy: 0.8686 | Val AUPRC: 0.9265 | Val Auroc: 0.9325 | Val F1: 0.8696 | Val Loss: 0.3937
2026-04-30 23:28:52 INFO Early Stop | Epoch: 16
2026-04-30 23:28:52 INFO Stage Done | Run Id: cls_mean_attn_s101
2026-04-30 23:28:52 INFO Stage Start | Checkpoint: models/v3.1/train/cls_mean_attn_s101/best_model.pth | Run Id: cls_mean_attn_s101
2026-04-30 23:28:52 INFO Checkpoint Loaded | Path: models/v3.1/train/cls_mean_attn_s101/best_model.pth
2026-04-30 23:28:52 INFO Decision Threshold | Mode: fixed | Value: 0.5000
2026-04-30 23:36:38 INFO Evaluation Metrics | Accuracy: 0.6110 | AUPRC: 0.6876 | Auroc: 0.6639 | F1: 0.5926 | Mcc: 0.2230 | Precision: 0.6223 | Recall: 0.5655 | Sensitivity: 0.5655 | Specificity: 0.6565 | Split: test
2026-04-30 23:36:38 INFO CSV Written | Path: logs/v3.1/evaluate/cls_mean_attn_s101/evaluate.csv
2026-04-30 23:36:38 INFO Stage Done | Run Id: cls_mean_attn_s101
[rank0]:[W430 23:36:39.014538337 ProcessGroupNCCL.cpp:1553] Warning: WARNING: destroy_process_group() was not called before program exit, which can leak resources. For more info, please see https://pytorch.org/docs/stable/distributed.html#shutdown (function operator())

*****************************************
Setting OMP_NUM_THREADS environment variable for each process to be 1 in default, to avoid your system being overloaded, please further tune the variable for optimal performance in your application as needed. 
*****************************************
INFO:src.pipeline.__main__:Loaded config: configs/v3-1/0430/cls_mean_attn_s13.yaml
WARNING:accelerate.utils.other:[RANK 0] Detected kernel version 3.10.0, which is below the recommended minimum of 5.5.0; this can cause the process to hang. It is recommended to upgrade the kernel to the minimum version or higher.
WARNING:py.warnings:/public/home/wangar2023/grand/.venv/lib/python3.11/site-packages/torch/distributed/c10d_logger.py:83: UserWarning: barrier(): using the device under current context. You can specify `device_id` in `init_process_group` to mute this warning.
  return func(*args, **kwargs)

2026-04-30 23:37:43 INFO Pipeline Runtime | Device: cuda:0 | Distributed: True | Test Batches: 1691 | Train Batches: 812 | Valid Batches: 762 | World Size: 4
2026-04-30 23:37:43 INFO Stage Start | Run Id: cls_mean_attn_s13
2026-04-30 23:37:45 INFO Train Config | Epochs: 50 | Monitor: auprc | Patience: 10
2026-04-30 23:37:45 INFO Epoch Start | Epoch: 1
2026-04-30 23:37:51 INFO Epoch Progress | Epoch: 1 | Loss: 0.7227 | LR: 4.00023e-06 | Progress: 0% | Step: 1/812
2026-04-30 23:39:49 INFO Epoch Progress | Epoch: 1 | Loss: 0.7246 | LR: 1.31716e-05 | Progress: 25% | Step: 203/812
2026-04-30 23:41:46 INFO Epoch Progress | Epoch: 1 | Loss: 0.7136 | LR: 3.71813e-05 | Progress: 50% | Step: 406/812
2026-04-30 23:43:44 INFO Epoch Progress | Epoch: 1 | Loss: 0.6922 | LR: 6.6854e-05 | Progress: 75% | Step: 609/812
2026-04-30 23:45:41 INFO Epoch Progress | Epoch: 1 | Loss: 0.6560 | LR: 9.08503e-05 | Progress: 100% | Step: 812/812
2026-04-30 23:49:24 INFO CSV Written | Epoch: 1
WARNING:py.warnings:/public/home/wangar2023/grand/.venv/lib/python3.11/site-packages/deepspeed/runtime/zero/linear.py:47: FutureWarning: `torch.cuda.amp.custom_fwd(args...)` is deprecated. Please use `torch.amp.custom_fwd(args..., device_type='cuda')` instead.
  @autocast_custom_fwd

WARNING:py.warnings:/public/home/wangar2023/grand/.venv/lib/python3.11/site-packages/deepspeed/runtime/zero/linear.py:66: FutureWarning: `torch.cuda.amp.custom_bwd(args...)` is deprecated. Please use `torch.amp.custom_bwd(args..., device_type='cuda')` instead.
  @autocast_custom_bwd

2026-04-30 23:49:28 INFO Best Saved | Epoch: 1 | Monitor: val_auprc | Value: 0.8470
2026-04-30 23:49:28 INFO Epoch Done | Epoch: 1 | Time: 698.1666 | Train Loss: 0.6545 | Val Accuracy: 0.7696 | Val AUPRC: 0.8470 | Val Auroc: 0.8498 | Val F1: 0.7618 | Val Loss: 0.5081
2026-04-30 23:49:28 INFO Epoch Start | Epoch: 2
2026-04-30 23:49:31 INFO Epoch Progress | Epoch: 2 | Loss: 0.6148 | LR: 9.09374e-05 | Progress: 0% | Step: 1/812
2026-04-30 23:51:28 INFO Epoch Progress | Epoch: 2 | Loss: 0.5075 | LR: 0.0001 | Progress: 25% | Step: 203/812
2026-04-30 23:53:24 INFO Epoch Progress | Epoch: 2 | Loss: 0.4955 | LR: 9.98779e-05 | Progress: 50% | Step: 406/812
2026-04-30 23:55:22 INFO Epoch Progress | Epoch: 2 | Loss: 0.4890 | LR: 9.95152e-05 | Progress: 75% | Step: 609/812
2026-04-30 23:57:19 INFO Epoch Progress | Epoch: 2 | Loss: 0.4797 | LR: 9.89101e-05 | Progress: 100% | Step: 812/812
2026-05-01 00:01:07 INFO CSV Written | Epoch: 2
2026-05-01 00:01:07 INFO Best Saved | Epoch: 2 | Monitor: val_auprc | Value: 0.8935
2026-05-01 00:01:07 INFO Epoch Done | Epoch: 2 | Time: 698.2454 | Train Loss: 0.4780 | Val Accuracy: 0.8135 | Val AUPRC: 0.8935 | Val Auroc: 0.8952 | Val F1: 0.8183 | Val Loss: 0.4485
2026-05-01 00:01:07 INFO Epoch Start | Epoch: 3
2026-05-01 00:01:09 INFO Epoch Progress | Epoch: 3 | Loss: 0.3328 | LR: 9.89065e-05 | Progress: 0% | Step: 1/812
2026-05-01 00:03:06 INFO Epoch Progress | Epoch: 3 | Loss: 0.4385 | LR: 9.80666e-05 | Progress: 25% | Step: 203/812
2026-05-01 00:05:04 INFO Epoch Progress | Epoch: 3 | Loss: 0.4322 | LR: 9.69891e-05 | Progress: 50% | Step: 406/812
2026-05-01 00:07:01 INFO Epoch Progress | Epoch: 3 | Loss: 0.4249 | LR: 9.56825e-05 | Progress: 75% | Step: 609/812
2026-05-01 00:08:59 INFO Epoch Progress | Epoch: 3 | Loss: 0.4232 | LR: 9.41535e-05 | Progress: 100% | Step: 812/812
2026-05-01 00:12:44 INFO CSV Written | Epoch: 3
2026-05-01 00:12:45 INFO Best Saved | Epoch: 3 | Monitor: val_auprc | Value: 0.9137
2026-05-01 00:12:45 INFO Epoch Done | Epoch: 3 | Time: 697.4948 | Train Loss: 0.4236 | Val Accuracy: 0.8337 | Val AUPRC: 0.9137 | Val Auroc: 0.9141 | Val F1: 0.8327 | Val Loss: 0.4179
2026-05-01 00:12:45 INFO Epoch Start | Epoch: 4
2026-05-01 00:12:47 INFO Epoch Progress | Epoch: 4 | Loss: 0.2989 | LR: 9.41454e-05 | Progress: 0% | Step: 1/812
2026-05-01 00:14:44 INFO Epoch Progress | Epoch: 4 | Loss: 0.3936 | LR: 9.24093e-05 | Progress: 25% | Step: 203/812
2026-05-01 00:16:41 INFO Epoch Progress | Epoch: 4 | Loss: 0.3894 | LR: 9.04585e-05 | Progress: 50% | Step: 406/812
2026-05-01 00:18:38 INFO Epoch Progress | Epoch: 4 | Loss: 0.3833 | LR: 8.83106e-05 | Progress: 75% | Step: 609/812
2026-05-01 00:20:36 INFO Epoch Progress | Epoch: 4 | Loss: 0.3857 | LR: 8.5976e-05 | Progress: 100% | Step: 812/812
2026-05-01 00:24:19 INFO CSV Written | Epoch: 4
2026-05-01 00:24:19 INFO Best Saved | Epoch: 4 | Monitor: val_auprc | Value: 0.9248
2026-05-01 00:24:19 INFO Epoch Done | Epoch: 4 | Time: 694.0617 | Train Loss: 0.3854 | Val Accuracy: 0.8475 | Val AUPRC: 0.9248 | Val Auroc: 0.9258 | Val F1: 0.8491 | Val Loss: 0.4009
2026-05-01 00:24:19 INFO Epoch Start | Epoch: 5
2026-05-01 00:24:22 INFO Epoch Progress | Epoch: 5 | Loss: 0.3936 | LR: 8.59641e-05 | Progress: 0% | Step: 1/812
2026-05-01 00:26:17 INFO Epoch Progress | Epoch: 5 | Loss: 0.3551 | LR: 8.34662e-05 | Progress: 25% | Step: 203/812
2026-05-01 00:28:14 INFO Epoch Progress | Epoch: 5 | Loss: 0.3557 | LR: 8.08069e-05 | Progress: 50% | Step: 406/812
2026-05-01 00:30:10 INFO Epoch Progress | Epoch: 5 | Loss: 0.3562 | LR: 7.79847e-05 | Progress: 75% | Step: 609/812
2026-05-01 00:32:06 INFO Epoch Progress | Epoch: 5 | Loss: 0.3577 | LR: 7.50262e-05 | Progress: 100% | Step: 812/812
2026-05-01 00:35:50 INFO CSV Written | Epoch: 5
2026-05-01 00:35:50 INFO Best Saved | Epoch: 5 | Monitor: val_auprc | Value: 0.9303
2026-05-01 00:35:50 INFO Epoch Done | Epoch: 5 | Time: 690.5400 | Train Loss: 0.3562 | Val Accuracy: 0.8564 | Val AUPRC: 0.9303 | Val Auroc: 0.9324 | Val F1: 0.8591 | Val Loss: 0.3874
2026-05-01 00:35:50 INFO Epoch Start | Epoch: 6
2026-05-01 00:36:05 INFO Epoch Progress | Epoch: 6 | Loss: 0.9608 | LR: 7.50113e-05 | Progress: 1% | Step: 1/190
2026-05-01 00:37:39 INFO Epoch Progress | Epoch: 6 | Loss: 0.7099 | LR: 7.43082e-05 | Progress: 25% | Step: 48/190
2026-05-01 00:39:13 INFO Epoch Progress | Epoch: 6 | Loss: 0.6971 | LR: 7.35837e-05 | Progress: 51% | Step: 96/190
2026-05-01 00:40:48 INFO Epoch Progress | Epoch: 6 | Loss: 0.6893 | LR: 7.28527e-05 | Progress: 76% | Step: 144/190
2026-05-01 00:42:15 INFO Epoch Progress | Epoch: 6 | Loss: 0.6841 | LR: 7.21463e-05 | Progress: 100% | Step: 190/190
2026-05-01 00:45:59 INFO CSV Written | Epoch: 6
2026-05-01 00:45:59 INFO Best Saved | Epoch: 6 | Monitor: val_auprc | Value: 0.9350
2026-05-01 00:45:59 INFO Epoch Done | Epoch: 6 | Time: 608.6958 | Train Loss: 0.6812 | Val Accuracy: 0.8650 | Val AUPRC: 0.9350 | Val Auroc: 0.9367 | Val F1: 0.8657 | Val Loss: 0.4842
2026-05-01 00:45:59 INFO Epoch Start | Epoch: 7
2026-05-01 00:46:09 INFO Epoch Progress | Epoch: 7 | Loss: 0.6374 | LR: 7.21309e-05 | Progress: 1% | Step: 1/190
2026-05-01 00:47:41 INFO Epoch Progress | Epoch: 7 | Loss: 0.6664 | LR: 7.14034e-05 | Progress: 25% | Step: 48/190
2026-05-01 00:49:15 INFO Epoch Progress | Epoch: 7 | Loss: 0.6553 | LR: 7.06546e-05 | Progress: 51% | Step: 96/190
2026-05-01 00:50:49 INFO Epoch Progress | Epoch: 7 | Loss: 0.6573 | LR: 6.99001e-05 | Progress: 76% | Step: 144/190
2026-05-01 00:52:17 INFO Epoch Progress | Epoch: 7 | Loss: 0.6555 | LR: 6.9172e-05 | Progress: 100% | Step: 190/190
2026-05-01 00:55:59 INFO CSV Written | Epoch: 7
2026-05-01 00:55:59 INFO Best Saved | Epoch: 7 | Monitor: val_auprc | Value: 0.9365
2026-05-01 00:55:59 INFO Epoch Done | Epoch: 7 | Time: 600.2074 | Train Loss: 0.6540 | Val Accuracy: 0.8619 | Val AUPRC: 0.9365 | Val Auroc: 0.9378 | Val F1: 0.8580 | Val Loss: 0.4675
2026-05-01 00:55:59 INFO Epoch Start | Epoch: 8
2026-05-01 00:56:07 INFO Epoch Progress | Epoch: 8 | Loss: 0.6326 | LR: 6.91561e-05 | Progress: 1% | Step: 1/190
2026-05-01 00:57:40 INFO Epoch Progress | Epoch: 8 | Loss: 0.6081 | LR: 6.84072e-05 | Progress: 25% | Step: 48/190
2026-05-01 00:59:15 INFO Epoch Progress | Epoch: 8 | Loss: 0.6247 | LR: 6.76373e-05 | Progress: 51% | Step: 96/190
2026-05-01 01:00:50 INFO Epoch Progress | Epoch: 8 | Loss: 0.6313 | LR: 6.68626e-05 | Progress: 76% | Step: 144/190
2026-05-01 01:02:18 INFO Epoch Progress | Epoch: 8 | Loss: 0.6395 | LR: 6.61159e-05 | Progress: 100% | Step: 190/190
2026-05-01 01:06:00 INFO CSV Written | Epoch: 8
2026-05-01 01:06:00 INFO Epoch Done | Epoch: 8 | Time: 600.4885 | Train Loss: 0.6392 | Val Accuracy: 0.8665 | Val AUPRC: 0.9350 | Val Auroc: 0.9373 | Val F1: 0.8683 | Val Loss: 0.4773
2026-05-01 01:06:00 INFO Epoch Start | Epoch: 9
2026-05-01 01:06:10 INFO Epoch Progress | Epoch: 9 | Loss: 0.6754 | LR: 6.60996e-05 | Progress: 1% | Step: 1/190
2026-05-01 01:07:41 INFO Epoch Progress | Epoch: 9 | Loss: 0.6194 | LR: 6.53324e-05 | Progress: 25% | Step: 48/190
2026-05-01 01:09:13 INFO Epoch Progress | Epoch: 9 | Loss: 0.6241 | LR: 6.45447e-05 | Progress: 51% | Step: 96/190
2026-05-01 01:10:48 INFO Epoch Progress | Epoch: 9 | Loss: 0.6336 | LR: 6.37531e-05 | Progress: 76% | Step: 144/190
2026-05-01 01:12:16 INFO Epoch Progress | Epoch: 9 | Loss: 0.6320 | LR: 6.29909e-05 | Progress: 100% | Step: 190/190
2026-05-01 01:15:57 INFO CSV Written | Epoch: 9
2026-05-01 01:15:57 INFO Epoch Done | Epoch: 9 | Time: 596.7434 | Train Loss: 0.6224 | Val Accuracy: 0.8643 | Val AUPRC: 0.9343 | Val Auroc: 0.9368 | Val F1: 0.8637 | Val Loss: 0.4414
2026-05-01 01:15:57 INFO Epoch Start | Epoch: 10
2026-05-01 01:16:07 INFO Epoch Progress | Epoch: 10 | Loss: 0.7701 | LR: 6.29743e-05 | Progress: 1% | Step: 1/190
2026-05-01 01:17:40 INFO Epoch Progress | Epoch: 10 | Loss: 0.6109 | LR: 6.21922e-05 | Progress: 25% | Step: 48/190
2026-05-01 01:19:14 INFO Epoch Progress | Epoch: 10 | Loss: 0.6163 | LR: 6.13901e-05 | Progress: 51% | Step: 96/190
2026-05-01 01:20:48 INFO Epoch Progress | Epoch: 10 | Loss: 0.6123 | LR: 6.05849e-05 | Progress: 76% | Step: 144/190
2026-05-01 01:22:17 INFO Epoch Progress | Epoch: 10 | Loss: 0.6112 | LR: 5.98105e-05 | Progress: 100% | Step: 190/190
2026-05-01 01:26:00 INFO CSV Written | Epoch: 10
2026-05-01 01:26:00 INFO Epoch Done | Epoch: 10 | Time: 603.6630 | Train Loss: 0.6016 | Val Accuracy: 0.8648 | Val AUPRC: 0.9344 | Val Auroc: 0.9372 | Val F1: 0.8651 | Val Loss: 0.4347
2026-05-01 01:26:00 INFO Epoch Start | Epoch: 11
2026-05-01 01:26:10 INFO Epoch Progress | Epoch: 11 | Loss: 0.4996 | LR: 5.97937e-05 | Progress: 1% | Step: 1/190
2026-05-01 01:27:43 INFO Epoch Progress | Epoch: 11 | Loss: 0.5564 | LR: 5.89999e-05 | Progress: 25% | Step: 48/190
2026-05-01 01:29:17 INFO Epoch Progress | Epoch: 11 | Loss: 0.5799 | LR: 5.81868e-05 | Progress: 51% | Step: 96/190
2026-05-01 01:30:51 INFO Epoch Progress | Epoch: 11 | Loss: 0.5896 | LR: 5.73715e-05 | Progress: 76% | Step: 144/190
2026-05-01 01:32:20 INFO Epoch Progress | Epoch: 11 | Loss: 0.5884 | LR: 5.65883e-05 | Progress: 100% | Step: 190/190
2026-05-01 01:36:03 INFO CSV Written | Epoch: 11
2026-05-01 01:36:03 INFO Epoch Done | Epoch: 11 | Time: 603.1257 | Train Loss: 0.5833 | Val Accuracy: 0.8605 | Val AUPRC: 0.9356 | Val Auroc: 0.9369 | Val F1: 0.8567 | Val Loss: 0.4191
2026-05-01 01:36:03 INFO Epoch Start | Epoch: 12
2026-05-01 01:36:14 INFO Epoch Progress | Epoch: 12 | Loss: 0.4374 | LR: 5.65712e-05 | Progress: 1% | Step: 1/190
2026-05-01 01:37:45 INFO Epoch Progress | Epoch: 12 | Loss: 0.5457 | LR: 5.57692e-05 | Progress: 25% | Step: 48/190
2026-05-01 01:39:18 INFO Epoch Progress | Epoch: 12 | Loss: 0.5525 | LR: 5.49657e-05 | Progress: 51% | Step: 96/190
2026-05-01 01:40:49 INFO Epoch Progress | Epoch: 12 | Loss: 0.5580 | LR: 5.41438e-05 | Progress: 76% | Step: 144/190
2026-05-01 01:42:17 INFO Epoch Progress | Epoch: 12 | Loss: 0.5613 | LR: 5.33551e-05 | Progress: 100% | Step: 190/190
2026-05-01 01:46:00 INFO CSV Written | Epoch: 12
2026-05-01 01:46:00 INFO Epoch Done | Epoch: 12 | Time: 596.1144 | Train Loss: 0.5552 | Val Accuracy: 0.8668 | Val AUPRC: 0.9318 | Val Auroc: 0.9352 | Val F1: 0.8676 | Val Loss: 0.4045
2026-05-01 01:46:00 INFO Epoch Start | Epoch: 13
2026-05-01 01:46:09 INFO Epoch Progress | Epoch: 13 | Loss: 0.3637 | LR: 5.33379e-05 | Progress: 1% | Step: 1/190
2026-05-01 01:47:41 INFO Epoch Progress | Epoch: 13 | Loss: 0.5249 | LR: 5.25311e-05 | Progress: 25% | Step: 48/190
2026-05-01 01:49:14 INFO Epoch Progress | Epoch: 13 | Loss: 0.5208 | LR: 5.17065e-05 | Progress: 51% | Step: 96/190
2026-05-01 01:50:49 INFO Epoch Progress | Epoch: 13 | Loss: 0.5328 | LR: 5.08814e-05 | Progress: 76% | Step: 144/190
2026-05-01 01:52:16 INFO Epoch Progress | Epoch: 13 | Loss: 0.5311 | LR: 5.00905e-05 | Progress: 100% | Step: 190/190
2026-05-01 01:55:57 INFO CSV Written | Epoch: 13
2026-05-01 01:55:57 INFO Epoch Done | Epoch: 13 | Time: 597.7745 | Train Loss: 0.5271 | Val Accuracy: 0.8682 | Val AUPRC: 0.9348 | Val Auroc: 0.9367 | Val F1: 0.8672 | Val Loss: 0.3981
2026-05-01 01:55:57 INFO Epoch Start | Epoch: 14
2026-05-01 01:56:08 INFO Epoch Progress | Epoch: 14 | Loss: 0.4840 | LR: 5.00733e-05 | Progress: 1% | Step: 1/190
2026-05-01 01:57:40 INFO Epoch Progress | Epoch: 14 | Loss: 0.5142 | LR: 4.92651e-05 | Progress: 25% | Step: 48/190
2026-05-01 01:59:15 INFO Epoch Progress | Epoch: 14 | Loss: 0.5171 | LR: 4.844e-05 | Progress: 51% | Step: 96/190
2026-05-01 02:00:49 INFO Epoch Progress | Epoch: 14 | Loss: 0.5228 | LR: 4.76153e-05 | Progress: 76% | Step: 144/190
2026-05-01 02:02:17 INFO Epoch Progress | Epoch: 14 | Loss: 0.5171 | LR: 4.68255e-05 | Progress: 100% | Step: 190/190
2026-05-01 02:05:59 INFO CSV Written | Epoch: 14
2026-05-01 02:05:59 INFO Epoch Done | Epoch: 14 | Time: 601.5860 | Train Loss: 0.5042 | Val Accuracy: 0.8694 | Val AUPRC: 0.9344 | Val Auroc: 0.9374 | Val F1: 0.8679 | Val Loss: 0.3897
2026-05-01 02:05:59 INFO Epoch Start | Epoch: 15
2026-05-01 02:06:09 INFO Epoch Progress | Epoch: 15 | Loss: 0.4256 | LR: 4.68083e-05 | Progress: 1% | Step: 1/190
2026-05-01 02:07:40 INFO Epoch Progress | Epoch: 15 | Loss: 0.4887 | LR: 4.60023e-05 | Progress: 25% | Step: 48/190
2026-05-01 02:09:14 INFO Epoch Progress | Epoch: 15 | Loss: 0.4885 | LR: 4.51801e-05 | Progress: 51% | Step: 96/190
2026-05-01 02:10:48 INFO Epoch Progress | Epoch: 15 | Loss: 0.4847 | LR: 4.43593e-05 | Progress: 76% | Step: 144/190
2026-05-01 02:12:16 INFO Epoch Progress | Epoch: 15 | Loss: 0.4850 | LR: 4.35741e-05 | Progress: 100% | Step: 190/190
2026-05-01 02:16:01 INFO CSV Written | Epoch: 15
2026-05-01 02:16:01 INFO Epoch Done | Epoch: 15 | Time: 601.6528 | Train Loss: 0.4772 | Val Accuracy: 0.8679 | Val AUPRC: 0.9327 | Val Auroc: 0.9351 | Val F1: 0.8673 | Val Loss: 0.3887
2026-05-01 02:16:01 INFO Epoch Start | Epoch: 16
2026-05-01 02:16:10 INFO Epoch Progress | Epoch: 16 | Loss: 0.3944 | LR: 4.3557e-05 | Progress: 1% | Step: 1/190
2026-05-01 02:17:43 INFO Epoch Progress | Epoch: 16 | Loss: 0.4513 | LR: 4.27565e-05 | Progress: 25% | Step: 48/190
2026-05-01 02:19:17 INFO Epoch Progress | Epoch: 16 | Loss: 0.4475 | LR: 4.19408e-05 | Progress: 51% | Step: 96/190
2026-05-01 02:20:52 INFO Epoch Progress | Epoch: 16 | Loss: 0.4555 | LR: 4.11274e-05 | Progress: 76% | Step: 144/190
2026-05-01 02:22:19 INFO Epoch Progress | Epoch: 16 | Loss: 0.4585 | LR: 4.03501e-05 | Progress: 100% | Step: 190/190
2026-05-01 02:26:02 INFO CSV Written | Epoch: 16
2026-05-01 02:26:02 INFO Epoch Done | Epoch: 16 | Time: 601.6652 | Train Loss: 0.4512 | Val Accuracy: 0.8686 | Val AUPRC: 0.9320 | Val Auroc: 0.9333 | Val F1: 0.8673 | Val Loss: 0.3909
2026-05-01 02:26:02 INFO Epoch Start | Epoch: 17
2026-05-01 02:26:12 INFO Epoch Progress | Epoch: 17 | Loss: 0.3922 | LR: 4.03332e-05 | Progress: 1% | Step: 1/190
2026-05-01 02:27:45 INFO Epoch Progress | Epoch: 17 | Loss: 0.4273 | LR: 3.95416e-05 | Progress: 25% | Step: 48/190
2026-05-01 02:29:19 INFO Epoch Progress | Epoch: 17 | Loss: 0.4315 | LR: 3.87359e-05 | Progress: 51% | Step: 96/190
2026-05-01 02:30:53 INFO Epoch Progress | Epoch: 17 | Loss: 0.4311 | LR: 3.79334e-05 | Progress: 76% | Step: 144/190
2026-05-01 02:32:22 INFO Epoch Progress | Epoch: 17 | Loss: 0.4366 | LR: 3.71673e-05 | Progress: 100% | Step: 190/190
2026-05-01 02:36:04 INFO CSV Written | Epoch: 17
2026-05-01 02:36:04 INFO Epoch Done | Epoch: 17 | Time: 602.0787 | Train Loss: 0.4317 | Val Accuracy: 0.8702 | Val AUPRC: 0.9271 | Val Auroc: 0.9317 | Val F1: 0.8723 | Val Loss: 0.3884
2026-05-01 02:36:04 INFO Early Stop | Epoch: 17
2026-05-01 02:36:04 INFO Stage Done | Run Id: cls_mean_attn_s13
2026-05-01 02:36:04 INFO Stage Start | Checkpoint: models/v3.1/train/cls_mean_attn_s13/best_model.pth | Run Id: cls_mean_attn_s13
2026-05-01 02:36:04 INFO Checkpoint Loaded | Path: models/v3.1/train/cls_mean_attn_s13/best_model.pth
2026-05-01 02:36:04 INFO Decision Threshold | Mode: fixed | Value: 0.5000
2026-05-01 02:43:50 INFO Evaluation Metrics | Accuracy: 0.6111 | AUPRC: 0.6868 | Auroc: 0.6609 | F1: 0.5665 | Mcc: 0.2272 | Precision: 0.6401 | Recall: 0.5081 | Sensitivity: 0.5081 | Specificity: 0.7142 | Split: test
2026-05-01 02:43:50 INFO CSV Written | Path: logs/v3.1/evaluate/cls_mean_attn_s13/evaluate.csv
2026-05-01 02:43:50 INFO Stage Done | Run Id: cls_mean_attn_s13
[rank0]:[W501 02:43:51.624742458 ProcessGroupNCCL.cpp:1553] Warning: WARNING: destroy_process_group() was not called before program exit, which can leak resources. For more info, please see https://pytorch.org/docs/stable/distributed.html#shutdown (function operator())

*****************************************
Setting OMP_NUM_THREADS environment variable for each process to be 1 in default, to avoid your system being overloaded, please further tune the variable for optimal performance in your application as needed. 
*****************************************
INFO:src.pipeline.__main__:Loaded config: configs/v3-1/0430/cls_mean_attn_s47.yaml
WARNING:accelerate.utils.other:[RANK 0] Detected kernel version 3.10.0, which is below the recommended minimum of 5.5.0; this can cause the process to hang. It is recommended to upgrade the kernel to the minimum version or higher.
WARNING:py.warnings:/public/home/wangar2023/grand/.venv/lib/python3.11/site-packages/torch/distributed/c10d_logger.py:83: UserWarning: barrier(): using the device under current context. You can specify `device_id` in `init_process_group` to mute this warning.
  return func(*args, **kwargs)

2026-05-01 02:44:56 INFO Pipeline Runtime | Device: cuda:0 | Distributed: True | Test Batches: 1691 | Train Batches: 812 | Valid Batches: 762 | World Size: 4
2026-05-01 02:44:56 INFO Stage Start | Run Id: cls_mean_attn_s47
2026-05-01 02:44:59 INFO Train Config | Epochs: 50 | Monitor: auprc | Patience: 10
2026-05-01 02:44:59 INFO Epoch Start | Epoch: 1
2026-05-01 02:45:04 INFO Epoch Progress | Epoch: 1 | Loss: 0.7002 | LR: 4.00023e-06 | Progress: 0% | Step: 1/812
2026-05-01 02:47:00 INFO Epoch Progress | Epoch: 1 | Loss: 0.7217 | LR: 1.30844e-05 | Progress: 25% | Step: 203/812
2026-05-01 02:48:57 INFO Epoch Progress | Epoch: 1 | Loss: 0.7143 | LR: 3.704e-05 | Progress: 50% | Step: 406/812
2026-05-01 02:50:55 INFO Epoch Progress | Epoch: 1 | Loss: 0.6940 | LR: 6.67126e-05 | Progress: 75% | Step: 609/812
2026-05-01 02:52:51 INFO Epoch Progress | Epoch: 1 | Loss: 0.6588 | LR: 9.07628e-05 | Progress: 100% | Step: 812/812
2026-05-01 02:56:35 INFO CSV Written | Epoch: 1
WARNING:py.warnings:/public/home/wangar2023/grand/.venv/lib/python3.11/site-packages/deepspeed/runtime/zero/linear.py:47: FutureWarning: `torch.cuda.amp.custom_fwd(args...)` is deprecated. Please use `torch.amp.custom_fwd(args..., device_type='cuda')` instead.
  @autocast_custom_fwd

WARNING:py.warnings:/public/home/wangar2023/grand/.venv/lib/python3.11/site-packages/deepspeed/runtime/zero/linear.py:66: FutureWarning: `torch.cuda.amp.custom_bwd(args...)` is deprecated. Please use `torch.amp.custom_bwd(args..., device_type='cuda')` instead.
  @autocast_custom_bwd

2026-05-01 02:56:41 INFO Best Saved | Epoch: 1 | Monitor: val_auprc | Value: 0.8398
2026-05-01 02:56:41 INFO Epoch Done | Epoch: 1 | Time: 696.6993 | Train Loss: 0.6604 | Val Accuracy: 0.7624 | Val AUPRC: 0.8398 | Val Auroc: 0.8480 | Val F1: 0.7812 | Val Loss: 0.5173
2026-05-01 02:56:41 INFO Epoch Start | Epoch: 2
2026-05-01 02:56:43 INFO Epoch Progress | Epoch: 2 | Loss: 0.5111 | LR: 9.08503e-05 | Progress: 0% | Step: 1/812
2026-05-01 02:58:40 INFO Epoch Progress | Epoch: 2 | Loss: 0.5030 | LR: 9.99999e-05 | Progress: 25% | Step: 203/812
2026-05-01 03:00:37 INFO Epoch Progress | Epoch: 2 | Loss: 0.4933 | LR: 9.98791e-05 | Progress: 50% | Step: 406/812
2026-05-01 03:02:35 INFO Epoch Progress | Epoch: 2 | Loss: 0.4819 | LR: 9.95152e-05 | Progress: 75% | Step: 609/812
2026-05-01 03:04:32 INFO Epoch Progress | Epoch: 2 | Loss: 0.4751 | LR: 9.89101e-05 | Progress: 100% | Step: 812/812
2026-05-01 03:08:11 INFO CSV Written | Epoch: 2
2026-05-01 03:08:11 INFO Best Saved | Epoch: 2 | Monitor: val_auprc | Value: 0.8975
2026-05-01 03:08:11 INFO Epoch Done | Epoch: 2 | Time: 690.4949 | Train Loss: 0.4752 | Val Accuracy: 0.8168 | Val AUPRC: 0.8975 | Val Auroc: 0.8971 | Val F1: 0.8192 | Val Loss: 0.4465
2026-05-01 03:08:11 INFO Epoch Start | Epoch: 3
2026-05-01 03:08:14 INFO Epoch Progress | Epoch: 3 | Loss: 0.2924 | LR: 9.89065e-05 | Progress: 0% | Step: 1/812
2026-05-01 03:10:11 INFO Epoch Progress | Epoch: 3 | Loss: 0.4354 | LR: 9.80666e-05 | Progress: 25% | Step: 203/812
2026-05-01 03:12:08 INFO Epoch Progress | Epoch: 3 | Loss: 0.4309 | LR: 9.69949e-05 | Progress: 50% | Step: 406/812
2026-05-01 03:14:05 INFO Epoch Progress | Epoch: 3 | Loss: 0.4242 | LR: 9.56895e-05 | Progress: 75% | Step: 609/812
2026-05-01 03:16:02 INFO Epoch Progress | Epoch: 3 | Loss: 0.4203 | LR: 9.41615e-05 | Progress: 100% | Step: 812/812
2026-05-01 03:19:40 INFO CSV Written | Epoch: 3
2026-05-01 03:19:40 INFO Best Saved | Epoch: 3 | Monitor: val_auprc | Value: 0.9137
2026-05-01 03:19:40 INFO Epoch Done | Epoch: 3 | Time: 688.1685 | Train Loss: 0.4190 | Val Accuracy: 0.8354 | Val AUPRC: 0.9137 | Val Auroc: 0.9150 | Val F1: 0.8380 | Val Loss: 0.4118
2026-05-01 03:19:40 INFO Epoch Start | Epoch: 4
2026-05-01 03:19:42 INFO Epoch Progress | Epoch: 4 | Loss: 0.3809 | LR: 9.41535e-05 | Progress: 0% | Step: 1/812
2026-05-01 03:21:39 INFO Epoch Progress | Epoch: 4 | Loss: 0.3729 | LR: 9.24184e-05 | Progress: 25% | Step: 203/812
2026-05-01 03:23:37 INFO Epoch Progress | Epoch: 4 | Loss: 0.3742 | LR: 9.04686e-05 | Progress: 50% | Step: 406/812
2026-05-01 03:25:35 INFO Epoch Progress | Epoch: 4 | Loss: 0.3777 | LR: 8.83216e-05 | Progress: 75% | Step: 609/812
2026-05-01 03:27:31 INFO Epoch Progress | Epoch: 4 | Loss: 0.3778 | LR: 8.59879e-05 | Progress: 100% | Step: 812/812
2026-05-01 03:31:12 INFO CSV Written | Epoch: 4
2026-05-01 03:31:12 INFO Best Saved | Epoch: 4 | Monitor: val_auprc | Value: 0.9276
2026-05-01 03:31:12 INFO Epoch Done | Epoch: 4 | Time: 692.0277 | Train Loss: 0.3798 | Val Accuracy: 0.8494 | Val AUPRC: 0.9276 | Val Auroc: 0.9282 | Val F1: 0.8482 | Val Loss: 0.3887
2026-05-01 03:31:12 INFO Epoch Start | Epoch: 5
2026-05-01 03:31:15 INFO Epoch Progress | Epoch: 5 | Loss: 0.3248 | LR: 8.5976e-05 | Progress: 0% | Step: 1/812
2026-05-01 03:33:11 INFO Epoch Progress | Epoch: 5 | Loss: 0.3496 | LR: 8.3479e-05 | Progress: 25% | Step: 203/812
2026-05-01 03:35:08 INFO Epoch Progress | Epoch: 5 | Loss: 0.3506 | LR: 8.08204e-05 | Progress: 50% | Step: 406/812
2026-05-01 03:37:05 INFO Epoch Progress | Epoch: 5 | Loss: 0.3535 | LR: 7.79989e-05 | Progress: 75% | Step: 609/812
2026-05-01 03:39:02 INFO Epoch Progress | Epoch: 5 | Loss: 0.3537 | LR: 7.5041e-05 | Progress: 100% | Step: 812/812
2026-05-01 03:42:43 INFO CSV Written | Epoch: 5
2026-05-01 03:42:43 INFO Best Saved | Epoch: 5 | Monitor: val_auprc | Value: 0.9303
2026-05-01 03:42:43 INFO Epoch Done | Epoch: 5 | Time: 690.7032 | Train Loss: 0.3528 | Val Accuracy: 0.8540 | Val AUPRC: 0.9303 | Val Auroc: 0.9318 | Val F1: 0.8585 | Val Loss: 0.3950
2026-05-01 03:42:43 INFO Epoch Start | Epoch: 6
2026-05-01 03:42:59 INFO Epoch Progress | Epoch: 6 | Loss: 0.6504 | LR: 7.50262e-05 | Progress: 1% | Step: 1/190
2026-05-01 03:44:33 INFO Epoch Progress | Epoch: 6 | Loss: 0.7028 | LR: 7.43233e-05 | Progress: 25% | Step: 48/190
2026-05-01 03:46:07 INFO Epoch Progress | Epoch: 6 | Loss: 0.6901 | LR: 7.35988e-05 | Progress: 51% | Step: 96/190
2026-05-01 03:47:41 INFO Epoch Progress | Epoch: 6 | Loss: 0.6850 | LR: 7.2868e-05 | Progress: 76% | Step: 144/190
2026-05-01 03:49:10 INFO Epoch Progress | Epoch: 6 | Loss: 0.6819 | LR: 7.21618e-05 | Progress: 100% | Step: 190/190
2026-05-01 03:52:59 INFO CSV Written | Epoch: 6
2026-05-01 03:52:59 INFO Best Saved | Epoch: 6 | Monitor: val_auprc | Value: 0.9360
2026-05-01 03:52:59 INFO Epoch Done | Epoch: 6 | Time: 615.8588 | Train Loss: 0.6812 | Val Accuracy: 0.8618 | Val AUPRC: 0.9360 | Val Auroc: 0.9365 | Val F1: 0.8639 | Val Loss: 0.4818
2026-05-01 03:52:59 INFO Epoch Start | Epoch: 7
2026-05-01 03:53:09 INFO Epoch Progress | Epoch: 7 | Loss: 0.7119 | LR: 7.21463e-05 | Progress: 1% | Step: 1/190
2026-05-01 03:54:42 INFO Epoch Progress | Epoch: 7 | Loss: 0.6555 | LR: 7.14189e-05 | Progress: 25% | Step: 48/190
2026-05-01 03:56:17 INFO Epoch Progress | Epoch: 7 | Loss: 0.6499 | LR: 7.06702e-05 | Progress: 51% | Step: 96/190
2026-05-01 03:57:51 INFO Epoch Progress | Epoch: 7 | Loss: 0.6582 | LR: 6.99159e-05 | Progress: 76% | Step: 144/190
2026-05-01 03:59:19 INFO Epoch Progress | Epoch: 7 | Loss: 0.6589 | LR: 6.91879e-05 | Progress: 100% | Step: 190/190
2026-05-01 04:03:08 INFO CSV Written | Epoch: 7
2026-05-01 04:03:08 INFO Epoch Done | Epoch: 7 | Time: 608.4047 | Train Loss: 0.6546 | Val Accuracy: 0.8622 | Val AUPRC: 0.9354 | Val Auroc: 0.9372 | Val F1: 0.8612 | Val Loss: 0.4754
2026-05-01 04:03:08 INFO Epoch Start | Epoch: 8
2026-05-01 04:03:17 INFO Epoch Progress | Epoch: 8 | Loss: 0.6661 | LR: 6.9172e-05 | Progress: 1% | Step: 1/190
2026-05-01 04:04:48 INFO Epoch Progress | Epoch: 8 | Loss: 0.6255 | LR: 6.84231e-05 | Progress: 25% | Step: 48/190
2026-05-01 04:06:21 INFO Epoch Progress | Epoch: 8 | Loss: 0.6305 | LR: 6.76534e-05 | Progress: 51% | Step: 96/190
2026-05-01 04:07:54 INFO Epoch Progress | Epoch: 8 | Loss: 0.6300 | LR: 6.68788e-05 | Progress: 76% | Step: 144/190
2026-05-01 04:09:20 INFO Epoch Progress | Epoch: 8 | Loss: 0.6338 | LR: 6.61321e-05 | Progress: 100% | Step: 190/190
2026-05-01 04:13:05 INFO CSV Written | Epoch: 8
2026-05-01 04:13:05 INFO Epoch Done | Epoch: 8 | Time: 597.6538 | Train Loss: 0.6386 | Val Accuracy: 0.8631 | Val AUPRC: 0.9340 | Val Auroc: 0.9363 | Val F1: 0.8643 | Val Loss: 0.4698
2026-05-01 04:13:05 INFO Epoch Start | Epoch: 9
2026-05-01 04:13:15 INFO Epoch Progress | Epoch: 9 | Loss: 0.5807 | LR: 6.61159e-05 | Progress: 1% | Step: 1/190
2026-05-01 04:14:47 INFO Epoch Progress | Epoch: 9 | Loss: 0.6257 | LR: 6.53487e-05 | Progress: 25% | Step: 48/190
2026-05-01 04:16:22 INFO Epoch Progress | Epoch: 9 | Loss: 0.6265 | LR: 6.45612e-05 | Progress: 51% | Step: 96/190
2026-05-01 04:17:56 INFO Epoch Progress | Epoch: 9 | Loss: 0.6275 | LR: 6.37696e-05 | Progress: 76% | Step: 144/190
2026-05-01 04:19:25 INFO Epoch Progress | Epoch: 9 | Loss: 0.6274 | LR: 6.30075e-05 | Progress: 100% | Step: 190/190
2026-05-01 04:23:07 INFO CSV Written | Epoch: 9
2026-05-01 04:23:07 INFO Epoch Done | Epoch: 9 | Time: 601.0917 | Train Loss: 0.6235 | Val Accuracy: 0.8625 | Val AUPRC: 0.9353 | Val Auroc: 0.9372 | Val F1: 0.8642 | Val Loss: 0.4625
2026-05-01 04:23:07 INFO Epoch Start | Epoch: 10
2026-05-01 04:23:17 INFO Epoch Progress | Epoch: 10 | Loss: 0.5465 | LR: 6.29909e-05 | Progress: 1% | Step: 1/190
2026-05-01 04:24:49 INFO Epoch Progress | Epoch: 10 | Loss: 0.6035 | LR: 6.22088e-05 | Progress: 25% | Step: 48/190
2026-05-01 04:26:23 INFO Epoch Progress | Epoch: 10 | Loss: 0.5979 | LR: 6.14068e-05 | Progress: 51% | Step: 96/190
2026-05-01 04:27:57 INFO Epoch Progress | Epoch: 10 | Loss: 0.5971 | LR: 6.06017e-05 | Progress: 76% | Step: 144/190
2026-05-01 04:29:24 INFO Epoch Progress | Epoch: 10 | Loss: 0.5991 | LR: 5.98274e-05 | Progress: 100% | Step: 190/190
2026-05-01 04:33:10 INFO CSV Written | Epoch: 10
2026-05-01 04:33:10 INFO Epoch Done | Epoch: 10 | Time: 603.1841 | Train Loss: 0.5969 | Val Accuracy: 0.8622 | Val AUPRC: 0.9349 | Val Auroc: 0.9379 | Val F1: 0.8676 | Val Loss: 0.4229
2026-05-01 04:33:10 INFO Epoch Start | Epoch: 11
2026-05-01 04:33:20 INFO Epoch Progress | Epoch: 11 | Loss: 0.4345 | LR: 5.98105e-05 | Progress: 1% | Step: 1/190
2026-05-01 04:34:52 INFO Epoch Progress | Epoch: 11 | Loss: 0.5669 | LR: 5.90168e-05 | Progress: 25% | Step: 48/190
2026-05-01 04:36:27 INFO Epoch Progress | Epoch: 11 | Loss: 0.5886 | LR: 5.82038e-05 | Progress: 51% | Step: 96/190
2026-05-01 04:38:01 INFO Epoch Progress | Epoch: 11 | Loss: 0.5864 | LR: 5.73885e-05 | Progress: 76% | Step: 144/190
2026-05-01 04:39:29 INFO Epoch Progress | Epoch: 11 | Loss: 0.5880 | LR: 5.66053e-05 | Progress: 100% | Step: 190/190
2026-05-01 04:43:16 INFO CSV Written | Epoch: 11
2026-05-01 04:43:17 INFO Best Saved | Epoch: 11 | Monitor: val_auprc | Value: 0.9364
2026-05-01 04:43:17 INFO Epoch Done | Epoch: 11 | Time: 606.5034 | Train Loss: 0.5830 | Val Accuracy: 0.8665 | Val AUPRC: 0.9364 | Val Auroc: 0.9386 | Val F1: 0.8656 | Val Loss: 0.4202
2026-05-01 04:43:17 INFO Epoch Start | Epoch: 12
2026-05-01 04:43:27 INFO Epoch Progress | Epoch: 12 | Loss: 0.4864 | LR: 5.65883e-05 | Progress: 1% | Step: 1/190
2026-05-01 04:44:59 INFO Epoch Progress | Epoch: 12 | Loss: 0.5480 | LR: 5.57863e-05 | Progress: 25% | Step: 48/190
2026-05-01 04:46:33 INFO Epoch Progress | Epoch: 12 | Loss: 0.5603 | LR: 5.49657e-05 | Progress: 51% | Step: 96/190
2026-05-01 04:48:08 INFO Epoch Progress | Epoch: 12 | Loss: 0.5658 | LR: 5.41438e-05 | Progress: 76% | Step: 144/190
2026-05-01 04:49:37 INFO Epoch Progress | Epoch: 12 | Loss: 0.5638 | LR: 5.33551e-05 | Progress: 100% | Step: 190/190
2026-05-01 04:53:20 INFO CSV Written | Epoch: 12
2026-05-01 04:53:20 INFO Epoch Done | Epoch: 12 | Time: 603.6880 | Train Loss: 0.5528 | Val Accuracy: 0.8687 | Val AUPRC: 0.9342 | Val Auroc: 0.9383 | Val F1: 0.8708 | Val Loss: 0.4000
2026-05-01 04:53:20 INFO Epoch Start | Epoch: 13
2026-05-01 04:53:30 INFO Epoch Progress | Epoch: 13 | Loss: 0.4353 | LR: 5.33379e-05 | Progress: 1% | Step: 1/190
2026-05-01 04:55:01 INFO Epoch Progress | Epoch: 13 | Loss: 0.5155 | LR: 5.25311e-05 | Progress: 25% | Step: 48/190
2026-05-01 04:56:34 INFO Epoch Progress | Epoch: 13 | Loss: 0.5266 | LR: 5.17065e-05 | Progress: 51% | Step: 96/190
2026-05-01 04:58:07 INFO Epoch Progress | Epoch: 13 | Loss: 0.5350 | LR: 5.08814e-05 | Progress: 76% | Step: 144/190
2026-05-01 04:59:34 INFO Epoch Progress | Epoch: 13 | Loss: 0.5357 | LR: 5.00905e-05 | Progress: 100% | Step: 190/190
2026-05-01 05:03:14 INFO CSV Written | Epoch: 13
2026-05-01 05:03:14 INFO Epoch Done | Epoch: 13 | Time: 593.7694 | Train Loss: 0.5321 | Val Accuracy: 0.8680 | Val AUPRC: 0.9336 | Val Auroc: 0.9368 | Val F1: 0.8696 | Val Loss: 0.4000
2026-05-01 05:03:14 INFO Epoch Start | Epoch: 14
2026-05-01 05:03:24 INFO Epoch Progress | Epoch: 14 | Loss: 0.5519 | LR: 5.00733e-05 | Progress: 1% | Step: 1/190
2026-05-01 05:04:57 INFO Epoch Progress | Epoch: 14 | Loss: 0.5074 | LR: 4.92651e-05 | Progress: 25% | Step: 48/190
2026-05-01 05:06:32 INFO Epoch Progress | Epoch: 14 | Loss: 0.5249 | LR: 4.84572e-05 | Progress: 51% | Step: 96/190
2026-05-01 05:08:06 INFO Epoch Progress | Epoch: 14 | Loss: 0.5142 | LR: 4.76324e-05 | Progress: 76% | Step: 144/190
2026-05-01 05:09:34 INFO Epoch Progress | Epoch: 14 | Loss: 0.5134 | LR: 4.68427e-05 | Progress: 100% | Step: 190/190
2026-05-01 05:13:18 INFO CSV Written | Epoch: 14
2026-05-01 05:13:18 INFO Epoch Done | Epoch: 14 | Time: 603.7521 | Train Loss: 0.5047 | Val Accuracy: 0.8703 | Val AUPRC: 0.9341 | Val Auroc: 0.9375 | Val F1: 0.8712 | Val Loss: 0.3876
2026-05-01 05:13:18 INFO Epoch Start | Epoch: 15
2026-05-01 05:13:28 INFO Epoch Progress | Epoch: 15 | Loss: 0.5416 | LR: 4.68255e-05 | Progress: 1% | Step: 1/190
2026-05-01 05:15:00 INFO Epoch Progress | Epoch: 15 | Loss: 0.4599 | LR: 4.60194e-05 | Progress: 25% | Step: 48/190
2026-05-01 05:16:34 INFO Epoch Progress | Epoch: 15 | Loss: 0.4686 | LR: 4.51972e-05 | Progress: 51% | Step: 96/190
2026-05-01 05:18:09 INFO Epoch Progress | Epoch: 15 | Loss: 0.4787 | LR: 4.43764e-05 | Progress: 76% | Step: 144/190
2026-05-01 05:19:37 INFO Epoch Progress | Epoch: 15 | Loss: 0.4788 | LR: 4.35911e-05 | Progress: 100% | Step: 190/190
2026-05-01 05:23:19 INFO CSV Written | Epoch: 15
2026-05-01 05:23:19 INFO Epoch Done | Epoch: 15 | Time: 600.9037 | Train Loss: 0.4794 | Val Accuracy: 0.8699 | Val AUPRC: 0.9321 | Val Auroc: 0.9357 | Val F1: 0.8702 | Val Loss: 0.3878
2026-05-01 05:23:19 INFO Epoch Start | Epoch: 16
2026-05-01 05:23:29 INFO Epoch Progress | Epoch: 16 | Loss: 0.5071 | LR: 4.35741e-05 | Progress: 1% | Step: 1/190
2026-05-01 05:25:02 INFO Epoch Progress | Epoch: 16 | Loss: 0.4357 | LR: 4.27735e-05 | Progress: 25% | Step: 48/190
2026-05-01 05:26:36 INFO Epoch Progress | Epoch: 16 | Loss: 0.4422 | LR: 4.19578e-05 | Progress: 51% | Step: 96/190
2026-05-01 05:28:10 INFO Epoch Progress | Epoch: 16 | Loss: 0.4492 | LR: 4.11443e-05 | Progress: 76% | Step: 144/190
2026-05-01 05:29:38 INFO Epoch Progress | Epoch: 16 | Loss: 0.4541 | LR: 4.0367e-05 | Progress: 100% | Step: 190/190
2026-05-01 05:33:20 INFO CSV Written | Epoch: 16
2026-05-01 05:33:20 INFO Epoch Done | Epoch: 16 | Time: 601.3072 | Train Loss: 0.4544 | Val Accuracy: 0.8688 | Val AUPRC: 0.9297 | Val Auroc: 0.9339 | Val F1: 0.8692 | Val Loss: 0.3896
2026-05-01 05:33:20 INFO Epoch Start | Epoch: 17
2026-05-01 05:33:30 INFO Epoch Progress | Epoch: 17 | Loss: 0.2836 | LR: 4.03501e-05 | Progress: 1% | Step: 1/190
2026-05-01 05:35:03 INFO Epoch Progress | Epoch: 17 | Loss: 0.4158 | LR: 3.95584e-05 | Progress: 25% | Step: 48/190
2026-05-01 05:36:37 INFO Epoch Progress | Epoch: 17 | Loss: 0.4238 | LR: 3.87527e-05 | Progress: 51% | Step: 96/190
2026-05-01 05:38:10 INFO Epoch Progress | Epoch: 17 | Loss: 0.4224 | LR: 3.795e-05 | Progress: 76% | Step: 144/190
2026-05-01 05:39:38 INFO Epoch Progress | Epoch: 17 | Loss: 0.4286 | LR: 3.71839e-05 | Progress: 100% | Step: 190/190
2026-05-01 05:43:21 INFO CSV Written | Epoch: 17
2026-05-01 05:43:21 INFO Epoch Done | Epoch: 17 | Time: 600.6929 | Train Loss: 0.4282 | Val Accuracy: 0.8700 | Val AUPRC: 0.9282 | Val Auroc: 0.9330 | Val F1: 0.8701 | Val Loss: 0.3885
2026-05-01 05:43:21 INFO Epoch Start | Epoch: 18
2026-05-01 05:43:30 INFO Epoch Progress | Epoch: 18 | Loss: 0.2384 | LR: 3.71673e-05 | Progress: 1% | Step: 1/190
2026-05-01 05:45:03 INFO Epoch Progress | Epoch: 18 | Loss: 0.3747 | LR: 3.63879e-05 | Progress: 25% | Step: 48/190
2026-05-01 05:46:37 INFO Epoch Progress | Epoch: 18 | Loss: 0.3900 | LR: 3.55956e-05 | Progress: 51% | Step: 96/190
2026-05-01 05:48:11 INFO Epoch Progress | Epoch: 18 | Loss: 0.3983 | LR: 3.48072e-05 | Progress: 76% | Step: 144/190
2026-05-01 05:49:39 INFO Epoch Progress | Epoch: 18 | Loss: 0.4058 | LR: 3.40556e-05 | Progress: 100% | Step: 190/190
2026-05-01 05:53:24 INFO CSV Written | Epoch: 18
2026-05-01 05:53:24 INFO Epoch Done | Epoch: 18 | Time: 603.4892 | Train Loss: 0.4065 | Val Accuracy: 0.8700 | Val AUPRC: 0.9249 | Val Auroc: 0.9328 | Val F1: 0.8709 | Val Loss: 0.3908
2026-05-01 05:53:24 INFO Epoch Start | Epoch: 19
2026-05-01 05:53:34 INFO Epoch Progress | Epoch: 19 | Loss: 0.5719 | LR: 3.40393e-05 | Progress: 1% | Step: 1/190
2026-05-01 05:55:07 INFO Epoch Progress | Epoch: 19 | Loss: 0.4125 | LR: 3.32755e-05 | Progress: 25% | Step: 48/190
2026-05-01 05:56:42 INFO Epoch Progress | Epoch: 19 | Loss: 0.3963 | LR: 3.25161e-05 | Progress: 51% | Step: 96/190
2026-05-01 05:58:16 INFO Epoch Progress | Epoch: 19 | Loss: 0.3982 | LR: 3.17452e-05 | Progress: 76% | Step: 144/190
2026-05-01 05:59:44 INFO Epoch Progress | Epoch: 19 | Loss: 0.3901 | LR: 3.10112e-05 | Progress: 100% | Step: 190/190
2026-05-01 06:03:26 INFO CSV Written | Epoch: 19
2026-05-01 06:03:26 INFO Epoch Done | Epoch: 19 | Time: 602.0181 | Train Loss: 0.3933 | Val Accuracy: 0.8728 | Val AUPRC: 0.9276 | Val Auroc: 0.9339 | Val F1: 0.8748 | Val Loss: 0.3883
2026-05-01 06:03:26 INFO Epoch Start | Epoch: 20
2026-05-01 06:03:36 INFO Epoch Progress | Epoch: 20 | Loss: 0.3223 | LR: 3.09953e-05 | Progress: 1% | Step: 1/190
2026-05-01 06:05:10 INFO Epoch Progress | Epoch: 20 | Loss: 0.3616 | LR: 3.02503e-05 | Progress: 25% | Step: 48/190
2026-05-01 06:06:43 INFO Epoch Progress | Epoch: 20 | Loss: 0.3548 | LR: 2.94947e-05 | Progress: 51% | Step: 96/190
2026-05-01 06:08:16 INFO Epoch Progress | Epoch: 20 | Loss: 0.3720 | LR: 2.87448e-05 | Progress: 76% | Step: 144/190
2026-05-01 06:09:44 INFO Epoch Progress | Epoch: 20 | Loss: 0.3726 | LR: 2.80315e-05 | Progress: 100% | Step: 190/190
2026-05-01 06:13:25 INFO CSV Written | Epoch: 20
2026-05-01 06:13:25 INFO Epoch Done | Epoch: 20 | Time: 598.5058 | Train Loss: 0.3704 | Val Accuracy: 0.8708 | Val AUPRC: 0.9113 | Val Auroc: 0.9248 | Val F1: 0.8720 | Val Loss: 0.4019
2026-05-01 06:13:25 INFO Epoch Start | Epoch: 21
2026-05-01 06:13:35 INFO Epoch Progress | Epoch: 21 | Loss: 0.3657 | LR: 2.80161e-05 | Progress: 1% | Step: 1/190
2026-05-01 06:15:07 INFO Epoch Progress | Epoch: 21 | Loss: 0.3581 | LR: 2.72931e-05 | Progress: 25% | Step: 48/190
2026-05-01 06:16:41 INFO Epoch Progress | Epoch: 21 | Loss: 0.3582 | LR: 2.65609e-05 | Progress: 51% | Step: 96/190
2026-05-01 06:18:16 INFO Epoch Progress | Epoch: 21 | Loss: 0.3559 | LR: 2.5835e-05 | Progress: 76% | Step: 144/190
2026-05-01 06:19:45 INFO Epoch Progress | Epoch: 21 | Loss: 0.3598 | LR: 2.51456e-05 | Progress: 100% | Step: 190/190
2026-05-01 06:23:30 INFO CSV Written | Epoch: 21
2026-05-01 06:23:30 INFO Epoch Done | Epoch: 21 | Time: 605.0342 | Train Loss: 0.3592 | Val Accuracy: 0.8718 | Val AUPRC: 0.9188 | Val Auroc: 0.9303 | Val F1: 0.8728 | Val Loss: 0.3994
2026-05-01 06:23:30 INFO Early Stop | Epoch: 21
2026-05-01 06:23:30 INFO Stage Done | Run Id: cls_mean_attn_s47
2026-05-01 06:23:30 INFO Stage Start | Checkpoint: models/v3.1/train/cls_mean_attn_s47/best_model.pth | Run Id: cls_mean_attn_s47
2026-05-01 06:23:30 INFO Checkpoint Loaded | Path: models/v3.1/train/cls_mean_attn_s47/best_model.pth
2026-05-01 06:23:30 INFO Decision Threshold | Mode: fixed | Value: 0.5000
2026-05-01 06:31:09 INFO Evaluation Metrics | Accuracy: 0.6111 | AUPRC: 0.6888 | Auroc: 0.6631 | F1: 0.5933 | Mcc: 0.2230 | Precision: 0.6219 | Recall: 0.5673 | Sensitivity: 0.5673 | Specificity: 0.6548 | Split: test
2026-05-01 06:31:09 INFO CSV Written | Path: logs/v3.1/evaluate/cls_mean_attn_s47/evaluate.csv
2026-05-01 06:31:09 INFO Stage Done | Run Id: cls_mean_attn_s47
[rank0]:[W501 06:31:10.565702423 ProcessGroupNCCL.cpp:1553] Warning: WARNING: destroy_process_group() was not called before program exit, which can leak resources. For more info, please see https://pytorch.org/docs/stable/distributed.html#shutdown (function operator())

*****************************************
Setting OMP_NUM_THREADS environment variable for each process to be 1 in default, to avoid your system being overloaded, please further tune the variable for optimal performance in your application as needed. 
*****************************************
INFO:src.pipeline.__main__:Loaded config: configs/v3-1/0430/full_s101.yaml
WARNING:accelerate.utils.other:[RANK 0] Detected kernel version 3.10.0, which is below the recommended minimum of 5.5.0; this can cause the process to hang. It is recommended to upgrade the kernel to the minimum version or higher.
WARNING:py.warnings:/public/home/wangar2023/grand/.venv/lib/python3.11/site-packages/torch/distributed/c10d_logger.py:83: UserWarning: barrier(): using the device under current context. You can specify `device_id` in `init_process_group` to mute this warning.
  return func(*args, **kwargs)

2026-05-01 06:32:14 INFO Pipeline Runtime | Device: cuda:0 | Distributed: True | Test Batches: 1691 | Train Batches: 812 | Valid Batches: 762 | World Size: 4
2026-05-01 06:32:14 INFO Stage Start | Run Id: full_s101
2026-05-01 06:32:16 INFO Train Config | Epochs: 50 | Monitor: auprc | Patience: 10
2026-05-01 06:32:16 INFO Epoch Start | Epoch: 1
2026-05-01 06:32:21 INFO Epoch Progress | Epoch: 1 | Loss: 0.6400 | LR: 4.00023e-06 | Progress: 0% | Step: 1/812
2026-05-01 06:34:18 INFO Epoch Progress | Epoch: 1 | Loss: 0.7312 | LR: 1.30844e-05 | Progress: 25% | Step: 203/812
2026-05-01 06:36:16 INFO Epoch Progress | Epoch: 1 | Loss: 0.7216 | LR: 3.704e-05 | Progress: 50% | Step: 406/812
2026-05-01 06:38:13 INFO Epoch Progress | Epoch: 1 | Loss: 0.6911 | LR: 6.67126e-05 | Progress: 75% | Step: 609/812
2026-05-01 06:40:11 INFO Epoch Progress | Epoch: 1 | Loss: 0.6527 | LR: 9.07628e-05 | Progress: 100% | Step: 812/812
2026-05-01 06:43:56 INFO CSV Written | Epoch: 1
WARNING:py.warnings:/public/home/wangar2023/grand/.venv/lib/python3.11/site-packages/deepspeed/runtime/zero/linear.py:47: FutureWarning: `torch.cuda.amp.custom_fwd(args...)` is deprecated. Please use `torch.amp.custom_fwd(args..., device_type='cuda')` instead.
  @autocast_custom_fwd

WARNING:py.warnings:/public/home/wangar2023/grand/.venv/lib/python3.11/site-packages/deepspeed/runtime/zero/linear.py:66: FutureWarning: `torch.cuda.amp.custom_bwd(args...)` is deprecated. Please use `torch.amp.custom_bwd(args..., device_type='cuda')` instead.
  @autocast_custom_bwd

2026-05-01 06:44:01 INFO Best Saved | Epoch: 1 | Monitor: val_auprc | Value: 0.8496
2026-05-01 06:44:01 INFO Epoch Done | Epoch: 1 | Time: 699.4690 | Train Loss: 0.6499 | Val Accuracy: 0.7696 | Val AUPRC: 0.8496 | Val Auroc: 0.8514 | Val F1: 0.7608 | Val Loss: 0.5074
2026-05-01 06:44:01 INFO Epoch Start | Epoch: 2
2026-05-01 06:44:03 INFO Epoch Progress | Epoch: 2 | Loss: 0.3930 | LR: 9.08503e-05 | Progress: 0% | Step: 1/812
2026-05-01 06:46:01 INFO Epoch Progress | Epoch: 2 | Loss: 0.5030 | LR: 9.99999e-05 | Progress: 25% | Step: 203/812
2026-05-01 06:47:57 INFO Epoch Progress | Epoch: 2 | Loss: 0.4880 | LR: 9.98791e-05 | Progress: 50% | Step: 406/812
2026-05-01 06:49:55 INFO Epoch Progress | Epoch: 2 | Loss: 0.4856 | LR: 9.95152e-05 | Progress: 75% | Step: 609/812
2026-05-01 06:51:51 INFO Epoch Progress | Epoch: 2 | Loss: 0.4793 | LR: 9.89101e-05 | Progress: 100% | Step: 812/812
2026-05-01 06:55:34 INFO CSV Written | Epoch: 2
2026-05-01 06:55:35 INFO Best Saved | Epoch: 2 | Monitor: val_auprc | Value: 0.8961
2026-05-01 06:55:35 INFO Epoch Done | Epoch: 2 | Time: 693.1799 | Train Loss: 0.4778 | Val Accuracy: 0.8142 | Val AUPRC: 0.8961 | Val Auroc: 0.8964 | Val F1: 0.8152 | Val Loss: 0.4470
2026-05-01 06:55:35 INFO Epoch Start | Epoch: 3
2026-05-01 06:55:37 INFO Epoch Progress | Epoch: 3 | Loss: 0.4052 | LR: 9.89065e-05 | Progress: 0% | Step: 1/812
2026-05-01 06:57:35 INFO Epoch Progress | Epoch: 3 | Loss: 0.4346 | LR: 9.80666e-05 | Progress: 25% | Step: 203/812
2026-05-01 06:59:35 INFO Epoch Progress | Epoch: 3 | Loss: 0.4325 | LR: 9.69891e-05 | Progress: 50% | Step: 406/812
2026-05-01 07:01:34 INFO Epoch Progress | Epoch: 3 | Loss: 0.4281 | LR: 9.56895e-05 | Progress: 75% | Step: 609/812
2026-05-01 07:03:32 INFO Epoch Progress | Epoch: 3 | Loss: 0.4251 | LR: 9.41696e-05 | Progress: 100% | Step: 812/812
2026-05-01 07:07:15 INFO CSV Written | Epoch: 3
2026-05-01 07:07:15 INFO Best Saved | Epoch: 3 | Monitor: val_auprc | Value: 0.9142
2026-05-01 07:07:15 INFO Epoch Done | Epoch: 3 | Time: 700.1245 | Train Loss: 0.4253 | Val Accuracy: 0.8315 | Val AUPRC: 0.9142 | Val Auroc: 0.9147 | Val F1: 0.8280 | Val Loss: 0.4223
2026-05-01 07:07:15 INFO Epoch Start | Epoch: 4
2026-05-01 07:07:17 INFO Epoch Progress | Epoch: 4 | Loss: 0.5665 | LR: 9.41615e-05 | Progress: 0% | Step: 1/812
2026-05-01 07:09:16 INFO Epoch Progress | Epoch: 4 | Loss: 0.3966 | LR: 9.24275e-05 | Progress: 25% | Step: 203/812
2026-05-01 07:11:16 INFO Epoch Progress | Epoch: 4 | Loss: 0.3956 | LR: 9.04787e-05 | Progress: 50% | Step: 406/812
2026-05-01 07:13:15 INFO Epoch Progress | Epoch: 4 | Loss: 0.3920 | LR: 8.83326e-05 | Progress: 75% | Step: 609/812
2026-05-01 07:15:15 INFO Epoch Progress | Epoch: 4 | Loss: 0.3911 | LR: 8.59999e-05 | Progress: 100% | Step: 812/812
2026-05-01 07:19:00 INFO CSV Written | Epoch: 4
2026-05-01 07:19:01 INFO Best Saved | Epoch: 4 | Monitor: val_auprc | Value: 0.9234
2026-05-01 07:19:01 INFO Epoch Done | Epoch: 4 | Time: 705.4544 | Train Loss: 0.3896 | Val Accuracy: 0.8407 | Val AUPRC: 0.9234 | Val Auroc: 0.9243 | Val F1: 0.8348 | Val Loss: 0.4062
2026-05-01 07:19:01 INFO Epoch Start | Epoch: 5
2026-05-01 07:19:03 INFO Epoch Progress | Epoch: 5 | Loss: 0.3335 | LR: 8.59879e-05 | Progress: 0% | Step: 1/812
2026-05-01 07:21:01 INFO Epoch Progress | Epoch: 5 | Loss: 0.3565 | LR: 8.34917e-05 | Progress: 25% | Step: 203/812
2026-05-01 07:22:59 INFO Epoch Progress | Epoch: 5 | Loss: 0.3563 | LR: 8.08204e-05 | Progress: 50% | Step: 406/812
2026-05-01 07:24:56 INFO Epoch Progress | Epoch: 5 | Loss: 0.3595 | LR: 7.79989e-05 | Progress: 75% | Step: 609/812
2026-05-01 07:26:54 INFO Epoch Progress | Epoch: 5 | Loss: 0.3612 | LR: 7.5041e-05 | Progress: 100% | Step: 812/812
2026-05-01 07:30:37 INFO CSV Written | Epoch: 5
2026-05-01 07:30:37 INFO Best Saved | Epoch: 5 | Monitor: val_auprc | Value: 0.9338
2026-05-01 07:30:37 INFO Epoch Done | Epoch: 5 | Time: 696.1303 | Train Loss: 0.3589 | Val Accuracy: 0.8538 | Val AUPRC: 0.9338 | Val Auroc: 0.9344 | Val F1: 0.8486 | Val Loss: 0.3854
2026-05-01 07:30:37 INFO Epoch Start | Epoch: 6
2026-05-01 07:30:52 INFO Epoch Progress | Epoch: 6 | Loss: 0.9228 | LR: 7.50262e-05 | Progress: 1% | Step: 1/190
2026-05-01 07:32:26 INFO Epoch Progress | Epoch: 6 | Loss: 0.7008 | LR: 7.43233e-05 | Progress: 25% | Step: 48/190
2026-05-01 07:34:01 INFO Epoch Progress | Epoch: 6 | Loss: 0.6916 | LR: 7.35988e-05 | Progress: 51% | Step: 96/190
2026-05-01 07:35:37 INFO Epoch Progress | Epoch: 6 | Loss: 0.6902 | LR: 7.2868e-05 | Progress: 76% | Step: 144/190
2026-05-01 07:37:06 INFO Epoch Progress | Epoch: 6 | Loss: 0.6867 | LR: 7.21618e-05 | Progress: 100% | Step: 190/190
2026-05-01 07:40:52 INFO CSV Written | Epoch: 6
2026-05-01 07:40:52 INFO Best Saved | Epoch: 6 | Monitor: val_auprc | Value: 0.9366
2026-05-01 07:40:52 INFO Epoch Done | Epoch: 6 | Time: 614.7109 | Train Loss: 0.6849 | Val Accuracy: 0.8638 | Val AUPRC: 0.9366 | Val Auroc: 0.9380 | Val F1: 0.8639 | Val Loss: 0.4786
2026-05-01 07:40:52 INFO Epoch Start | Epoch: 7
2026-05-01 07:41:02 INFO Epoch Progress | Epoch: 7 | Loss: 0.7137 | LR: 7.21463e-05 | Progress: 1% | Step: 1/190
2026-05-01 07:42:35 INFO Epoch Progress | Epoch: 7 | Loss: 0.6667 | LR: 7.14189e-05 | Progress: 25% | Step: 48/190
2026-05-01 07:44:10 INFO Epoch Progress | Epoch: 7 | Loss: 0.6653 | LR: 7.06702e-05 | Progress: 51% | Step: 96/190
2026-05-01 07:45:44 INFO Epoch Progress | Epoch: 7 | Loss: 0.6627 | LR: 6.99159e-05 | Progress: 76% | Step: 144/190
2026-05-01 07:47:13 INFO Epoch Progress | Epoch: 7 | Loss: 0.6640 | LR: 6.91879e-05 | Progress: 100% | Step: 190/190
2026-05-01 07:51:00 INFO CSV Written | Epoch: 7
2026-05-01 07:51:00 INFO Epoch Done | Epoch: 7 | Time: 608.1688 | Train Loss: 0.6602 | Val Accuracy: 0.8633 | Val AUPRC: 0.9358 | Val Auroc: 0.9369 | Val F1: 0.8644 | Val Loss: 0.4774
2026-05-01 07:51:00 INFO Epoch Start | Epoch: 8
2026-05-01 07:51:10 INFO Epoch Progress | Epoch: 8 | Loss: 0.6065 | LR: 6.9172e-05 | Progress: 1% | Step: 1/190
2026-05-01 07:52:44 INFO Epoch Progress | Epoch: 8 | Loss: 0.6460 | LR: 6.84231e-05 | Progress: 25% | Step: 48/190
2026-05-01 07:54:19 INFO Epoch Progress | Epoch: 8 | Loss: 0.6486 | LR: 6.76534e-05 | Progress: 51% | Step: 96/190
2026-05-01 07:55:53 INFO Epoch Progress | Epoch: 8 | Loss: 0.6487 | LR: 6.68788e-05 | Progress: 76% | Step: 144/190
2026-05-01 07:57:21 INFO Epoch Progress | Epoch: 8 | Loss: 0.6506 | LR: 6.61321e-05 | Progress: 100% | Step: 190/190
2026-05-01 08:01:04 INFO CSV Written | Epoch: 8
2026-05-01 08:01:04 INFO Epoch Done | Epoch: 8 | Time: 603.7232 | Train Loss: 0.6451 | Val Accuracy: 0.8638 | Val AUPRC: 0.9357 | Val Auroc: 0.9375 | Val F1: 0.8660 | Val Loss: 0.4727
2026-05-01 08:01:04 INFO Epoch Start | Epoch: 9
2026-05-01 08:01:13 INFO Epoch Progress | Epoch: 9 | Loss: 0.5344 | LR: 6.61159e-05 | Progress: 1% | Step: 1/190
2026-05-01 08:02:46 INFO Epoch Progress | Epoch: 9 | Loss: 0.6173 | LR: 6.53487e-05 | Progress: 25% | Step: 48/190
2026-05-01 08:04:21 INFO Epoch Progress | Epoch: 9 | Loss: 0.6277 | LR: 6.45612e-05 | Progress: 51% | Step: 96/190
2026-05-01 08:05:55 INFO Epoch Progress | Epoch: 9 | Loss: 0.6346 | LR: 6.37696e-05 | Progress: 76% | Step: 144/190
2026-05-01 08:07:24 INFO Epoch Progress | Epoch: 9 | Loss: 0.6328 | LR: 6.30075e-05 | Progress: 100% | Step: 190/190
2026-05-01 08:11:10 INFO CSV Written | Epoch: 9
2026-05-01 08:11:10 INFO Epoch Done | Epoch: 9 | Time: 605.7958 | Train Loss: 0.6314 | Val Accuracy: 0.8652 | Val AUPRC: 0.9364 | Val Auroc: 0.9381 | Val F1: 0.8656 | Val Loss: 0.4413
2026-05-01 08:11:10 INFO Epoch Start | Epoch: 10
2026-05-01 08:11:20 INFO Epoch Progress | Epoch: 10 | Loss: 0.6283 | LR: 6.29909e-05 | Progress: 1% | Step: 1/190
2026-05-01 08:12:52 INFO Epoch Progress | Epoch: 10 | Loss: 0.6062 | LR: 6.22255e-05 | Progress: 25% | Step: 48/190
2026-05-01 08:14:27 INFO Epoch Progress | Epoch: 10 | Loss: 0.6047 | LR: 6.14236e-05 | Progress: 51% | Step: 96/190
2026-05-01 08:16:02 INFO Epoch Progress | Epoch: 10 | Loss: 0.6100 | LR: 6.06185e-05 | Progress: 76% | Step: 144/190
2026-05-01 08:17:31 INFO Epoch Progress | Epoch: 10 | Loss: 0.6134 | LR: 5.98443e-05 | Progress: 100% | Step: 190/190
2026-05-01 08:21:16 INFO CSV Written | Epoch: 10
2026-05-01 08:21:16 INFO Best Saved | Epoch: 10 | Monitor: val_auprc | Value: 0.9369
2026-05-01 08:21:16 INFO Epoch Done | Epoch: 10 | Time: 605.7352 | Train Loss: 0.6131 | Val Accuracy: 0.8633 | Val AUPRC: 0.9369 | Val Auroc: 0.9387 | Val F1: 0.8602 | Val Loss: 0.4452
2026-05-01 08:21:16 INFO Epoch Start | Epoch: 11
2026-05-01 08:21:26 INFO Epoch Progress | Epoch: 11 | Loss: 0.6375 | LR: 5.98274e-05 | Progress: 1% | Step: 1/190
2026-05-01 08:22:58 INFO Epoch Progress | Epoch: 11 | Loss: 0.5860 | LR: 5.90337e-05 | Progress: 25% | Step: 48/190
2026-05-01 08:24:33 INFO Epoch Progress | Epoch: 11 | Loss: 0.5947 | LR: 5.82207e-05 | Progress: 51% | Step: 96/190
2026-05-01 08:26:05 INFO Epoch Progress | Epoch: 11 | Loss: 0.5929 | LR: 5.74055e-05 | Progress: 76% | Step: 144/190
2026-05-01 08:27:33 INFO Epoch Progress | Epoch: 11 | Loss: 0.5958 | LR: 5.66224e-05 | Progress: 100% | Step: 190/190
2026-05-01 08:31:19 INFO CSV Written | Epoch: 11
2026-05-01 08:31:19 INFO Epoch Done | Epoch: 11 | Time: 603.6048 | Train Loss: 0.5918 | Val Accuracy: 0.8666 | Val AUPRC: 0.9369 | Val Auroc: 0.9386 | Val F1: 0.8652 | Val Loss: 0.4290
2026-05-01 08:31:19 INFO Epoch Start | Epoch: 12
2026-05-01 08:31:29 INFO Epoch Progress | Epoch: 12 | Loss: 0.3842 | LR: 5.66053e-05 | Progress: 1% | Step: 1/190
2026-05-01 08:33:02 INFO Epoch Progress | Epoch: 12 | Loss: 0.5547 | LR: 5.58034e-05 | Progress: 25% | Step: 48/190
2026-05-01 08:34:37 INFO Epoch Progress | Epoch: 12 | Loss: 0.5657 | LR: 5.49828e-05 | Progress: 51% | Step: 96/190
2026-05-01 08:36:11 INFO Epoch Progress | Epoch: 12 | Loss: 0.5695 | LR: 5.41609e-05 | Progress: 76% | Step: 144/190
2026-05-01 08:37:39 INFO Epoch Progress | Epoch: 12 | Loss: 0.5675 | LR: 5.33722e-05 | Progress: 100% | Step: 190/190
2026-05-01 08:41:24 INFO CSV Written | Epoch: 12
2026-05-01 08:41:24 INFO Epoch Done | Epoch: 12 | Time: 604.2454 | Train Loss: 0.5635 | Val Accuracy: 0.8679 | Val AUPRC: 0.9348 | Val Auroc: 0.9386 | Val F1: 0.8670 | Val Loss: 0.4076
2026-05-01 08:41:24 INFO Epoch Start | Epoch: 13
2026-05-01 08:41:33 INFO Epoch Progress | Epoch: 13 | Loss: 0.4166 | LR: 5.33551e-05 | Progress: 1% | Step: 1/190
2026-05-01 08:43:06 INFO Epoch Progress | Epoch: 13 | Loss: 0.5288 | LR: 5.25483e-05 | Progress: 25% | Step: 48/190
2026-05-01 08:44:41 INFO Epoch Progress | Epoch: 13 | Loss: 0.5503 | LR: 5.17237e-05 | Progress: 51% | Step: 96/190
2026-05-01 08:46:16 INFO Epoch Progress | Epoch: 13 | Loss: 0.5464 | LR: 5.08986e-05 | Progress: 76% | Step: 144/190
2026-05-01 08:47:45 INFO Epoch Progress | Epoch: 13 | Loss: 0.5500 | LR: 5.01077e-05 | Progress: 100% | Step: 190/190
2026-05-01 08:51:30 INFO CSV Written | Epoch: 13
2026-05-01 08:51:30 INFO Best Saved | Epoch: 13 | Monitor: val_auprc | Value: 0.9378
2026-05-01 08:51:30 INFO Epoch Done | Epoch: 13 | Time: 606.0302 | Train Loss: 0.5434 | Val Accuracy: 0.8695 | Val AUPRC: 0.9378 | Val Auroc: 0.9399 | Val F1: 0.8699 | Val Loss: 0.3953
2026-05-01 08:51:30 INFO Epoch Start | Epoch: 14
2026-05-01 08:51:39 INFO Epoch Progress | Epoch: 14 | Loss: 0.4388 | LR: 5.00905e-05 | Progress: 1% | Step: 1/190
2026-05-01 08:53:13 INFO Epoch Progress | Epoch: 14 | Loss: 0.5097 | LR: 4.92823e-05 | Progress: 25% | Step: 48/190
2026-05-01 08:54:47 INFO Epoch Progress | Epoch: 14 | Loss: 0.5122 | LR: 4.84572e-05 | Progress: 51% | Step: 96/190
2026-05-01 08:56:22 INFO Epoch Progress | Epoch: 14 | Loss: 0.5165 | LR: 4.76324e-05 | Progress: 76% | Step: 144/190
2026-05-01 08:57:51 INFO Epoch Progress | Epoch: 14 | Loss: 0.5202 | LR: 4.68427e-05 | Progress: 100% | Step: 190/190
2026-05-01 09:01:38 INFO CSV Written | Epoch: 14
2026-05-01 09:01:38 INFO Epoch Done | Epoch: 14 | Time: 607.4588 | Train Loss: 0.5166 | Val Accuracy: 0.8715 | Val AUPRC: 0.9331 | Val Auroc: 0.9380 | Val F1: 0.8710 | Val Loss: 0.3894
2026-05-01 09:01:38 INFO Epoch Start | Epoch: 15
2026-05-01 09:01:48 INFO Epoch Progress | Epoch: 15 | Loss: 0.6062 | LR: 4.68255e-05 | Progress: 1% | Step: 1/190
2026-05-01 09:03:21 INFO Epoch Progress | Epoch: 15 | Loss: 0.4927 | LR: 4.60194e-05 | Progress: 25% | Step: 48/190
2026-05-01 09:04:55 INFO Epoch Progress | Epoch: 15 | Loss: 0.4924 | LR: 4.51972e-05 | Progress: 51% | Step: 96/190
2026-05-01 09:06:30 INFO Epoch Progress | Epoch: 15 | Loss: 0.4953 | LR: 4.43764e-05 | Progress: 76% | Step: 144/190
2026-05-01 09:07:59 INFO Epoch Progress | Epoch: 15 | Loss: 0.4908 | LR: 4.35911e-05 | Progress: 100% | Step: 190/190
2026-05-01 09:11:44 INFO CSV Written | Epoch: 15
2026-05-01 09:11:44 INFO Epoch Done | Epoch: 15 | Time: 606.5079 | Train Loss: 0.4898 | Val Accuracy: 0.8725 | Val AUPRC: 0.9334 | Val Auroc: 0.9372 | Val F1: 0.8738 | Val Loss: 0.3861
2026-05-01 09:11:44 INFO Epoch Start | Epoch: 16
2026-05-01 09:11:54 INFO Epoch Progress | Epoch: 16 | Loss: 0.3095 | LR: 4.35741e-05 | Progress: 1% | Step: 1/190
2026-05-01 09:13:26 INFO Epoch Progress | Epoch: 16 | Loss: 0.4522 | LR: 4.27735e-05 | Progress: 25% | Step: 48/190
2026-05-01 09:15:00 INFO Epoch Progress | Epoch: 16 | Loss: 0.4567 | LR: 4.19578e-05 | Progress: 51% | Step: 96/190
2026-05-01 09:16:35 INFO Epoch Progress | Epoch: 16 | Loss: 0.4631 | LR: 4.11443e-05 | Progress: 76% | Step: 144/190
2026-05-01 09:18:02 INFO Epoch Progress | Epoch: 16 | Loss: 0.4700 | LR: 4.0367e-05 | Progress: 100% | Step: 190/190
2026-05-01 09:21:50 INFO CSV Written | Epoch: 16
2026-05-01 09:21:50 INFO Epoch Done | Epoch: 16 | Time: 606.2060 | Train Loss: 0.4663 | Val Accuracy: 0.8650 | Val AUPRC: 0.9315 | Val Auroc: 0.9328 | Val F1: 0.8614 | Val Loss: 0.3960
2026-05-01 09:21:50 INFO Epoch Start | Epoch: 17
2026-05-01 09:21:59 INFO Epoch Progress | Epoch: 17 | Loss: 0.5190 | LR: 4.03501e-05 | Progress: 1% | Step: 1/190
2026-05-01 09:23:32 INFO Epoch Progress | Epoch: 17 | Loss: 0.4331 | LR: 3.95584e-05 | Progress: 25% | Step: 48/190
2026-05-01 09:25:07 INFO Epoch Progress | Epoch: 17 | Loss: 0.4508 | LR: 3.87527e-05 | Progress: 51% | Step: 96/190
2026-05-01 09:26:41 INFO Epoch Progress | Epoch: 17 | Loss: 0.4512 | LR: 3.795e-05 | Progress: 76% | Step: 144/190
2026-05-01 09:28:09 INFO Epoch Progress | Epoch: 17 | Loss: 0.4437 | LR: 3.71839e-05 | Progress: 100% | Step: 190/190
2026-05-01 09:31:55 INFO CSV Written | Epoch: 17
2026-05-01 09:31:55 INFO Epoch Done | Epoch: 17 | Time: 604.3089 | Train Loss: 0.4459 | Val Accuracy: 0.8709 | Val AUPRC: 0.9322 | Val Auroc: 0.9350 | Val F1: 0.8696 | Val Loss: 0.3849
2026-05-01 09:31:55 INFO Epoch Start | Epoch: 18
2026-05-01 09:32:04 INFO Epoch Progress | Epoch: 18 | Loss: 0.4846 | LR: 3.71673e-05 | Progress: 1% | Step: 1/190
2026-05-01 09:33:36 INFO Epoch Progress | Epoch: 18 | Loss: 0.4320 | LR: 3.63879e-05 | Progress: 25% | Step: 48/190
2026-05-01 09:35:11 INFO Epoch Progress | Epoch: 18 | Loss: 0.4334 | LR: 3.55956e-05 | Progress: 51% | Step: 96/190
2026-05-01 09:36:44 INFO Epoch Progress | Epoch: 18 | Loss: 0.4306 | LR: 3.48072e-05 | Progress: 76% | Step: 144/190
2026-05-01 09:38:13 INFO Epoch Progress | Epoch: 18 | Loss: 0.4249 | LR: 3.40556e-05 | Progress: 100% | Step: 190/190
2026-05-01 09:41:59 INFO CSV Written | Epoch: 18
2026-05-01 09:41:59 INFO Epoch Done | Epoch: 18 | Time: 603.8750 | Train Loss: 0.4215 | Val Accuracy: 0.8729 | Val AUPRC: 0.9319 | Val Auroc: 0.9368 | Val F1: 0.8734 | Val Loss: 0.3807
2026-05-01 09:41:59 INFO Epoch Start | Epoch: 19
2026-05-01 09:42:08 INFO Epoch Progress | Epoch: 19 | Loss: 0.5055 | LR: 3.40393e-05 | Progress: 1% | Step: 1/190
2026-05-01 09:43:41 INFO Epoch Progress | Epoch: 19 | Loss: 0.3944 | LR: 3.32755e-05 | Progress: 25% | Step: 48/190
2026-05-01 09:45:16 INFO Epoch Progress | Epoch: 19 | Loss: 0.3963 | LR: 3.25e-05 | Progress: 51% | Step: 96/190
2026-05-01 09:46:51 INFO Epoch Progress | Epoch: 19 | Loss: 0.3997 | LR: 3.17292e-05 | Progress: 76% | Step: 144/190
2026-05-01 09:48:20 INFO Epoch Progress | Epoch: 19 | Loss: 0.4044 | LR: 3.09953e-05 | Progress: 100% | Step: 190/190
2026-05-01 09:52:06 INFO CSV Written | Epoch: 19
2026-05-01 09:52:06 INFO Epoch Done | Epoch: 19 | Time: 607.9631 | Train Loss: 0.4008 | Val Accuracy: 0.8714 | Val AUPRC: 0.9265 | Val Auroc: 0.9320 | Val F1: 0.8719 | Val Loss: 0.3898
2026-05-01 09:52:06 INFO Epoch Start | Epoch: 20
2026-05-01 09:52:16 INFO Epoch Progress | Epoch: 20 | Loss: 0.1854 | LR: 3.09794e-05 | Progress: 1% | Step: 1/190
2026-05-01 09:53:48 INFO Epoch Progress | Epoch: 20 | Loss: 0.3660 | LR: 3.02345e-05 | Progress: 25% | Step: 48/190
2026-05-01 09:55:23 INFO Epoch Progress | Epoch: 20 | Loss: 0.3824 | LR: 2.9479e-05 | Progress: 51% | Step: 96/190
2026-05-01 09:56:57 INFO Epoch Progress | Epoch: 20 | Loss: 0.3846 | LR: 2.87448e-05 | Progress: 76% | Step: 144/190
2026-05-01 09:58:26 INFO Epoch Progress | Epoch: 20 | Loss: 0.3852 | LR: 2.80315e-05 | Progress: 100% | Step: 190/190
2026-05-01 10:02:13 INFO CSV Written | Epoch: 20
2026-05-01 10:02:13 INFO Epoch Done | Epoch: 20 | Time: 606.1930 | Train Loss: 0.3860 | Val Accuracy: 0.8739 | Val AUPRC: 0.9250 | Val Auroc: 0.9323 | Val F1: 0.8741 | Val Loss: 0.3854
2026-05-01 10:02:13 INFO Epoch Start | Epoch: 21
2026-05-01 10:02:23 INFO Epoch Progress | Epoch: 21 | Loss: 0.3895 | LR: 2.80161e-05 | Progress: 1% | Step: 1/190
2026-05-01 10:03:56 INFO Epoch Progress | Epoch: 21 | Loss: 0.3518 | LR: 2.72931e-05 | Progress: 25% | Step: 48/190
2026-05-01 10:05:31 INFO Epoch Progress | Epoch: 21 | Loss: 0.3752 | LR: 2.65609e-05 | Progress: 51% | Step: 96/190
2026-05-01 10:07:06 INFO Epoch Progress | Epoch: 21 | Loss: 0.3750 | LR: 2.5835e-05 | Progress: 76% | Step: 144/190
2026-05-01 10:08:35 INFO Epoch Progress | Epoch: 21 | Loss: 0.3773 | LR: 2.51456e-05 | Progress: 100% | Step: 190/190
2026-05-01 10:12:21 INFO CSV Written | Epoch: 21
2026-05-01 10:12:21 INFO Epoch Done | Epoch: 21 | Time: 607.9069 | Train Loss: 0.3693 | Val Accuracy: 0.8720 | Val AUPRC: 0.9231 | Val Auroc: 0.9302 | Val F1: 0.8716 | Val Loss: 0.3898
2026-05-01 10:12:21 INFO Epoch Start | Epoch: 22
2026-05-01 10:12:31 INFO Epoch Progress | Epoch: 22 | Loss: 0.2353 | LR: 2.51307e-05 | Progress: 1% | Step: 1/190
2026-05-01 10:14:04 INFO Epoch Progress | Epoch: 22 | Loss: 0.3426 | LR: 2.44329e-05 | Progress: 25% | Step: 48/190
2026-05-01 10:15:39 INFO Epoch Progress | Epoch: 22 | Loss: 0.3471 | LR: 2.37271e-05 | Progress: 51% | Step: 96/190
2026-05-01 10:17:14 INFO Epoch Progress | Epoch: 22 | Loss: 0.3519 | LR: 2.30285e-05 | Progress: 76% | Step: 144/190
2026-05-01 10:18:43 INFO Epoch Progress | Epoch: 22 | Loss: 0.3558 | LR: 2.23658e-05 | Progress: 100% | Step: 190/190
2026-05-01 10:22:27 INFO CSV Written | Epoch: 22
2026-05-01 10:22:27 INFO Epoch Done | Epoch: 22 | Time: 606.0637 | Train Loss: 0.3538 | Val Accuracy: 0.8721 | Val AUPRC: 0.9184 | Val Auroc: 0.9243 | Val F1: 0.8713 | Val Loss: 0.3991
2026-05-01 10:22:27 INFO Epoch Start | Epoch: 23
2026-05-01 10:22:36 INFO Epoch Progress | Epoch: 23 | Loss: 0.4177 | LR: 2.23515e-05 | Progress: 1% | Step: 1/190
2026-05-01 10:24:09 INFO Epoch Progress | Epoch: 23 | Loss: 0.3589 | LR: 2.16818e-05 | Progress: 25% | Step: 48/190
2026-05-01 10:25:43 INFO Epoch Progress | Epoch: 23 | Loss: 0.3491 | LR: 2.10054e-05 | Progress: 51% | Step: 96/190
2026-05-01 10:27:17 INFO Epoch Progress | Epoch: 23 | Loss: 0.3583 | LR: 2.0337e-05 | Progress: 76% | Step: 144/190
2026-05-01 10:28:45 INFO Epoch Progress | Epoch: 23 | Loss: 0.3517 | LR: 1.9704e-05 | Progress: 100% | Step: 190/190
2026-05-01 10:32:33 INFO CSV Written | Epoch: 23
2026-05-01 10:32:33 INFO Epoch Done | Epoch: 23 | Time: 605.9954 | Train Loss: 0.3451 | Val Accuracy: 0.8725 | Val AUPRC: 0.9156 | Val Auroc: 0.9247 | Val F1: 0.8731 | Val Loss: 0.4009
2026-05-01 10:32:33 INFO Early Stop | Epoch: 23
2026-05-01 10:32:33 INFO Stage Done | Run Id: full_s101
2026-05-01 10:32:33 INFO Stage Start | Checkpoint: models/v3.1/train/full_s101/best_model.pth | Run Id: full_s101
2026-05-01 10:32:33 INFO Checkpoint Loaded | Path: models/v3.1/train/full_s101/best_model.pth
2026-05-01 10:32:33 INFO Decision Threshold | Mode: fixed | Value: 0.5000
2026-05-01 10:40:19 INFO Evaluation Metrics | Accuracy: 0.6162 | AUPRC: 0.6813 | Auroc: 0.6634 | F1: 0.5860 | Mcc: 0.2349 | Precision: 0.6362 | Recall: 0.5431 | Sensitivity: 0.5431 | Specificity: 0.6893 | Split: test
2026-05-01 10:40:19 INFO CSV Written | Path: logs/v3.1/evaluate/full_s101/evaluate.csv
2026-05-01 10:40:19 INFO Stage Done | Run Id: full_s101
[rank0]:[W501 10:40:20.639285294 ProcessGroupNCCL.cpp:1553] Warning: WARNING: destroy_process_group() was not called before program exit, which can leak resources. For more info, please see https://pytorch.org/docs/stable/distributed.html#shutdown (function operator())

*****************************************
Setting OMP_NUM_THREADS environment variable for each process to be 1 in default, to avoid your system being overloaded, please further tune the variable for optimal performance in your application as needed. 
*****************************************
INFO:src.pipeline.__main__:Loaded config: configs/v3-1/0430/full_s13.yaml
WARNING:accelerate.utils.other:[RANK 0] Detected kernel version 3.10.0, which is below the recommended minimum of 5.5.0; this can cause the process to hang. It is recommended to upgrade the kernel to the minimum version or higher.
WARNING:py.warnings:/public/home/wangar2023/grand/.venv/lib/python3.11/site-packages/torch/distributed/c10d_logger.py:83: UserWarning: barrier(): using the device under current context. You can specify `device_id` in `init_process_group` to mute this warning.
  return func(*args, **kwargs)

2026-05-01 10:41:24 INFO Pipeline Runtime | Device: cuda:0 | Distributed: True | Test Batches: 1691 | Train Batches: 812 | Valid Batches: 762 | World Size: 4
2026-05-01 10:41:24 INFO Stage Start | Run Id: full_s13
2026-05-01 10:41:26 INFO Train Config | Epochs: 50 | Monitor: auprc | Patience: 10
2026-05-01 10:41:26 INFO Epoch Start | Epoch: 1
2026-05-01 10:41:32 INFO Epoch Progress | Epoch: 1 | Loss: 0.9052 | LR: 4e-06 | Progress: 0% | Step: 1/812
2026-05-01 10:43:30 INFO Epoch Progress | Epoch: 1 | Loss: 0.7354 | LR: 1.30844e-05 | Progress: 25% | Step: 203/812
2026-05-01 10:45:27 INFO Epoch Progress | Epoch: 1 | Loss: 0.7231 | LR: 3.704e-05 | Progress: 50% | Step: 406/812
2026-05-01 10:47:24 INFO Epoch Progress | Epoch: 1 | Loss: 0.7003 | LR: 6.67126e-05 | Progress: 75% | Step: 609/812
2026-05-01 10:49:21 INFO Epoch Progress | Epoch: 1 | Loss: 0.6631 | LR: 9.07628e-05 | Progress: 100% | Step: 812/812
2026-05-01 10:53:10 INFO CSV Written | Epoch: 1
WARNING:py.warnings:/public/home/wangar2023/grand/.venv/lib/python3.11/site-packages/deepspeed/runtime/zero/linear.py:47: FutureWarning: `torch.cuda.amp.custom_fwd(args...)` is deprecated. Please use `torch.amp.custom_fwd(args..., device_type='cuda')` instead.
  @autocast_custom_fwd

WARNING:py.warnings:/public/home/wangar2023/grand/.venv/lib/python3.11/site-packages/deepspeed/runtime/zero/linear.py:66: FutureWarning: `torch.cuda.amp.custom_bwd(args...)` is deprecated. Please use `torch.amp.custom_bwd(args..., device_type='cuda')` instead.
  @autocast_custom_bwd

2026-05-01 10:53:15 INFO Best Saved | Epoch: 1 | Monitor: val_auprc | Value: 0.8450
2026-05-01 10:53:15 INFO Epoch Done | Epoch: 1 | Time: 703.1982 | Train Loss: 0.6646 | Val Accuracy: 0.7616 | Val AUPRC: 0.8450 | Val Auroc: 0.8488 | Val F1: 0.7440 | Val Loss: 0.5154
2026-05-01 10:53:15 INFO Epoch Start | Epoch: 2
2026-05-01 10:53:17 INFO Epoch Progress | Epoch: 2 | Loss: 0.6111 | LR: 9.08503e-05 | Progress: 0% | Step: 1/812
2026-05-01 10:55:14 INFO Epoch Progress | Epoch: 2 | Loss: 0.5107 | LR: 9.99999e-05 | Progress: 25% | Step: 203/812
2026-05-01 10:57:10 INFO Epoch Progress | Epoch: 2 | Loss: 0.4968 | LR: 9.98791e-05 | Progress: 50% | Step: 406/812
2026-05-01 10:59:08 INFO Epoch Progress | Epoch: 2 | Loss: 0.4912 | LR: 9.95152e-05 | Progress: 75% | Step: 609/812
2026-05-01 11:01:05 INFO Epoch Progress | Epoch: 2 | Loss: 0.4822 | LR: 9.89101e-05 | Progress: 100% | Step: 812/812
2026-05-01 11:04:46 INFO CSV Written | Epoch: 2
2026-05-01 11:04:46 INFO Best Saved | Epoch: 2 | Monitor: val_auprc | Value: 0.8910
2026-05-01 11:04:46 INFO Epoch Done | Epoch: 2 | Time: 690.6246 | Train Loss: 0.4800 | Val Accuracy: 0.8143 | Val AUPRC: 0.8910 | Val Auroc: 0.8936 | Val F1: 0.8186 | Val Loss: 0.4484
2026-05-01 11:04:46 INFO Epoch Start | Epoch: 3
2026-05-01 11:04:48 INFO Epoch Progress | Epoch: 3 | Loss: 0.3428 | LR: 9.89065e-05 | Progress: 0% | Step: 1/812
2026-05-01 11:06:46 INFO Epoch Progress | Epoch: 3 | Loss: 0.4418 | LR: 9.80666e-05 | Progress: 25% | Step: 203/812
2026-05-01 11:08:45 INFO Epoch Progress | Epoch: 3 | Loss: 0.4329 | LR: 9.69949e-05 | Progress: 50% | Step: 406/812
2026-05-01 11:10:43 INFO Epoch Progress | Epoch: 3 | Loss: 0.4249 | LR: 9.56895e-05 | Progress: 75% | Step: 609/812
2026-05-01 11:12:41 INFO Epoch Progress | Epoch: 3 | Loss: 0.4242 | LR: 9.41615e-05 | Progress: 100% | Step: 812/812
2026-05-01 11:16:24 INFO CSV Written | Epoch: 3
2026-05-01 11:16:24 INFO Best Saved | Epoch: 3 | Monitor: val_auprc | Value: 0.9128
2026-05-01 11:16:24 INFO Epoch Done | Epoch: 3 | Time: 698.0922 | Train Loss: 0.4232 | Val Accuracy: 0.8310 | Val AUPRC: 0.9128 | Val Auroc: 0.9149 | Val F1: 0.8251 | Val Loss: 0.4203
2026-05-01 11:16:24 INFO Epoch Start | Epoch: 4
2026-05-01 11:16:27 INFO Epoch Progress | Epoch: 4 | Loss: 0.2871 | LR: 9.41535e-05 | Progress: 0% | Step: 1/812
2026-05-01 11:18:23 INFO Epoch Progress | Epoch: 4 | Loss: 0.3912 | LR: 9.24184e-05 | Progress: 25% | Step: 203/812
2026-05-01 11:20:19 INFO Epoch Progress | Epoch: 4 | Loss: 0.3892 | LR: 9.04686e-05 | Progress: 50% | Step: 406/812
2026-05-01 11:22:15 INFO Epoch Progress | Epoch: 4 | Loss: 0.3846 | LR: 8.83216e-05 | Progress: 75% | Step: 609/812
2026-05-01 11:24:12 INFO Epoch Progress | Epoch: 4 | Loss: 0.3866 | LR: 8.59879e-05 | Progress: 100% | Step: 812/812
2026-05-01 11:27:52 INFO CSV Written | Epoch: 4
2026-05-01 11:27:52 INFO Best Saved | Epoch: 4 | Monitor: val_auprc | Value: 0.9261
2026-05-01 11:27:52 INFO Epoch Done | Epoch: 4 | Time: 687.6720 | Train Loss: 0.3862 | Val Accuracy: 0.8496 | Val AUPRC: 0.9261 | Val Auroc: 0.9272 | Val F1: 0.8495 | Val Loss: 0.3922
2026-05-01 11:27:52 INFO Epoch Start | Epoch: 5
2026-05-01 11:27:55 INFO Epoch Progress | Epoch: 5 | Loss: 0.4454 | LR: 8.5976e-05 | Progress: 0% | Step: 1/812
2026-05-01 11:29:52 INFO Epoch Progress | Epoch: 5 | Loss: 0.3573 | LR: 8.3479e-05 | Progress: 25% | Step: 203/812
2026-05-01 11:31:49 INFO Epoch Progress | Epoch: 5 | Loss: 0.3552 | LR: 8.08069e-05 | Progress: 50% | Step: 406/812
2026-05-01 11:33:47 INFO Epoch Progress | Epoch: 5 | Loss: 0.3552 | LR: 7.79847e-05 | Progress: 75% | Step: 609/812
2026-05-01 11:35:44 INFO Epoch Progress | Epoch: 5 | Loss: 0.3561 | LR: 7.50262e-05 | Progress: 100% | Step: 812/812
2026-05-01 11:39:25 INFO CSV Written | Epoch: 5
2026-05-01 11:39:26 INFO Best Saved | Epoch: 5 | Monitor: val_auprc | Value: 0.9301
2026-05-01 11:39:26 INFO Epoch Done | Epoch: 5 | Time: 693.0764 | Train Loss: 0.3559 | Val Accuracy: 0.8563 | Val AUPRC: 0.9301 | Val Auroc: 0.9320 | Val F1: 0.8574 | Val Loss: 0.3906
2026-05-01 11:39:26 INFO Epoch Start | Epoch: 6
2026-05-01 11:39:41 INFO Epoch Progress | Epoch: 6 | Loss: 0.9058 | LR: 7.50113e-05 | Progress: 1% | Step: 1/190
2026-05-01 11:41:15 INFO Epoch Progress | Epoch: 6 | Loss: 0.7075 | LR: 7.43082e-05 | Progress: 25% | Step: 48/190
2026-05-01 11:42:50 INFO Epoch Progress | Epoch: 6 | Loss: 0.6943 | LR: 7.35837e-05 | Progress: 51% | Step: 96/190
2026-05-01 11:44:24 INFO Epoch Progress | Epoch: 6 | Loss: 0.6901 | LR: 7.28527e-05 | Progress: 76% | Step: 144/190
2026-05-01 11:45:52 INFO Epoch Progress | Epoch: 6 | Loss: 0.6871 | LR: 7.21463e-05 | Progress: 100% | Step: 190/190
2026-05-01 11:49:38 INFO CSV Written | Epoch: 6
2026-05-01 11:49:38 INFO Best Saved | Epoch: 6 | Monitor: val_auprc | Value: 0.9372
2026-05-01 11:49:38 INFO Epoch Done | Epoch: 6 | Time: 612.0228 | Train Loss: 0.6851 | Val Accuracy: 0.8654 | Val AUPRC: 0.9372 | Val Auroc: 0.9382 | Val F1: 0.8665 | Val Loss: 0.4833
2026-05-01 11:49:38 INFO Epoch Start | Epoch: 7
2026-05-01 11:49:48 INFO Epoch Progress | Epoch: 7 | Loss: 0.6685 | LR: 7.21309e-05 | Progress: 1% | Step: 1/190
2026-05-01 11:51:20 INFO Epoch Progress | Epoch: 7 | Loss: 0.6781 | LR: 7.14034e-05 | Progress: 25% | Step: 48/190
2026-05-01 11:52:55 INFO Epoch Progress | Epoch: 7 | Loss: 0.6694 | LR: 7.06546e-05 | Progress: 51% | Step: 96/190
2026-05-01 11:54:30 INFO Epoch Progress | Epoch: 7 | Loss: 0.6686 | LR: 6.99001e-05 | Progress: 76% | Step: 144/190
2026-05-01 11:55:59 INFO Epoch Progress | Epoch: 7 | Loss: 0.6623 | LR: 6.9172e-05 | Progress: 100% | Step: 190/190
2026-05-01 11:59:47 INFO CSV Written | Epoch: 7
2026-05-01 11:59:47 INFO Epoch Done | Epoch: 7 | Time: 609.0300 | Train Loss: 0.6586 | Val Accuracy: 0.8633 | Val AUPRC: 0.9367 | Val Auroc: 0.9384 | Val F1: 0.8615 | Val Loss: 0.4533
2026-05-01 11:59:47 INFO Epoch Start | Epoch: 8
2026-05-01 11:59:55 INFO Epoch Progress | Epoch: 8 | Loss: 0.6820 | LR: 6.91561e-05 | Progress: 1% | Step: 1/190
2026-05-01 12:01:29 INFO Epoch Progress | Epoch: 8 | Loss: 0.6164 | LR: 6.84072e-05 | Progress: 25% | Step: 48/190
2026-05-01 12:03:03 INFO Epoch Progress | Epoch: 8 | Loss: 0.6337 | LR: 6.76373e-05 | Progress: 51% | Step: 96/190
2026-05-01 12:04:36 INFO Epoch Progress | Epoch: 8 | Loss: 0.6411 | LR: 6.68626e-05 | Progress: 76% | Step: 144/190
2026-05-01 12:06:05 INFO Epoch Progress | Epoch: 8 | Loss: 0.6464 | LR: 6.61159e-05 | Progress: 100% | Step: 190/190
2026-05-01 12:09:56 INFO CSV Written | Epoch: 8
2026-05-01 12:09:56 INFO Epoch Done | Epoch: 8 | Time: 608.9569 | Train Loss: 0.6426 | Val Accuracy: 0.8668 | Val AUPRC: 0.9355 | Val Auroc: 0.9383 | Val F1: 0.8666 | Val Loss: 0.4608
2026-05-01 12:09:56 INFO Epoch Start | Epoch: 9
2026-05-01 12:10:06 INFO Epoch Progress | Epoch: 9 | Loss: 0.7037 | LR: 6.60996e-05 | Progress: 1% | Step: 1/190
2026-05-01 12:11:39 INFO Epoch Progress | Epoch: 9 | Loss: 0.6241 | LR: 6.53487e-05 | Progress: 25% | Step: 48/190
2026-05-01 12:13:13 INFO Epoch Progress | Epoch: 9 | Loss: 0.6333 | LR: 6.45612e-05 | Progress: 51% | Step: 96/190
2026-05-01 12:14:48 INFO Epoch Progress | Epoch: 9 | Loss: 0.6380 | LR: 6.37696e-05 | Progress: 76% | Step: 144/190
2026-05-01 12:16:16 INFO Epoch Progress | Epoch: 9 | Loss: 0.6363 | LR: 6.30075e-05 | Progress: 100% | Step: 190/190
2026-05-01 12:20:03 INFO CSV Written | Epoch: 9
2026-05-01 12:20:03 INFO Epoch Done | Epoch: 9 | Time: 606.6860 | Train Loss: 0.6283 | Val Accuracy: 0.8619 | Val AUPRC: 0.9350 | Val Auroc: 0.9362 | Val F1: 0.8589 | Val Loss: 0.4431
2026-05-01 12:20:03 INFO Epoch Start | Epoch: 10
2026-05-01 12:20:13 INFO Epoch Progress | Epoch: 10 | Loss: 0.5786 | LR: 6.29909e-05 | Progress: 1% | Step: 1/190
2026-05-01 12:21:45 INFO Epoch Progress | Epoch: 10 | Loss: 0.6114 | LR: 6.22088e-05 | Progress: 25% | Step: 48/190
2026-05-01 12:23:19 INFO Epoch Progress | Epoch: 10 | Loss: 0.6242 | LR: 6.14068e-05 | Progress: 51% | Step: 96/190
2026-05-01 12:24:54 INFO Epoch Progress | Epoch: 10 | Loss: 0.6192 | LR: 6.06017e-05 | Progress: 76% | Step: 144/190
2026-05-01 12:26:24 INFO Epoch Progress | Epoch: 10 | Loss: 0.6186 | LR: 5.98274e-05 | Progress: 100% | Step: 190/190
2026-05-01 12:30:10 INFO CSV Written | Epoch: 10
2026-05-01 12:30:10 INFO Epoch Done | Epoch: 10 | Time: 607.7863 | Train Loss: 0.6112 | Val Accuracy: 0.8634 | Val AUPRC: 0.9344 | Val Auroc: 0.9368 | Val F1: 0.8616 | Val Loss: 0.4410
2026-05-01 12:30:10 INFO Epoch Start | Epoch: 11
2026-05-01 12:30:21 INFO Epoch Progress | Epoch: 11 | Loss: 0.6234 | LR: 5.98105e-05 | Progress: 1% | Step: 1/190
2026-05-01 12:31:53 INFO Epoch Progress | Epoch: 11 | Loss: 0.5917 | LR: 5.90168e-05 | Progress: 25% | Step: 48/190
2026-05-01 12:33:28 INFO Epoch Progress | Epoch: 11 | Loss: 0.5956 | LR: 5.82038e-05 | Progress: 51% | Step: 96/190
2026-05-01 12:35:02 INFO Epoch Progress | Epoch: 11 | Loss: 0.5983 | LR: 5.73885e-05 | Progress: 76% | Step: 144/190
2026-05-01 12:36:31 INFO Epoch Progress | Epoch: 11 | Loss: 0.6001 | LR: 5.66053e-05 | Progress: 100% | Step: 190/190
2026-05-01 12:40:17 INFO CSV Written | Epoch: 11
2026-05-01 12:40:17 INFO Epoch Done | Epoch: 11 | Time: 606.5735 | Train Loss: 0.5933 | Val Accuracy: 0.8680 | Val AUPRC: 0.9347 | Val Auroc: 0.9384 | Val F1: 0.8661 | Val Loss: 0.4205
2026-05-01 12:40:17 INFO Epoch Start | Epoch: 12
2026-05-01 12:40:27 INFO Epoch Progress | Epoch: 12 | Loss: 0.4585 | LR: 5.65883e-05 | Progress: 1% | Step: 1/190
2026-05-01 12:41:59 INFO Epoch Progress | Epoch: 12 | Loss: 0.5477 | LR: 5.57863e-05 | Progress: 25% | Step: 48/190
2026-05-01 12:43:34 INFO Epoch Progress | Epoch: 12 | Loss: 0.5614 | LR: 5.49657e-05 | Progress: 51% | Step: 96/190
2026-05-01 12:45:08 INFO Epoch Progress | Epoch: 12 | Loss: 0.5680 | LR: 5.41438e-05 | Progress: 76% | Step: 144/190
2026-05-01 12:46:37 INFO Epoch Progress | Epoch: 12 | Loss: 0.5735 | LR: 5.33551e-05 | Progress: 100% | Step: 190/190
2026-05-01 12:50:20 INFO CSV Written | Epoch: 12
2026-05-01 12:50:20 INFO Epoch Done | Epoch: 12 | Time: 603.3146 | Train Loss: 0.5656 | Val Accuracy: 0.8643 | Val AUPRC: 0.9333 | Val Auroc: 0.9360 | Val F1: 0.8635 | Val Loss: 0.4142
2026-05-01 12:50:20 INFO Epoch Start | Epoch: 13
2026-05-01 12:50:29 INFO Epoch Progress | Epoch: 13 | Loss: 0.5146 | LR: 5.33379e-05 | Progress: 1% | Step: 1/190
2026-05-01 12:52:02 INFO Epoch Progress | Epoch: 13 | Loss: 0.5264 | LR: 5.25311e-05 | Progress: 25% | Step: 48/190
2026-05-01 12:53:37 INFO Epoch Progress | Epoch: 13 | Loss: 0.5439 | LR: 5.17065e-05 | Progress: 51% | Step: 96/190
2026-05-01 12:55:12 INFO Epoch Progress | Epoch: 13 | Loss: 0.5488 | LR: 5.08814e-05 | Progress: 76% | Step: 144/190
2026-05-01 12:56:40 INFO Epoch Progress | Epoch: 13 | Loss: 0.5481 | LR: 5.00905e-05 | Progress: 100% | Step: 190/190
2026-05-01 13:00:25 INFO CSV Written | Epoch: 13
2026-05-01 13:00:25 INFO Epoch Done | Epoch: 13 | Time: 604.4891 | Train Loss: 0.5423 | Val Accuracy: 0.8699 | Val AUPRC: 0.9339 | Val Auroc: 0.9379 | Val F1: 0.8698 | Val Loss: 0.3991
2026-05-01 13:00:25 INFO Epoch Start | Epoch: 14
2026-05-01 13:00:33 INFO Epoch Progress | Epoch: 14 | Loss: 0.6448 | LR: 5.00733e-05 | Progress: 1% | Step: 1/190
2026-05-01 13:02:06 INFO Epoch Progress | Epoch: 14 | Loss: 0.5208 | LR: 4.92651e-05 | Progress: 25% | Step: 48/190
2026-05-01 13:03:41 INFO Epoch Progress | Epoch: 14 | Loss: 0.5234 | LR: 4.844e-05 | Progress: 51% | Step: 96/190
2026-05-01 13:05:16 INFO Epoch Progress | Epoch: 14 | Loss: 0.5222 | LR: 4.76153e-05 | Progress: 76% | Step: 144/190
2026-05-01 13:06:44 INFO Epoch Progress | Epoch: 14 | Loss: 0.5241 | LR: 4.68255e-05 | Progress: 100% | Step: 190/190
2026-05-01 13:10:30 INFO CSV Written | Epoch: 14
2026-05-01 13:10:30 INFO Epoch Done | Epoch: 14 | Time: 604.6347 | Train Loss: 0.5168 | Val Accuracy: 0.8718 | Val AUPRC: 0.9332 | Val Auroc: 0.9375 | Val F1: 0.8735 | Val Loss: 0.3943
2026-05-01 13:10:30 INFO Epoch Start | Epoch: 15
2026-05-01 13:10:40 INFO Epoch Progress | Epoch: 15 | Loss: 0.5090 | LR: 4.68083e-05 | Progress: 1% | Step: 1/190
2026-05-01 13:12:13 INFO Epoch Progress | Epoch: 15 | Loss: 0.5024 | LR: 4.60023e-05 | Progress: 25% | Step: 48/190
2026-05-01 13:13:47 INFO Epoch Progress | Epoch: 15 | Loss: 0.4921 | LR: 4.51801e-05 | Progress: 51% | Step: 96/190
2026-05-01 13:15:22 INFO Epoch Progress | Epoch: 15 | Loss: 0.4999 | LR: 4.43593e-05 | Progress: 76% | Step: 144/190
2026-05-01 13:16:51 INFO Epoch Progress | Epoch: 15 | Loss: 0.5009 | LR: 4.35741e-05 | Progress: 100% | Step: 190/190
2026-05-01 13:20:41 INFO CSV Written | Epoch: 15
2026-05-01 13:20:41 INFO Epoch Done | Epoch: 15 | Time: 611.5762 | Train Loss: 0.4900 | Val Accuracy: 0.8676 | Val AUPRC: 0.9333 | Val Auroc: 0.9361 | Val F1: 0.8675 | Val Loss: 0.3912
2026-05-01 13:20:41 INFO Epoch Start | Epoch: 16
2026-05-01 13:20:50 INFO Epoch Progress | Epoch: 16 | Loss: 0.4020 | LR: 4.3557e-05 | Progress: 1% | Step: 1/190
2026-05-01 13:22:22 INFO Epoch Progress | Epoch: 16 | Loss: 0.4645 | LR: 4.27565e-05 | Progress: 25% | Step: 48/190
2026-05-01 13:23:56 INFO Epoch Progress | Epoch: 16 | Loss: 0.4710 | LR: 4.19408e-05 | Progress: 51% | Step: 96/190
2026-05-01 13:25:31 INFO Epoch Progress | Epoch: 16 | Loss: 0.4723 | LR: 4.11274e-05 | Progress: 76% | Step: 144/190
2026-05-01 13:27:00 INFO Epoch Progress | Epoch: 16 | Loss: 0.4787 | LR: 4.03501e-05 | Progress: 100% | Step: 190/190
2026-05-01 13:30:43 INFO CSV Written | Epoch: 16
2026-05-01 13:30:43 INFO Epoch Done | Epoch: 16 | Time: 601.7084 | Train Loss: 0.4691 | Val Accuracy: 0.8685 | Val AUPRC: 0.9331 | Val Auroc: 0.9369 | Val F1: 0.8697 | Val Loss: 0.3905
2026-05-01 13:30:43 INFO Early Stop | Epoch: 16
2026-05-01 13:30:43 INFO Stage Done | Run Id: full_s13
2026-05-01 13:30:43 INFO Stage Start | Checkpoint: models/v3.1/train/full_s13/best_model.pth | Run Id: full_s13
2026-05-01 13:30:43 INFO Checkpoint Loaded | Path: models/v3.1/train/full_s13/best_model.pth
2026-05-01 13:30:43 INFO Decision Threshold | Mode: fixed | Value: 0.5000
2026-05-01 13:38:25 INFO Evaluation Metrics | Accuracy: 0.6111 | AUPRC: 0.6861 | Auroc: 0.6634 | F1: 0.6046 | Mcc: 0.2224 | Precision: 0.6151 | Recall: 0.5945 | Sensitivity: 0.5945 | Specificity: 0.6277 | Split: test
2026-05-01 13:38:25 INFO CSV Written | Path: logs/v3.1/evaluate/full_s13/evaluate.csv
2026-05-01 13:38:25 INFO Stage Done | Run Id: full_s13
[rank0]:[W501 13:38:26.876273561 ProcessGroupNCCL.cpp:1553] Warning: WARNING: destroy_process_group() was not called before program exit, which can leak resources. For more info, please see https://pytorch.org/docs/stable/distributed.html#shutdown (function operator())

*****************************************
Setting OMP_NUM_THREADS environment variable for each process to be 1 in default, to avoid your system being overloaded, please further tune the variable for optimal performance in your application as needed. 
*****************************************
INFO:src.pipeline.__main__:Loaded config: configs/v3-1/0430/full_s47.yaml
WARNING:accelerate.utils.other:[RANK 0] Detected kernel version 3.10.0, which is below the recommended minimum of 5.5.0; this can cause the process to hang. It is recommended to upgrade the kernel to the minimum version or higher.
WARNING:py.warnings:/public/home/wangar2023/grand/.venv/lib/python3.11/site-packages/torch/distributed/c10d_logger.py:83: UserWarning: barrier(): using the device under current context. You can specify `device_id` in `init_process_group` to mute this warning.
  return func(*args, **kwargs)

2026-05-01 13:39:24 INFO Pipeline Runtime | Device: cuda:0 | Distributed: True | Test Batches: 1691 | Train Batches: 812 | Valid Batches: 762 | World Size: 4
2026-05-01 13:39:24 INFO Stage Start | Run Id: full_s47
2026-05-01 13:39:26 INFO Train Config | Epochs: 50 | Monitor: auprc | Patience: 10
2026-05-01 13:39:26 INFO Epoch Start | Epoch: 1
2026-05-01 13:39:32 INFO Epoch Progress | Epoch: 1 | Loss: 0.9276 | LR: 4.00023e-06 | Progress: 0% | Step: 1/812
2026-05-01 13:41:28 INFO Epoch Progress | Epoch: 1 | Loss: 0.7217 | LR: 1.31716e-05 | Progress: 25% | Step: 203/812
2026-05-01 13:43:24 INFO Epoch Progress | Epoch: 1 | Loss: 0.7141 | LR: 3.71813e-05 | Progress: 50% | Step: 406/812
2026-05-01 13:45:21 INFO Epoch Progress | Epoch: 1 | Loss: 0.6830 | LR: 6.67126e-05 | Progress: 75% | Step: 609/812
2026-05-01 13:47:18 INFO Epoch Progress | Epoch: 1 | Loss: 0.6446 | LR: 9.07628e-05 | Progress: 100% | Step: 812/812
2026-05-01 13:51:05 INFO CSV Written | Epoch: 1
WARNING:py.warnings:/public/home/wangar2023/grand/.venv/lib/python3.11/site-packages/deepspeed/runtime/zero/linear.py:47: FutureWarning: `torch.cuda.amp.custom_fwd(args...)` is deprecated. Please use `torch.amp.custom_fwd(args..., device_type='cuda')` instead.
  @autocast_custom_fwd

WARNING:py.warnings:/public/home/wangar2023/grand/.venv/lib/python3.11/site-packages/deepspeed/runtime/zero/linear.py:66: FutureWarning: `torch.cuda.amp.custom_bwd(args...)` is deprecated. Please use `torch.amp.custom_bwd(args..., device_type='cuda')` instead.
  @autocast_custom_bwd

2026-05-01 13:51:10 INFO Best Saved | Epoch: 1 | Monitor: val_auprc | Value: 0.8483
2026-05-01 13:51:10 INFO Epoch Done | Epoch: 1 | Time: 698.6842 | Train Loss: 0.6466 | Val Accuracy: 0.7760 | Val AUPRC: 0.8483 | Val Auroc: 0.8548 | Val F1: 0.7854 | Val Loss: 0.5008
2026-05-01 13:51:10 INFO Epoch Start | Epoch: 2
2026-05-01 13:51:13 INFO Epoch Progress | Epoch: 2 | Loss: 0.4836 | LR: 9.08503e-05 | Progress: 0% | Step: 1/812
2026-05-01 13:53:11 INFO Epoch Progress | Epoch: 2 | Loss: 0.4987 | LR: 9.99999e-05 | Progress: 25% | Step: 203/812
2026-05-01 13:55:09 INFO Epoch Progress | Epoch: 2 | Loss: 0.4929 | LR: 9.98791e-05 | Progress: 50% | Step: 406/812
2026-05-01 13:57:08 INFO Epoch Progress | Epoch: 2 | Loss: 0.4817 | LR: 9.95152e-05 | Progress: 75% | Step: 609/812
2026-05-01 13:59:07 INFO Epoch Progress | Epoch: 2 | Loss: 0.4742 | LR: 9.89101e-05 | Progress: 100% | Step: 812/812
2026-05-01 14:02:51 INFO CSV Written | Epoch: 2
2026-05-01 14:02:51 INFO Best Saved | Epoch: 2 | Monitor: val_auprc | Value: 0.8924
2026-05-01 14:02:51 INFO Epoch Done | Epoch: 2 | Time: 700.3488 | Train Loss: 0.4720 | Val Accuracy: 0.8125 | Val AUPRC: 0.8924 | Val Auroc: 0.8950 | Val F1: 0.8093 | Val Loss: 0.4561
2026-05-01 14:02:51 INFO Epoch Start | Epoch: 3
2026-05-01 14:02:53 INFO Epoch Progress | Epoch: 3 | Loss: 0.3585 | LR: 9.89065e-05 | Progress: 0% | Step: 1/812
2026-05-01 14:04:50 INFO Epoch Progress | Epoch: 3 | Loss: 0.4305 | LR: 9.80666e-05 | Progress: 25% | Step: 203/812
2026-05-01 14:06:47 INFO Epoch Progress | Epoch: 3 | Loss: 0.4288 | LR: 9.69891e-05 | Progress: 50% | Step: 406/812
2026-05-01 14:08:44 INFO Epoch Progress | Epoch: 3 | Loss: 0.4220 | LR: 9.56825e-05 | Progress: 75% | Step: 609/812
2026-05-01 14:10:41 INFO Epoch Progress | Epoch: 3 | Loss: 0.4187 | LR: 9.41535e-05 | Progress: 100% | Step: 812/812
2026-05-01 14:14:25 INFO CSV Written | Epoch: 3
2026-05-01 14:14:25 INFO Best Saved | Epoch: 3 | Monitor: val_auprc | Value: 0.9167
2026-05-01 14:14:25 INFO Epoch Done | Epoch: 3 | Time: 693.8112 | Train Loss: 0.4165 | Val Accuracy: 0.8381 | Val AUPRC: 0.9167 | Val Auroc: 0.9169 | Val F1: 0.8380 | Val Loss: 0.4084
2026-05-01 14:14:25 INFO Epoch Start | Epoch: 4
2026-05-01 14:14:28 INFO Epoch Progress | Epoch: 4 | Loss: 0.3389 | LR: 9.41454e-05 | Progress: 0% | Step: 1/812
2026-05-01 14:16:23 INFO Epoch Progress | Epoch: 4 | Loss: 0.3769 | LR: 9.24184e-05 | Progress: 25% | Step: 203/812
2026-05-01 14:18:20 INFO Epoch Progress | Epoch: 4 | Loss: 0.3770 | LR: 9.04686e-05 | Progress: 50% | Step: 406/812
2026-05-01 14:20:16 INFO Epoch Progress | Epoch: 4 | Loss: 0.3809 | LR: 8.83216e-05 | Progress: 75% | Step: 609/812
2026-05-01 14:22:12 INFO Epoch Progress | Epoch: 4 | Loss: 0.3810 | LR: 8.59879e-05 | Progress: 100% | Step: 812/812
2026-05-01 14:25:53 INFO CSV Written | Epoch: 4
2026-05-01 14:25:53 INFO Best Saved | Epoch: 4 | Monitor: val_auprc | Value: 0.9262
2026-05-01 14:25:53 INFO Epoch Done | Epoch: 4 | Time: 687.9427 | Train Loss: 0.3803 | Val Accuracy: 0.8489 | Val AUPRC: 0.9262 | Val Auroc: 0.9269 | Val F1: 0.8495 | Val Loss: 0.3914
2026-05-01 14:25:53 INFO Epoch Start | Epoch: 5
2026-05-01 14:25:56 INFO Epoch Progress | Epoch: 5 | Loss: 0.2971 | LR: 8.5976e-05 | Progress: 0% | Step: 1/812
2026-05-01 14:27:53 INFO Epoch Progress | Epoch: 5 | Loss: 0.3499 | LR: 8.3479e-05 | Progress: 25% | Step: 203/812
2026-05-01 14:29:50 INFO Epoch Progress | Epoch: 5 | Loss: 0.3543 | LR: 8.08069e-05 | Progress: 50% | Step: 406/812
2026-05-01 14:31:48 INFO Epoch Progress | Epoch: 5 | Loss: 0.3547 | LR: 7.79847e-05 | Progress: 75% | Step: 609/812
2026-05-01 14:33:46 INFO Epoch Progress | Epoch: 5 | Loss: 0.3546 | LR: 7.5041e-05 | Progress: 100% | Step: 812/812
2026-05-01 14:37:29 INFO CSV Written | Epoch: 5
2026-05-01 14:37:29 INFO Best Saved | Epoch: 5 | Monitor: val_auprc | Value: 0.9280
2026-05-01 14:37:29 INFO Epoch Done | Epoch: 5 | Time: 695.8679 | Train Loss: 0.3525 | Val Accuracy: 0.8562 | Val AUPRC: 0.9280 | Val Auroc: 0.9318 | Val F1: 0.8578 | Val Loss: 0.3854
2026-05-01 14:37:29 INFO Epoch Start | Epoch: 6
2026-05-01 14:37:43 INFO Epoch Progress | Epoch: 6 | Loss: 0.8088 | LR: 7.50262e-05 | Progress: 1% | Step: 1/190
2026-05-01 14:39:18 INFO Epoch Progress | Epoch: 6 | Loss: 0.6982 | LR: 7.43233e-05 | Progress: 25% | Step: 48/190
2026-05-01 14:40:53 INFO Epoch Progress | Epoch: 6 | Loss: 0.6869 | LR: 7.35988e-05 | Progress: 51% | Step: 96/190
2026-05-01 14:42:28 INFO Epoch Progress | Epoch: 6 | Loss: 0.6808 | LR: 7.2868e-05 | Progress: 76% | Step: 144/190
2026-05-01 14:43:54 INFO Epoch Progress | Epoch: 6 | Loss: 0.6773 | LR: 7.21618e-05 | Progress: 100% | Step: 190/190
2026-05-01 14:47:40 INFO CSV Written | Epoch: 6
2026-05-01 14:47:40 INFO Best Saved | Epoch: 6 | Monitor: val_auprc | Value: 0.9353
2026-05-01 14:47:40 INFO Epoch Done | Epoch: 6 | Time: 610.1323 | Train Loss: 0.6784 | Val Accuracy: 0.8629 | Val AUPRC: 0.9353 | Val Auroc: 0.9367 | Val F1: 0.8639 | Val Loss: 0.4841
2026-05-01 14:47:40 INFO Epoch Start | Epoch: 7
2026-05-01 14:47:49 INFO Epoch Progress | Epoch: 7 | Loss: 0.6230 | LR: 7.21463e-05 | Progress: 1% | Step: 1/190
2026-05-01 14:49:23 INFO Epoch Progress | Epoch: 7 | Loss: 0.6549 | LR: 7.14189e-05 | Progress: 25% | Step: 48/190
2026-05-01 14:50:58 INFO Epoch Progress | Epoch: 7 | Loss: 0.6547 | LR: 7.06702e-05 | Progress: 51% | Step: 96/190
2026-05-01 14:52:33 INFO Epoch Progress | Epoch: 7 | Loss: 0.6574 | LR: 6.99159e-05 | Progress: 76% | Step: 144/190
2026-05-01 14:54:02 INFO Epoch Progress | Epoch: 7 | Loss: 0.6586 | LR: 6.91879e-05 | Progress: 100% | Step: 190/190
2026-05-01 14:57:48 INFO CSV Written | Epoch: 7
2026-05-01 14:57:48 INFO Best Saved | Epoch: 7 | Monitor: val_auprc | Value: 0.9355
2026-05-01 14:57:48 INFO Epoch Done | Epoch: 7 | Time: 608.0174 | Train Loss: 0.6537 | Val Accuracy: 0.8629 | Val AUPRC: 0.9355 | Val Auroc: 0.9373 | Val F1: 0.8645 | Val Loss: 0.4815
2026-05-01 14:57:48 INFO Epoch Start | Epoch: 8
2026-05-01 14:57:56 INFO Epoch Progress | Epoch: 8 | Loss: 0.6540 | LR: 6.9172e-05 | Progress: 1% | Step: 1/190
2026-05-01 14:59:30 INFO Epoch Progress | Epoch: 8 | Loss: 0.6331 | LR: 6.84231e-05 | Progress: 25% | Step: 48/190
2026-05-01 15:01:05 INFO Epoch Progress | Epoch: 8 | Loss: 0.6391 | LR: 6.76534e-05 | Progress: 51% | Step: 96/190
2026-05-01 15:02:40 INFO Epoch Progress | Epoch: 8 | Loss: 0.6384 | LR: 6.68788e-05 | Progress: 76% | Step: 144/190
2026-05-01 15:04:09 INFO Epoch Progress | Epoch: 8 | Loss: 0.6393 | LR: 6.61321e-05 | Progress: 100% | Step: 190/190
2026-05-01 15:07:54 INFO CSV Written | Epoch: 8
2026-05-01 15:07:54 INFO Best Saved | Epoch: 8 | Monitor: val_auprc | Value: 0.9364
2026-05-01 15:07:54 INFO Epoch Done | Epoch: 8 | Time: 605.4880 | Train Loss: 0.6372 | Val Accuracy: 0.8657 | Val AUPRC: 0.9364 | Val Auroc: 0.9386 | Val F1: 0.8675 | Val Loss: 0.4564
2026-05-01 15:07:54 INFO Epoch Start | Epoch: 9
2026-05-01 15:08:04 INFO Epoch Progress | Epoch: 9 | Loss: 0.5877 | LR: 6.61159e-05 | Progress: 1% | Step: 1/190
2026-05-01 15:09:37 INFO Epoch Progress | Epoch: 9 | Loss: 0.6262 | LR: 6.53487e-05 | Progress: 25% | Step: 48/190
2026-05-01 15:11:12 INFO Epoch Progress | Epoch: 9 | Loss: 0.6339 | LR: 6.45612e-05 | Progress: 51% | Step: 96/190
2026-05-01 15:12:47 INFO Epoch Progress | Epoch: 9 | Loss: 0.6294 | LR: 6.37696e-05 | Progress: 76% | Step: 144/190
2026-05-01 15:14:16 INFO Epoch Progress | Epoch: 9 | Loss: 0.6311 | LR: 6.30075e-05 | Progress: 100% | Step: 190/190
2026-05-01 15:18:01 INFO CSV Written | Epoch: 9
2026-05-01 15:18:02 INFO Best Saved | Epoch: 9 | Monitor: val_auprc | Value: 0.9369
2026-05-01 15:18:02 INFO Epoch Done | Epoch: 9 | Time: 607.4425 | Train Loss: 0.6249 | Val Accuracy: 0.8667 | Val AUPRC: 0.9369 | Val Auroc: 0.9386 | Val F1: 0.8658 | Val Loss: 0.4704
2026-05-01 15:18:02 INFO Epoch Start | Epoch: 10
2026-05-01 15:18:11 INFO Epoch Progress | Epoch: 10 | Loss: 0.5591 | LR: 6.29909e-05 | Progress: 1% | Step: 1/190
2026-05-01 15:19:44 INFO Epoch Progress | Epoch: 10 | Loss: 0.6120 | LR: 6.22088e-05 | Progress: 25% | Step: 48/190
2026-05-01 15:21:19 INFO Epoch Progress | Epoch: 10 | Loss: 0.6055 | LR: 6.14068e-05 | Progress: 51% | Step: 96/190
2026-05-01 15:22:54 INFO Epoch Progress | Epoch: 10 | Loss: 0.6015 | LR: 6.06017e-05 | Progress: 76% | Step: 144/190
2026-05-01 15:24:22 INFO Epoch Progress | Epoch: 10 | Loss: 0.6049 | LR: 5.98274e-05 | Progress: 100% | Step: 190/190
2026-05-01 15:28:07 INFO CSV Written | Epoch: 10
2026-05-01 15:28:07 INFO Epoch Done | Epoch: 10 | Time: 605.3319 | Train Loss: 0.6005 | Val Accuracy: 0.8657 | Val AUPRC: 0.9332 | Val Auroc: 0.9366 | Val F1: 0.8677 | Val Loss: 0.4361
2026-05-01 15:28:07 INFO Epoch Start | Epoch: 11
2026-05-01 15:28:17 INFO Epoch Progress | Epoch: 11 | Loss: 0.4936 | LR: 5.98105e-05 | Progress: 1% | Step: 1/190
2026-05-01 15:29:51 INFO Epoch Progress | Epoch: 11 | Loss: 0.5766 | LR: 5.90168e-05 | Progress: 25% | Step: 48/190
2026-05-01 15:31:25 INFO Epoch Progress | Epoch: 11 | Loss: 0.5904 | LR: 5.82038e-05 | Progress: 51% | Step: 96/190
2026-05-01 15:33:00 INFO Epoch Progress | Epoch: 11 | Loss: 0.5857 | LR: 5.73885e-05 | Progress: 76% | Step: 144/190
2026-05-01 15:34:28 INFO Epoch Progress | Epoch: 11 | Loss: 0.5869 | LR: 5.66053e-05 | Progress: 100% | Step: 190/190
2026-05-01 15:38:15 INFO CSV Written | Epoch: 11
2026-05-01 15:38:15 INFO Epoch Done | Epoch: 11 | Time: 608.0605 | Train Loss: 0.5813 | Val Accuracy: 0.8669 | Val AUPRC: 0.9338 | Val Auroc: 0.9368 | Val F1: 0.8652 | Val Loss: 0.4178
2026-05-01 15:38:15 INFO Epoch Start | Epoch: 12
2026-05-01 15:38:25 INFO Epoch Progress | Epoch: 12 | Loss: 0.4766 | LR: 5.65883e-05 | Progress: 1% | Step: 1/190
2026-05-01 15:39:58 INFO Epoch Progress | Epoch: 12 | Loss: 0.5629 | LR: 5.57863e-05 | Progress: 25% | Step: 48/190
2026-05-01 15:41:33 INFO Epoch Progress | Epoch: 12 | Loss: 0.5654 | LR: 5.49657e-05 | Progress: 51% | Step: 96/190
2026-05-01 15:43:08 INFO Epoch Progress | Epoch: 12 | Loss: 0.5661 | LR: 5.41438e-05 | Progress: 76% | Step: 144/190
2026-05-01 15:44:37 INFO Epoch Progress | Epoch: 12 | Loss: 0.5686 | LR: 5.33551e-05 | Progress: 100% | Step: 190/190
2026-05-01 15:48:21 INFO CSV Written | Epoch: 12
2026-05-01 15:48:21 INFO Epoch Done | Epoch: 12 | Time: 606.3303 | Train Loss: 0.5577 | Val Accuracy: 0.8682 | Val AUPRC: 0.9308 | Val Auroc: 0.9345 | Val F1: 0.8698 | Val Loss: 0.4090
2026-05-01 15:48:21 INFO Epoch Start | Epoch: 13
2026-05-01 15:48:30 INFO Epoch Progress | Epoch: 13 | Loss: 0.5624 | LR: 5.33379e-05 | Progress: 1% | Step: 1/190
2026-05-01 15:50:03 INFO Epoch Progress | Epoch: 13 | Loss: 0.5094 | LR: 5.25311e-05 | Progress: 25% | Step: 48/190
2026-05-01 15:51:38 INFO Epoch Progress | Epoch: 13 | Loss: 0.5244 | LR: 5.17065e-05 | Progress: 51% | Step: 96/190
2026-05-01 15:53:12 INFO Epoch Progress | Epoch: 13 | Loss: 0.5361 | LR: 5.08814e-05 | Progress: 76% | Step: 144/190
2026-05-01 15:54:40 INFO Epoch Progress | Epoch: 13 | Loss: 0.5418 | LR: 5.00905e-05 | Progress: 100% | Step: 190/190
2026-05-01 15:58:27 INFO CSV Written | Epoch: 13
2026-05-01 15:58:27 INFO Epoch Done | Epoch: 13 | Time: 605.2255 | Train Loss: 0.5345 | Val Accuracy: 0.8674 | Val AUPRC: 0.9301 | Val Auroc: 0.9340 | Val F1: 0.8665 | Val Loss: 0.4041
2026-05-01 15:58:27 INFO Epoch Start | Epoch: 14
2026-05-01 15:58:37 INFO Epoch Progress | Epoch: 14 | Loss: 0.4941 | LR: 5.00733e-05 | Progress: 1% | Step: 1/190
2026-05-01 16:00:10 INFO Epoch Progress | Epoch: 14 | Loss: 0.4885 | LR: 4.92651e-05 | Progress: 25% | Step: 48/190
2026-05-01 16:01:45 INFO Epoch Progress | Epoch: 14 | Loss: 0.5117 | LR: 4.844e-05 | Progress: 51% | Step: 96/190
2026-05-01 16:03:19 INFO Epoch Progress | Epoch: 14 | Loss: 0.5072 | LR: 4.76153e-05 | Progress: 76% | Step: 144/190
2026-05-01 16:04:48 INFO Epoch Progress | Epoch: 14 | Loss: 0.5134 | LR: 4.68255e-05 | Progress: 100% | Step: 190/190
2026-05-01 16:08:30 INFO CSV Written | Epoch: 14
2026-05-01 16:08:30 INFO Epoch Done | Epoch: 14 | Time: 603.5442 | Train Loss: 0.5072 | Val Accuracy: 0.8677 | Val AUPRC: 0.9265 | Val Auroc: 0.9323 | Val F1: 0.8672 | Val Loss: 0.3952
2026-05-01 16:08:30 INFO Epoch Start | Epoch: 15
2026-05-01 16:08:40 INFO Epoch Progress | Epoch: 15 | Loss: 0.6447 | LR: 4.68083e-05 | Progress: 1% | Step: 1/190
2026-05-01 16:10:13 INFO Epoch Progress | Epoch: 15 | Loss: 0.4525 | LR: 4.60023e-05 | Progress: 25% | Step: 48/190
2026-05-01 16:11:48 INFO Epoch Progress | Epoch: 15 | Loss: 0.4567 | LR: 4.51801e-05 | Progress: 51% | Step: 96/190
2026-05-01 16:13:22 INFO Epoch Progress | Epoch: 15 | Loss: 0.4734 | LR: 4.43593e-05 | Progress: 76% | Step: 144/190
2026-05-01 16:14:51 INFO Epoch Progress | Epoch: 15 | Loss: 0.4791 | LR: 4.35911e-05 | Progress: 100% | Step: 190/190
2026-05-01 16:18:36 INFO CSV Written | Epoch: 15
2026-05-01 16:18:36 INFO Epoch Done | Epoch: 15 | Time: 605.9167 | Train Loss: 0.4812 | Val Accuracy: 0.8668 | Val AUPRC: 0.9282 | Val Auroc: 0.9310 | Val F1: 0.8664 | Val Loss: 0.3968
2026-05-01 16:18:36 INFO Epoch Start | Epoch: 16
2026-05-01 16:18:46 INFO Epoch Progress | Epoch: 16 | Loss: 0.6452 | LR: 4.35741e-05 | Progress: 1% | Step: 1/190
2026-05-01 16:20:20 INFO Epoch Progress | Epoch: 16 | Loss: 0.4687 | LR: 4.27735e-05 | Progress: 25% | Step: 48/190
2026-05-01 16:21:53 INFO Epoch Progress | Epoch: 16 | Loss: 0.4521 | LR: 4.19578e-05 | Progress: 51% | Step: 96/190
2026-05-01 16:23:27 INFO Epoch Progress | Epoch: 16 | Loss: 0.4592 | LR: 4.11443e-05 | Progress: 76% | Step: 144/190
2026-05-01 16:24:55 INFO Epoch Progress | Epoch: 16 | Loss: 0.4594 | LR: 4.0367e-05 | Progress: 100% | Step: 190/190
2026-05-01 16:28:40 INFO CSV Written | Epoch: 16
2026-05-01 16:28:40 INFO Epoch Done | Epoch: 16 | Time: 603.5905 | Train Loss: 0.4598 | Val Accuracy: 0.8696 | Val AUPRC: 0.9276 | Val Auroc: 0.9336 | Val F1: 0.8711 | Val Loss: 0.3905
2026-05-01 16:28:40 INFO Epoch Start | Epoch: 17
2026-05-01 16:28:49 INFO Epoch Progress | Epoch: 17 | Loss: 0.2651 | LR: 4.03501e-05 | Progress: 1% | Step: 1/190
2026-05-01 16:30:22 INFO Epoch Progress | Epoch: 17 | Loss: 0.3950 | LR: 3.95584e-05 | Progress: 25% | Step: 48/190
2026-05-01 16:31:57 INFO Epoch Progress | Epoch: 17 | Loss: 0.4176 | LR: 3.87527e-05 | Progress: 51% | Step: 96/190
2026-05-01 16:33:32 INFO Epoch Progress | Epoch: 17 | Loss: 0.4238 | LR: 3.795e-05 | Progress: 76% | Step: 144/190
2026-05-01 16:35:00 INFO Epoch Progress | Epoch: 17 | Loss: 0.4349 | LR: 3.71839e-05 | Progress: 100% | Step: 190/190
2026-05-01 16:38:44 INFO CSV Written | Epoch: 17
2026-05-01 16:38:44 INFO Epoch Done | Epoch: 17 | Time: 604.0005 | Train Loss: 0.4387 | Val Accuracy: 0.8686 | Val AUPRC: 0.9211 | Val Auroc: 0.9302 | Val F1: 0.8683 | Val Loss: 0.3904
2026-05-01 16:38:44 INFO Epoch Start | Epoch: 18
2026-05-01 16:38:54 INFO Epoch Progress | Epoch: 18 | Loss: 0.3584 | LR: 3.71673e-05 | Progress: 1% | Step: 1/190
2026-05-01 16:40:27 INFO Epoch Progress | Epoch: 18 | Loss: 0.4118 | LR: 3.63879e-05 | Progress: 25% | Step: 48/190
2026-05-01 16:42:02 INFO Epoch Progress | Epoch: 18 | Loss: 0.4160 | LR: 3.55956e-05 | Progress: 51% | Step: 96/190
2026-05-01 16:43:37 INFO Epoch Progress | Epoch: 18 | Loss: 0.4201 | LR: 3.48072e-05 | Progress: 76% | Step: 144/190
2026-05-01 16:45:06 INFO Epoch Progress | Epoch: 18 | Loss: 0.4225 | LR: 3.40556e-05 | Progress: 100% | Step: 190/190
2026-05-01 16:48:52 INFO CSV Written | Epoch: 18
2026-05-01 16:48:52 INFO Epoch Done | Epoch: 18 | Time: 608.3297 | Train Loss: 0.4211 | Val Accuracy: 0.8698 | Val AUPRC: 0.9181 | Val Auroc: 0.9300 | Val F1: 0.8688 | Val Loss: 0.3888
2026-05-01 16:48:52 INFO Epoch Start | Epoch: 19
2026-05-01 16:49:02 INFO Epoch Progress | Epoch: 19 | Loss: 0.4760 | LR: 3.40393e-05 | Progress: 1% | Step: 1/190
2026-05-01 16:50:35 INFO Epoch Progress | Epoch: 19 | Loss: 0.4001 | LR: 3.32755e-05 | Progress: 25% | Step: 48/190
2026-05-01 16:52:10 INFO Epoch Progress | Epoch: 19 | Loss: 0.4016 | LR: 3.25e-05 | Progress: 51% | Step: 96/190
2026-05-01 16:53:45 INFO Epoch Progress | Epoch: 19 | Loss: 0.4002 | LR: 3.17292e-05 | Progress: 76% | Step: 144/190
2026-05-01 16:55:14 INFO Epoch Progress | Epoch: 19 | Loss: 0.3998 | LR: 3.09953e-05 | Progress: 100% | Step: 190/190
2026-05-01 16:58:58 INFO CSV Written | Epoch: 19
2026-05-01 16:58:58 INFO Epoch Done | Epoch: 19 | Time: 606.3100 | Train Loss: 0.3993 | Val Accuracy: 0.8693 | Val AUPRC: 0.9143 | Val Auroc: 0.9264 | Val F1: 0.8709 | Val Loss: 0.3947
2026-05-01 16:58:58 INFO Early Stop | Epoch: 19
2026-05-01 16:58:58 INFO Stage Done | Run Id: full_s47
2026-05-01 16:58:58 INFO Stage Start | Checkpoint: models/v3.1/train/full_s47/best_model.pth | Run Id: full_s47
2026-05-01 16:58:59 INFO Checkpoint Loaded | Path: models/v3.1/train/full_s47/best_model.pth
2026-05-01 16:58:59 INFO Decision Threshold | Mode: fixed | Value: 0.5000
2026-05-01 17:06:42 INFO Evaluation Metrics | Accuracy: 0.6065 | AUPRC: 0.6802 | Auroc: 0.6535 | F1: 0.5675 | Mcc: 0.2165 | Precision: 0.6301 | Recall: 0.5163 | Sensitivity: 0.5163 | Specificity: 0.6967 | Split: test
2026-05-01 17:06:42 INFO CSV Written | Path: logs/v3.1/evaluate/full_s47/evaluate.csv
2026-05-01 17:06:42 INFO Stage Done | Run Id: full_s47
[rank0]:[W501 17:06:43.948982682 ProcessGroupNCCL.cpp:1553] Warning: WARNING: destroy_process_group() was not called before program exit, which can leak resources. For more info, please see https://pytorch.org/docs/stable/distributed.html#shutdown (function operator())

*****************************************
Setting OMP_NUM_THREADS environment variable for each process to be 1 in default, to avoid your system being overloaded, please further tune the variable for optimal performance in your application as needed. 
*****************************************
INFO:src.pipeline.__main__:Loaded config: configs/v3-1/0430/mean_attn_s101.yaml
WARNING:accelerate.utils.other:[RANK 0] Detected kernel version 3.10.0, which is below the recommended minimum of 5.5.0; this can cause the process to hang. It is recommended to upgrade the kernel to the minimum version or higher.
WARNING:py.warnings:/public/home/wangar2023/grand/.venv/lib/python3.11/site-packages/torch/distributed/c10d_logger.py:83: UserWarning: barrier(): using the device under current context. You can specify `device_id` in `init_process_group` to mute this warning.
  return func(*args, **kwargs)

2026-05-01 17:07:50 INFO Pipeline Runtime | Device: cuda:0 | Distributed: True | Test Batches: 1691 | Train Batches: 812 | Valid Batches: 762 | World Size: 4
2026-05-01 17:07:50 INFO Stage Start | Run Id: mean_attn_s101
2026-05-01 17:07:53 INFO Train Config | Epochs: 50 | Monitor: auprc | Patience: 10
2026-05-01 17:07:53 INFO Epoch Start | Epoch: 1
2026-05-01 17:07:59 INFO Epoch Progress | Epoch: 1 | Loss: 0.7857 | LR: 4e-06 | Progress: 0% | Step: 1/812
2026-05-01 17:09:55 INFO Epoch Progress | Epoch: 1 | Loss: 0.7268 | LR: 1.30844e-05 | Progress: 25% | Step: 203/812
2026-05-01 17:11:52 INFO Epoch Progress | Epoch: 1 | Loss: 0.7157 | LR: 3.704e-05 | Progress: 50% | Step: 406/812
2026-05-01 17:13:49 INFO Epoch Progress | Epoch: 1 | Loss: 0.6827 | LR: 6.67126e-05 | Progress: 75% | Step: 609/812
2026-05-01 17:15:46 INFO Epoch Progress | Epoch: 1 | Loss: 0.6448 | LR: 9.07628e-05 | Progress: 100% | Step: 812/812
2026-05-01 17:19:36 INFO CSV Written | Epoch: 1
WARNING:py.warnings:/public/home/wangar2023/grand/.venv/lib/python3.11/site-packages/deepspeed/runtime/zero/linear.py:47: FutureWarning: `torch.cuda.amp.custom_fwd(args...)` is deprecated. Please use `torch.amp.custom_fwd(args..., device_type='cuda')` instead.
  @autocast_custom_fwd

WARNING:py.warnings:/public/home/wangar2023/grand/.venv/lib/python3.11/site-packages/deepspeed/runtime/zero/linear.py:66: FutureWarning: `torch.cuda.amp.custom_bwd(args...)` is deprecated. Please use `torch.amp.custom_bwd(args..., device_type='cuda')` instead.
  @autocast_custom_bwd

2026-05-01 17:19:42 INFO Best Saved | Epoch: 1 | Monitor: val_auprc | Value: 0.8451
2026-05-01 17:19:42 INFO Epoch Done | Epoch: 1 | Time: 703.3416 | Train Loss: 0.6442 | Val Accuracy: 0.7674 | Val AUPRC: 0.8451 | Val Auroc: 0.8484 | Val F1: 0.7576 | Val Loss: 0.5134
2026-05-01 17:19:42 INFO Epoch Start | Epoch: 2
2026-05-01 17:19:44 INFO Epoch Progress | Epoch: 2 | Loss: 0.3637 | LR: 9.08503e-05 | Progress: 0% | Step: 1/812
2026-05-01 17:21:41 INFO Epoch Progress | Epoch: 2 | Loss: 0.4985 | LR: 9.99999e-05 | Progress: 25% | Step: 203/812
2026-05-01 17:23:38 INFO Epoch Progress | Epoch: 2 | Loss: 0.4838 | LR: 9.98791e-05 | Progress: 50% | Step: 406/812
2026-05-01 17:25:36 INFO Epoch Progress | Epoch: 2 | Loss: 0.4802 | LR: 9.95152e-05 | Progress: 75% | Step: 609/812
2026-05-01 17:27:35 INFO Epoch Progress | Epoch: 2 | Loss: 0.4752 | LR: 9.89101e-05 | Progress: 100% | Step: 812/812
2026-05-01 17:31:19 INFO CSV Written | Epoch: 2
2026-05-01 17:31:19 INFO Best Saved | Epoch: 2 | Monitor: val_auprc | Value: 0.8977
2026-05-01 17:31:19 INFO Epoch Done | Epoch: 2 | Time: 697.0366 | Train Loss: 0.4735 | Val Accuracy: 0.8136 | Val AUPRC: 0.8977 | Val Auroc: 0.8974 | Val F1: 0.8104 | Val Loss: 0.4425
2026-05-01 17:31:19 INFO Epoch Start | Epoch: 3
2026-05-01 17:31:22 INFO Epoch Progress | Epoch: 3 | Loss: 0.4094 | LR: 9.89065e-05 | Progress: 0% | Step: 1/812
2026-05-01 17:33:21 INFO Epoch Progress | Epoch: 3 | Loss: 0.4306 | LR: 9.80666e-05 | Progress: 25% | Step: 203/812
2026-05-01 17:35:19 INFO Epoch Progress | Epoch: 3 | Loss: 0.4290 | LR: 9.69891e-05 | Progress: 50% | Step: 406/812
2026-05-01 17:37:18 INFO Epoch Progress | Epoch: 3 | Loss: 0.4237 | LR: 9.56895e-05 | Progress: 75% | Step: 609/812
2026-05-01 17:39:16 INFO Epoch Progress | Epoch: 3 | Loss: 0.4204 | LR: 9.41615e-05 | Progress: 100% | Step: 812/812
2026-05-01 17:43:02 INFO CSV Written | Epoch: 3
2026-05-01 17:43:03 INFO Best Saved | Epoch: 3 | Monitor: val_auprc | Value: 0.9165
2026-05-01 17:43:03 INFO Epoch Done | Epoch: 3 | Time: 703.2059 | Train Loss: 0.4192 | Val Accuracy: 0.8346 | Val AUPRC: 0.9165 | Val Auroc: 0.9171 | Val F1: 0.8311 | Val Loss: 0.4162
2026-05-01 17:43:03 INFO Epoch Start | Epoch: 4
2026-05-01 17:43:05 INFO Epoch Progress | Epoch: 4 | Loss: 0.5520 | LR: 9.41535e-05 | Progress: 0% | Step: 1/812
2026-05-01 17:45:04 INFO Epoch Progress | Epoch: 4 | Loss: 0.3839 | LR: 9.24184e-05 | Progress: 25% | Step: 203/812
2026-05-01 17:47:03 INFO Epoch Progress | Epoch: 4 | Loss: 0.3846 | LR: 9.04686e-05 | Progress: 50% | Step: 406/812
2026-05-01 17:49:03 INFO Epoch Progress | Epoch: 4 | Loss: 0.3822 | LR: 8.83216e-05 | Progress: 75% | Step: 609/812
2026-05-01 17:51:02 INFO Epoch Progress | Epoch: 4 | Loss: 0.3807 | LR: 8.59879e-05 | Progress: 100% | Step: 812/812
2026-05-01 17:54:45 INFO CSV Written | Epoch: 4
2026-05-01 17:54:45 INFO Best Saved | Epoch: 4 | Monitor: val_auprc | Value: 0.9237
2026-05-01 17:54:45 INFO Epoch Done | Epoch: 4 | Time: 701.8284 | Train Loss: 0.3817 | Val Accuracy: 0.8453 | Val AUPRC: 0.9237 | Val Auroc: 0.9250 | Val F1: 0.8435 | Val Loss: 0.3949
2026-05-01 17:54:45 INFO Epoch Start | Epoch: 5
2026-05-01 17:54:47 INFO Epoch Progress | Epoch: 5 | Loss: 0.3073 | LR: 8.5976e-05 | Progress: 0% | Step: 1/812
2026-05-01 17:56:45 INFO Epoch Progress | Epoch: 5 | Loss: 0.3502 | LR: 8.3479e-05 | Progress: 25% | Step: 203/812
2026-05-01 17:58:43 INFO Epoch Progress | Epoch: 5 | Loss: 0.3489 | LR: 8.08069e-05 | Progress: 50% | Step: 406/812
2026-05-01 18:00:41 INFO Epoch Progress | Epoch: 5 | Loss: 0.3533 | LR: 7.79847e-05 | Progress: 75% | Step: 609/812
2026-05-01 18:02:40 INFO Epoch Progress | Epoch: 5 | Loss: 0.3552 | LR: 7.50262e-05 | Progress: 100% | Step: 812/812
2026-05-01 18:06:27 INFO CSV Written | Epoch: 5
2026-05-01 18:06:27 INFO Best Saved | Epoch: 5 | Monitor: val_auprc | Value: 0.9316
2026-05-01 18:06:27 INFO Epoch Done | Epoch: 5 | Time: 702.3701 | Train Loss: 0.3531 | Val Accuracy: 0.8551 | Val AUPRC: 0.9316 | Val Auroc: 0.9333 | Val F1: 0.8526 | Val Loss: 0.3844
2026-05-01 18:06:27 INFO Epoch Start | Epoch: 6
2026-05-01 18:06:41 INFO Epoch Progress | Epoch: 6 | Loss: 1.0460 | LR: 7.50113e-05 | Progress: 1% | Step: 1/190
2026-05-01 18:08:15 INFO Epoch Progress | Epoch: 6 | Loss: 0.6907 | LR: 7.43082e-05 | Progress: 25% | Step: 48/190
2026-05-01 18:09:50 INFO Epoch Progress | Epoch: 6 | Loss: 0.6817 | LR: 7.35837e-05 | Progress: 51% | Step: 96/190
2026-05-01 18:11:25 INFO Epoch Progress | Epoch: 6 | Loss: 0.6826 | LR: 7.28527e-05 | Progress: 76% | Step: 144/190
2026-05-01 18:12:54 INFO Epoch Progress | Epoch: 6 | Loss: 0.6787 | LR: 7.21463e-05 | Progress: 100% | Step: 190/190
2026-05-01 18:16:40 INFO CSV Written | Epoch: 6
2026-05-01 18:16:41 INFO Best Saved | Epoch: 6 | Monitor: val_auprc | Value: 0.9341
2026-05-01 18:16:41 INFO Epoch Done | Epoch: 6 | Time: 612.8050 | Train Loss: 0.6796 | Val Accuracy: 0.8651 | Val AUPRC: 0.9341 | Val Auroc: 0.9368 | Val F1: 0.8684 | Val Loss: 0.4731
2026-05-01 18:16:41 INFO Epoch Start | Epoch: 7
2026-05-01 18:16:51 INFO Epoch Progress | Epoch: 7 | Loss: 0.7505 | LR: 7.21309e-05 | Progress: 1% | Step: 1/190
2026-05-01 18:18:24 INFO Epoch Progress | Epoch: 7 | Loss: 0.6465 | LR: 7.14034e-05 | Progress: 25% | Step: 48/190
2026-05-01 18:19:57 INFO Epoch Progress | Epoch: 7 | Loss: 0.6537 | LR: 7.06546e-05 | Progress: 51% | Step: 96/190
2026-05-01 18:21:31 INFO Epoch Progress | Epoch: 7 | Loss: 0.6506 | LR: 6.99159e-05 | Progress: 76% | Step: 144/190
2026-05-01 18:22:59 INFO Epoch Progress | Epoch: 7 | Loss: 0.6533 | LR: 6.91879e-05 | Progress: 100% | Step: 190/190
2026-05-01 18:26:42 INFO CSV Written | Epoch: 7
2026-05-01 18:26:42 INFO Best Saved | Epoch: 7 | Monitor: val_auprc | Value: 0.9344
2026-05-01 18:26:42 INFO Epoch Done | Epoch: 7 | Time: 601.4687 | Train Loss: 0.6525 | Val Accuracy: 0.8644 | Val AUPRC: 0.9344 | Val Auroc: 0.9367 | Val F1: 0.8670 | Val Loss: 0.4679
2026-05-01 18:26:42 INFO Epoch Start | Epoch: 8
2026-05-01 18:26:52 INFO Epoch Progress | Epoch: 8 | Loss: 0.6032 | LR: 6.9172e-05 | Progress: 1% | Step: 1/190
2026-05-01 18:28:24 INFO Epoch Progress | Epoch: 8 | Loss: 0.6321 | LR: 6.84231e-05 | Progress: 25% | Step: 48/190
2026-05-01 18:29:58 INFO Epoch Progress | Epoch: 8 | Loss: 0.6367 | LR: 6.76534e-05 | Progress: 51% | Step: 96/190
2026-05-01 18:31:32 INFO Epoch Progress | Epoch: 8 | Loss: 0.6385 | LR: 6.68788e-05 | Progress: 76% | Step: 144/190
2026-05-01 18:33:00 INFO Epoch Progress | Epoch: 8 | Loss: 0.6368 | LR: 6.61321e-05 | Progress: 100% | Step: 190/190
2026-05-01 18:36:44 INFO CSV Written | Epoch: 8
2026-05-01 18:36:44 INFO Epoch Done | Epoch: 8 | Time: 601.5673 | Train Loss: 0.6390 | Val Accuracy: 0.8641 | Val AUPRC: 0.9343 | Val Auroc: 0.9367 | Val F1: 0.8656 | Val Loss: 0.4648
2026-05-01 18:36:44 INFO Epoch Start | Epoch: 9
2026-05-01 18:36:54 INFO Epoch Progress | Epoch: 9 | Loss: 0.5727 | LR: 6.61159e-05 | Progress: 1% | Step: 1/190
2026-05-01 18:38:27 INFO Epoch Progress | Epoch: 9 | Loss: 0.6002 | LR: 6.53487e-05 | Progress: 25% | Step: 48/190
2026-05-01 18:40:01 INFO Epoch Progress | Epoch: 9 | Loss: 0.6230 | LR: 6.45612e-05 | Progress: 51% | Step: 96/190
2026-05-01 18:41:35 INFO Epoch Progress | Epoch: 9 | Loss: 0.6282 | LR: 6.37696e-05 | Progress: 76% | Step: 144/190
2026-05-01 18:43:03 INFO Epoch Progress | Epoch: 9 | Loss: 0.6235 | LR: 6.30075e-05 | Progress: 100% | Step: 190/190
2026-05-01 18:46:46 INFO CSV Written | Epoch: 9
2026-05-01 18:46:46 INFO Epoch Done | Epoch: 9 | Time: 602.1235 | Train Loss: 0.6227 | Val Accuracy: 0.8652 | Val AUPRC: 0.9333 | Val Auroc: 0.9368 | Val F1: 0.8682 | Val Loss: 0.4266
2026-05-01 18:46:46 INFO Epoch Start | Epoch: 10
2026-05-01 18:46:56 INFO Epoch Progress | Epoch: 10 | Loss: 0.6142 | LR: 6.29909e-05 | Progress: 1% | Step: 1/190
2026-05-01 18:48:27 INFO Epoch Progress | Epoch: 10 | Loss: 0.5966 | LR: 6.22088e-05 | Progress: 25% | Step: 48/190
2026-05-01 18:49:58 INFO Epoch Progress | Epoch: 10 | Loss: 0.5999 | LR: 6.14068e-05 | Progress: 51% | Step: 96/190
2026-05-01 18:51:31 INFO Epoch Progress | Epoch: 10 | Loss: 0.6024 | LR: 6.06017e-05 | Progress: 76% | Step: 144/190
2026-05-01 18:52:58 INFO Epoch Progress | Epoch: 10 | Loss: 0.6067 | LR: 5.98274e-05 | Progress: 100% | Step: 190/190
2026-05-01 18:56:43 INFO CSV Written | Epoch: 10
2026-05-01 18:56:43 INFO Best Saved | Epoch: 10 | Monitor: val_auprc | Value: 0.9361
2026-05-01 18:56:43 INFO Epoch Done | Epoch: 10 | Time: 597.0685 | Train Loss: 0.6056 | Val Accuracy: 0.8682 | Val AUPRC: 0.9361 | Val Auroc: 0.9387 | Val F1: 0.8705 | Val Loss: 0.4401
2026-05-01 18:56:43 INFO Epoch Start | Epoch: 11
2026-05-01 18:56:53 INFO Epoch Progress | Epoch: 11 | Loss: 0.5344 | LR: 5.98105e-05 | Progress: 1% | Step: 1/190
2026-05-01 18:58:25 INFO Epoch Progress | Epoch: 11 | Loss: 0.5761 | LR: 5.90168e-05 | Progress: 25% | Step: 48/190
2026-05-01 18:59:59 INFO Epoch Progress | Epoch: 11 | Loss: 0.5825 | LR: 5.82038e-05 | Progress: 51% | Step: 96/190
2026-05-01 19:01:33 INFO Epoch Progress | Epoch: 11 | Loss: 0.5832 | LR: 5.74055e-05 | Progress: 76% | Step: 144/190
2026-05-01 19:03:02 INFO Epoch Progress | Epoch: 11 | Loss: 0.5813 | LR: 5.66224e-05 | Progress: 100% | Step: 190/190
2026-05-01 19:06:46 INFO CSV Written | Epoch: 11
2026-05-01 19:06:46 INFO Epoch Done | Epoch: 11 | Time: 602.6692 | Train Loss: 0.5812 | Val Accuracy: 0.8648 | Val AUPRC: 0.9343 | Val Auroc: 0.9373 | Val F1: 0.8632 | Val Loss: 0.4216
2026-05-01 19:06:46 INFO Epoch Start | Epoch: 12
2026-05-01 19:06:56 INFO Epoch Progress | Epoch: 12 | Loss: 0.3816 | LR: 5.66053e-05 | Progress: 1% | Step: 1/190
2026-05-01 19:08:28 INFO Epoch Progress | Epoch: 12 | Loss: 0.5512 | LR: 5.58034e-05 | Progress: 25% | Step: 48/190
2026-05-01 19:10:02 INFO Epoch Progress | Epoch: 12 | Loss: 0.5622 | LR: 5.49828e-05 | Progress: 51% | Step: 96/190
2026-05-01 19:11:35 INFO Epoch Progress | Epoch: 12 | Loss: 0.5631 | LR: 5.41609e-05 | Progress: 76% | Step: 144/190
2026-05-01 19:13:04 INFO Epoch Progress | Epoch: 12 | Loss: 0.5617 | LR: 5.33722e-05 | Progress: 100% | Step: 190/190
2026-05-01 19:16:48 INFO CSV Written | Epoch: 12
2026-05-01 19:16:48 INFO Epoch Done | Epoch: 12 | Time: 601.7485 | Train Loss: 0.5625 | Val Accuracy: 0.8629 | Val AUPRC: 0.9326 | Val Auroc: 0.9352 | Val F1: 0.8631 | Val Loss: 0.4171
2026-05-01 19:16:48 INFO Epoch Start | Epoch: 13
2026-05-01 19:16:56 INFO Epoch Progress | Epoch: 13 | Loss: 0.5928 | LR: 5.33551e-05 | Progress: 1% | Step: 1/190
2026-05-01 19:18:27 INFO Epoch Progress | Epoch: 13 | Loss: 0.5118 | LR: 5.25483e-05 | Progress: 25% | Step: 48/190
2026-05-01 19:20:01 INFO Epoch Progress | Epoch: 13 | Loss: 0.5438 | LR: 5.17237e-05 | Progress: 51% | Step: 96/190
2026-05-01 19:21:33 INFO Epoch Progress | Epoch: 13 | Loss: 0.5397 | LR: 5.08986e-05 | Progress: 76% | Step: 144/190
2026-05-01 19:23:00 INFO Epoch Progress | Epoch: 13 | Loss: 0.5413 | LR: 5.01077e-05 | Progress: 100% | Step: 190/190
2026-05-01 19:26:46 INFO CSV Written | Epoch: 13
2026-05-01 19:26:46 INFO Epoch Done | Epoch: 13 | Time: 597.6797 | Train Loss: 0.5366 | Val Accuracy: 0.8681 | Val AUPRC: 0.9339 | Val Auroc: 0.9382 | Val F1: 0.8673 | Val Loss: 0.4025
2026-05-01 19:26:46 INFO Epoch Start | Epoch: 14
2026-05-01 19:26:55 INFO Epoch Progress | Epoch: 14 | Loss: 0.5096 | LR: 5.00905e-05 | Progress: 1% | Step: 1/190
2026-05-01 19:28:28 INFO Epoch Progress | Epoch: 14 | Loss: 0.4932 | LR: 4.92823e-05 | Progress: 25% | Step: 48/190
2026-05-01 19:30:03 INFO Epoch Progress | Epoch: 14 | Loss: 0.5017 | LR: 4.84572e-05 | Progress: 51% | Step: 96/190
2026-05-01 19:31:36 INFO Epoch Progress | Epoch: 14 | Loss: 0.5142 | LR: 4.76324e-05 | Progress: 76% | Step: 144/190
2026-05-01 19:33:04 INFO Epoch Progress | Epoch: 14 | Loss: 0.5151 | LR: 4.68427e-05 | Progress: 100% | Step: 190/190
2026-05-01 19:36:48 INFO CSV Written | Epoch: 14
2026-05-01 19:36:48 INFO Epoch Done | Epoch: 14 | Time: 602.7847 | Train Loss: 0.5182 | Val Accuracy: 0.8673 | Val AUPRC: 0.9346 | Val Auroc: 0.9378 | Val F1: 0.8685 | Val Loss: 0.3968
2026-05-01 19:36:48 INFO Epoch Start | Epoch: 15
2026-05-01 19:36:57 INFO Epoch Progress | Epoch: 15 | Loss: 0.4781 | LR: 4.68255e-05 | Progress: 1% | Step: 1/190
2026-05-01 19:38:29 INFO Epoch Progress | Epoch: 15 | Loss: 0.4939 | LR: 4.60194e-05 | Progress: 25% | Step: 48/190
2026-05-01 19:40:03 INFO Epoch Progress | Epoch: 15 | Loss: 0.4948 | LR: 4.51972e-05 | Progress: 51% | Step: 96/190
2026-05-01 19:41:38 INFO Epoch Progress | Epoch: 15 | Loss: 0.4891 | LR: 4.43764e-05 | Progress: 76% | Step: 144/190
2026-05-01 19:43:06 INFO Epoch Progress | Epoch: 15 | Loss: 0.4890 | LR: 4.35911e-05 | Progress: 100% | Step: 190/190
2026-05-01 19:46:49 INFO CSV Written | Epoch: 15
2026-05-01 19:46:49 INFO Epoch Done | Epoch: 15 | Time: 600.2403 | Train Loss: 0.4873 | Val Accuracy: 0.8651 | Val AUPRC: 0.9301 | Val Auroc: 0.9346 | Val F1: 0.8655 | Val Loss: 0.3960
2026-05-01 19:46:49 INFO Epoch Start | Epoch: 16
2026-05-01 19:46:59 INFO Epoch Progress | Epoch: 16 | Loss: 0.3152 | LR: 4.35741e-05 | Progress: 1% | Step: 1/190
2026-05-01 19:48:29 INFO Epoch Progress | Epoch: 16 | Loss: 0.4461 | LR: 4.27735e-05 | Progress: 25% | Step: 48/190
2026-05-01 19:50:03 INFO Epoch Progress | Epoch: 16 | Loss: 0.4580 | LR: 4.19578e-05 | Progress: 51% | Step: 96/190
2026-05-01 19:51:34 INFO Epoch Progress | Epoch: 16 | Loss: 0.4611 | LR: 4.11443e-05 | Progress: 76% | Step: 144/190
2026-05-01 19:53:01 INFO Epoch Progress | Epoch: 16 | Loss: 0.4647 | LR: 4.0367e-05 | Progress: 100% | Step: 190/190
2026-05-01 19:56:46 INFO CSV Written | Epoch: 16
2026-05-01 19:56:46 INFO Epoch Done | Epoch: 16 | Time: 597.2430 | Train Loss: 0.4658 | Val Accuracy: 0.8679 | Val AUPRC: 0.9279 | Val Auroc: 0.9338 | Val F1: 0.8680 | Val Loss: 0.3931
2026-05-01 19:56:46 INFO Epoch Start | Epoch: 17
2026-05-01 19:56:56 INFO Epoch Progress | Epoch: 17 | Loss: 0.5736 | LR: 4.03501e-05 | Progress: 1% | Step: 1/190
2026-05-01 19:58:28 INFO Epoch Progress | Epoch: 17 | Loss: 0.4393 | LR: 3.95584e-05 | Progress: 25% | Step: 48/190
2026-05-01 20:00:02 INFO Epoch Progress | Epoch: 17 | Loss: 0.4427 | LR: 3.87527e-05 | Progress: 51% | Step: 96/190
2026-05-01 20:01:35 INFO Epoch Progress | Epoch: 17 | Loss: 0.4469 | LR: 3.795e-05 | Progress: 76% | Step: 144/190
2026-05-01 20:03:03 INFO Epoch Progress | Epoch: 17 | Loss: 0.4426 | LR: 3.71839e-05 | Progress: 100% | Step: 190/190
2026-05-01 20:06:48 INFO CSV Written | Epoch: 17
2026-05-01 20:06:48 INFO Epoch Done | Epoch: 17 | Time: 601.8662 | Train Loss: 0.4395 | Val Accuracy: 0.8675 | Val AUPRC: 0.9250 | Val Auroc: 0.9316 | Val F1: 0.8686 | Val Loss: 0.3920
2026-05-01 20:06:48 INFO Epoch Start | Epoch: 18
2026-05-01 20:06:58 INFO Epoch Progress | Epoch: 18 | Loss: 0.3785 | LR: 3.71673e-05 | Progress: 1% | Step: 1/190
2026-05-01 20:08:30 INFO Epoch Progress | Epoch: 18 | Loss: 0.4189 | LR: 3.63879e-05 | Progress: 25% | Step: 48/190
2026-05-01 20:10:02 INFO Epoch Progress | Epoch: 18 | Loss: 0.4366 | LR: 3.55956e-05 | Progress: 51% | Step: 96/190
2026-05-01 20:11:36 INFO Epoch Progress | Epoch: 18 | Loss: 0.4296 | LR: 3.48072e-05 | Progress: 76% | Step: 144/190
2026-05-01 20:13:04 INFO Epoch Progress | Epoch: 18 | Loss: 0.4234 | LR: 3.40556e-05 | Progress: 100% | Step: 190/190
2026-05-01 20:16:51 INFO CSV Written | Epoch: 18
2026-05-01 20:16:51 INFO Epoch Done | Epoch: 18 | Time: 603.0778 | Train Loss: 0.4218 | Val Accuracy: 0.8705 | Val AUPRC: 0.9274 | Val Auroc: 0.9317 | Val F1: 0.8718 | Val Loss: 0.3909
2026-05-01 20:16:51 INFO Epoch Start | Epoch: 19
2026-05-01 20:17:00 INFO Epoch Progress | Epoch: 19 | Loss: 0.3930 | LR: 3.40393e-05 | Progress: 1% | Step: 1/190
2026-05-01 20:18:32 INFO Epoch Progress | Epoch: 19 | Loss: 0.4152 | LR: 3.32755e-05 | Progress: 25% | Step: 48/190
2026-05-01 20:20:04 INFO Epoch Progress | Epoch: 19 | Loss: 0.4048 | LR: 3.25e-05 | Progress: 51% | Step: 96/190
2026-05-01 20:21:36 INFO Epoch Progress | Epoch: 19 | Loss: 0.4086 | LR: 3.17292e-05 | Progress: 76% | Step: 144/190
2026-05-01 20:23:03 INFO Epoch Progress | Epoch: 19 | Loss: 0.4128 | LR: 3.09953e-05 | Progress: 100% | Step: 190/190
2026-05-01 20:26:48 INFO CSV Written | Epoch: 19
2026-05-01 20:26:48 INFO Epoch Done | Epoch: 19 | Time: 597.6016 | Train Loss: 0.4053 | Val Accuracy: 0.8696 | Val AUPRC: 0.9250 | Val Auroc: 0.9323 | Val F1: 0.8718 | Val Loss: 0.3911
2026-05-01 20:26:48 INFO Epoch Start | Epoch: 20
2026-05-01 20:26:59 INFO Epoch Progress | Epoch: 20 | Loss: 0.1839 | LR: 3.09794e-05 | Progress: 1% | Step: 1/190
2026-05-01 20:28:27 INFO Epoch Progress | Epoch: 20 | Loss: 0.3868 | LR: 3.02345e-05 | Progress: 25% | Step: 48/190
2026-05-01 20:29:58 INFO Epoch Progress | Epoch: 20 | Loss: 0.3954 | LR: 2.9479e-05 | Progress: 51% | Step: 96/190
2026-05-01 20:31:30 INFO Epoch Progress | Epoch: 20 | Loss: 0.3906 | LR: 2.87292e-05 | Progress: 76% | Step: 144/190
2026-05-01 20:32:56 INFO Epoch Progress | Epoch: 20 | Loss: 0.3913 | LR: 2.80161e-05 | Progress: 100% | Step: 190/190
2026-05-01 20:36:42 INFO CSV Written | Epoch: 20
2026-05-01 20:36:42 INFO Epoch Done | Epoch: 20 | Time: 593.4389 | Train Loss: 0.3884 | Val Accuracy: 0.8697 | Val AUPRC: 0.9178 | Val Auroc: 0.9278 | Val F1: 0.8699 | Val Loss: 0.3957
2026-05-01 20:36:42 INFO Early Stop | Epoch: 20
2026-05-01 20:36:42 INFO Stage Done | Run Id: mean_attn_s101
2026-05-01 20:36:42 INFO Stage Start | Checkpoint: models/v3.1/train/mean_attn_s101/best_model.pth | Run Id: mean_attn_s101
2026-05-01 20:36:42 INFO Checkpoint Loaded | Path: models/v3.1/train/mean_attn_s101/best_model.pth
2026-05-01 20:36:42 INFO Decision Threshold | Mode: fixed | Value: 0.5000
2026-05-01 20:44:26 INFO Evaluation Metrics | Accuracy: 0.6099 | AUPRC: 0.6800 | Auroc: 0.6594 | F1: 0.5941 | Mcc: 0.2206 | Precision: 0.6194 | Recall: 0.5707 | Sensitivity: 0.5707 | Specificity: 0.6492 | Split: test
2026-05-01 20:44:26 INFO CSV Written | Path: logs/v3.1/evaluate/mean_attn_s101/evaluate.csv
2026-05-01 20:44:26 INFO Stage Done | Run Id: mean_attn_s101
[rank0]:[W501 20:44:27.204755306 ProcessGroupNCCL.cpp:1553] Warning: WARNING: destroy_process_group() was not called before program exit, which can leak resources. For more info, please see https://pytorch.org/docs/stable/distributed.html#shutdown (function operator())

*****************************************
Setting OMP_NUM_THREADS environment variable for each process to be 1 in default, to avoid your system being overloaded, please further tune the variable for optimal performance in your application as needed. 
*****************************************
INFO:src.pipeline.__main__:Loaded config: configs/v3-1/0430/mean_attn_s13.yaml
WARNING:accelerate.utils.other:[RANK 0] Detected kernel version 3.10.0, which is below the recommended minimum of 5.5.0; this can cause the process to hang. It is recommended to upgrade the kernel to the minimum version or higher.
WARNING:py.warnings:/public/home/wangar2023/grand/.venv/lib/python3.11/site-packages/torch/distributed/c10d_logger.py:83: UserWarning: barrier(): using the device under current context. You can specify `device_id` in `init_process_group` to mute this warning.
  return func(*args, **kwargs)

2026-05-01 20:45:36 INFO Pipeline Runtime | Device: cuda:0 | Distributed: True | Test Batches: 1691 | Train Batches: 812 | Valid Batches: 762 | World Size: 4
2026-05-01 20:45:36 INFO Stage Start | Run Id: mean_attn_s13
2026-05-01 20:45:38 INFO Train Config | Epochs: 50 | Monitor: auprc | Patience: 10
2026-05-01 20:45:38 INFO Epoch Start | Epoch: 1
2026-05-01 20:45:43 INFO Epoch Progress | Epoch: 1 | Loss: 0.6927 | LR: 4.00023e-06 | Progress: 0% | Step: 1/812
2026-05-01 20:47:40 INFO Epoch Progress | Epoch: 1 | Loss: 0.7244 | LR: 1.31716e-05 | Progress: 25% | Step: 203/812
2026-05-01 20:49:36 INFO Epoch Progress | Epoch: 1 | Loss: 0.7189 | LR: 3.71813e-05 | Progress: 50% | Step: 406/812
2026-05-01 20:51:33 INFO Epoch Progress | Epoch: 1 | Loss: 0.6939 | LR: 6.6854e-05 | Progress: 75% | Step: 609/812
2026-05-01 20:53:29 INFO Epoch Progress | Epoch: 1 | Loss: 0.6567 | LR: 9.07628e-05 | Progress: 100% | Step: 812/812
2026-05-01 20:57:15 INFO CSV Written | Epoch: 1
WARNING:py.warnings:/public/home/wangar2023/grand/.venv/lib/python3.11/site-packages/deepspeed/runtime/zero/linear.py:47: FutureWarning: `torch.cuda.amp.custom_fwd(args...)` is deprecated. Please use `torch.amp.custom_fwd(args..., device_type='cuda')` instead.
  @autocast_custom_fwd

WARNING:py.warnings:/public/home/wangar2023/grand/.venv/lib/python3.11/site-packages/deepspeed/runtime/zero/linear.py:66: FutureWarning: `torch.cuda.amp.custom_bwd(args...)` is deprecated. Please use `torch.amp.custom_bwd(args..., device_type='cuda')` instead.
  @autocast_custom_bwd

2026-05-01 20:57:21 INFO Best Saved | Epoch: 1 | Monitor: val_auprc | Value: 0.8425
2026-05-01 20:57:21 INFO Epoch Done | Epoch: 1 | Time: 697.7201 | Train Loss: 0.6572 | Val Accuracy: 0.7619 | Val AUPRC: 0.8425 | Val Auroc: 0.8452 | Val F1: 0.7458 | Val Loss: 0.5145
2026-05-01 20:57:21 INFO Epoch Start | Epoch: 2
2026-05-01 20:57:23 INFO Epoch Progress | Epoch: 2 | Loss: 0.6586 | LR: 9.08503e-05 | Progress: 0% | Step: 1/812
2026-05-01 20:59:20 INFO Epoch Progress | Epoch: 2 | Loss: 0.5048 | LR: 9.99999e-05 | Progress: 25% | Step: 203/812
2026-05-01 21:01:17 INFO Epoch Progress | Epoch: 2 | Loss: 0.4932 | LR: 9.98791e-05 | Progress: 50% | Step: 406/812
2026-05-01 21:03:14 INFO Epoch Progress | Epoch: 2 | Loss: 0.4887 | LR: 9.95152e-05 | Progress: 75% | Step: 609/812
2026-05-01 21:05:12 INFO Epoch Progress | Epoch: 2 | Loss: 0.4798 | LR: 9.89101e-05 | Progress: 100% | Step: 812/812
2026-05-01 21:08:52 INFO CSV Written | Epoch: 2
2026-05-01 21:08:53 INFO Best Saved | Epoch: 2 | Monitor: val_auprc | Value: 0.8865
2026-05-01 21:08:53 INFO Epoch Done | Epoch: 2 | Time: 691.3479 | Train Loss: 0.4784 | Val Accuracy: 0.8059 | Val AUPRC: 0.8865 | Val Auroc: 0.8902 | Val F1: 0.8148 | Val Loss: 0.4603
2026-05-01 21:08:53 INFO Epoch Start | Epoch: 3
2026-05-01 21:08:55 INFO Epoch Progress | Epoch: 3 | Loss: 0.3328 | LR: 9.89065e-05 | Progress: 0% | Step: 1/812
2026-05-01 21:10:51 INFO Epoch Progress | Epoch: 3 | Loss: 0.4439 | LR: 9.80666e-05 | Progress: 25% | Step: 203/812
2026-05-01 21:12:49 INFO Epoch Progress | Epoch: 3 | Loss: 0.4354 | LR: 9.69891e-05 | Progress: 50% | Step: 406/812
2026-05-01 21:14:46 INFO Epoch Progress | Epoch: 3 | Loss: 0.4264 | LR: 9.56825e-05 | Progress: 75% | Step: 609/812
2026-05-01 21:16:43 INFO Epoch Progress | Epoch: 3 | Loss: 0.4252 | LR: 9.41535e-05 | Progress: 100% | Step: 812/812
2026-05-01 21:20:24 INFO CSV Written | Epoch: 3
2026-05-01 21:20:25 INFO Best Saved | Epoch: 3 | Monitor: val_auprc | Value: 0.9094
2026-05-01 21:20:25 INFO Epoch Done | Epoch: 3 | Time: 691.6511 | Train Loss: 0.4243 | Val Accuracy: 0.8335 | Val AUPRC: 0.9094 | Val Auroc: 0.9124 | Val F1: 0.8331 | Val Loss: 0.4211
2026-05-01 21:20:25 INFO Epoch Start | Epoch: 4
2026-05-01 21:20:27 INFO Epoch Progress | Epoch: 4 | Loss: 0.2744 | LR: 9.41454e-05 | Progress: 0% | Step: 1/812
2026-05-01 21:22:24 INFO Epoch Progress | Epoch: 4 | Loss: 0.3940 | LR: 9.24093e-05 | Progress: 25% | Step: 203/812
2026-05-01 21:24:21 INFO Epoch Progress | Epoch: 4 | Loss: 0.3912 | LR: 9.04686e-05 | Progress: 50% | Step: 406/812
2026-05-01 21:26:18 INFO Epoch Progress | Epoch: 4 | Loss: 0.3846 | LR: 8.83216e-05 | Progress: 75% | Step: 609/812
2026-05-01 21:28:15 INFO Epoch Progress | Epoch: 4 | Loss: 0.3863 | LR: 8.59879e-05 | Progress: 100% | Step: 812/812
2026-05-01 21:32:01 INFO CSV Written | Epoch: 4
2026-05-01 21:32:02 INFO Best Saved | Epoch: 4 | Monitor: val_auprc | Value: 0.9225
2026-05-01 21:32:02 INFO Epoch Done | Epoch: 4 | Time: 696.7038 | Train Loss: 0.3848 | Val Accuracy: 0.8480 | Val AUPRC: 0.9225 | Val Auroc: 0.9245 | Val F1: 0.8516 | Val Loss: 0.3957
2026-05-01 21:32:02 INFO Epoch Start | Epoch: 5
2026-05-01 21:32:04 INFO Epoch Progress | Epoch: 5 | Loss: 0.3295 | LR: 8.5976e-05 | Progress: 0% | Step: 1/812
2026-05-01 21:34:00 INFO Epoch Progress | Epoch: 5 | Loss: 0.3619 | LR: 8.3479e-05 | Progress: 25% | Step: 203/812
2026-05-01 21:35:57 INFO Epoch Progress | Epoch: 5 | Loss: 0.3549 | LR: 8.08069e-05 | Progress: 50% | Step: 406/812
2026-05-01 21:37:54 INFO Epoch Progress | Epoch: 5 | Loss: 0.3537 | LR: 7.79847e-05 | Progress: 75% | Step: 609/812
2026-05-01 21:39:50 INFO Epoch Progress | Epoch: 5 | Loss: 0.3561 | LR: 7.50262e-05 | Progress: 100% | Step: 812/812
2026-05-01 21:43:32 INFO CSV Written | Epoch: 5
2026-05-01 21:43:33 INFO Best Saved | Epoch: 5 | Monitor: val_auprc | Value: 0.9301
2026-05-01 21:43:33 INFO Epoch Done | Epoch: 5 | Time: 690.9340 | Train Loss: 0.3553 | Val Accuracy: 0.8563 | Val AUPRC: 0.9301 | Val Auroc: 0.9322 | Val F1: 0.8607 | Val Loss: 0.3864
2026-05-01 21:43:33 INFO Epoch Start | Epoch: 6
2026-05-01 21:43:48 INFO Epoch Progress | Epoch: 6 | Loss: 0.8693 | LR: 7.50113e-05 | Progress: 1% | Step: 1/190
2026-05-01 21:45:21 INFO Epoch Progress | Epoch: 6 | Loss: 0.7107 | LR: 7.43082e-05 | Progress: 25% | Step: 48/190
2026-05-01 21:46:56 INFO Epoch Progress | Epoch: 6 | Loss: 0.6990 | LR: 7.35837e-05 | Progress: 51% | Step: 96/190
2026-05-01 21:48:30 INFO Epoch Progress | Epoch: 6 | Loss: 0.6906 | LR: 7.28527e-05 | Progress: 76% | Step: 144/190
2026-05-01 21:49:59 INFO Epoch Progress | Epoch: 6 | Loss: 0.6862 | LR: 7.21463e-05 | Progress: 100% | Step: 190/190
2026-05-01 21:53:45 INFO CSV Written | Epoch: 6
2026-05-01 21:53:45 INFO Best Saved | Epoch: 6 | Monitor: val_auprc | Value: 0.9337
2026-05-01 21:53:45 INFO Epoch Done | Epoch: 6 | Time: 612.3829 | Train Loss: 0.6834 | Val Accuracy: 0.8627 | Val AUPRC: 0.9337 | Val Auroc: 0.9352 | Val F1: 0.8647 | Val Loss: 0.4851
2026-05-01 21:53:45 INFO Epoch Start | Epoch: 7
2026-05-01 21:53:55 INFO Epoch Progress | Epoch: 7 | Loss: 0.6692 | LR: 7.21309e-05 | Progress: 1% | Step: 1/190
2026-05-01 21:55:28 INFO Epoch Progress | Epoch: 7 | Loss: 0.6656 | LR: 7.14034e-05 | Progress: 25% | Step: 48/190
2026-05-01 21:57:03 INFO Epoch Progress | Epoch: 7 | Loss: 0.6598 | LR: 7.06546e-05 | Progress: 51% | Step: 96/190
2026-05-01 21:58:37 INFO Epoch Progress | Epoch: 7 | Loss: 0.6592 | LR: 6.99001e-05 | Progress: 76% | Step: 144/190
2026-05-01 22:00:05 INFO Epoch Progress | Epoch: 7 | Loss: 0.6587 | LR: 6.9172e-05 | Progress: 100% | Step: 190/190
2026-05-01 22:03:45 INFO CSV Written | Epoch: 7
2026-05-01 22:03:45 INFO Epoch Done | Epoch: 7 | Time: 599.5570 | Train Loss: 0.6551 | Val Accuracy: 0.8588 | Val AUPRC: 0.9309 | Val Auroc: 0.9341 | Val F1: 0.8631 | Val Loss: 0.4645
2026-05-01 22:03:45 INFO Epoch Start | Epoch: 8
2026-05-01 22:03:54 INFO Epoch Progress | Epoch: 8 | Loss: 0.6002 | LR: 6.91561e-05 | Progress: 1% | Step: 1/190
2026-05-01 22:05:24 INFO Epoch Progress | Epoch: 8 | Loss: 0.6113 | LR: 6.84072e-05 | Progress: 25% | Step: 48/190
2026-05-01 22:06:55 INFO Epoch Progress | Epoch: 8 | Loss: 0.6303 | LR: 6.76373e-05 | Progress: 51% | Step: 96/190
2026-05-01 22:08:28 INFO Epoch Progress | Epoch: 8 | Loss: 0.6391 | LR: 6.68626e-05 | Progress: 76% | Step: 144/190
2026-05-01 22:09:56 INFO Epoch Progress | Epoch: 8 | Loss: 0.6428 | LR: 6.61159e-05 | Progress: 100% | Step: 190/190
2026-05-01 22:13:43 INFO CSV Written | Epoch: 8
2026-05-01 22:13:43 INFO Epoch Done | Epoch: 8 | Time: 598.1835 | Train Loss: 0.6409 | Val Accuracy: 0.8605 | Val AUPRC: 0.9311 | Val Auroc: 0.9343 | Val F1: 0.8628 | Val Loss: 0.4762
2026-05-01 22:13:43 INFO Epoch Start | Epoch: 9
2026-05-01 22:13:52 INFO Epoch Progress | Epoch: 9 | Loss: 0.7456 | LR: 6.60996e-05 | Progress: 1% | Step: 1/190
2026-05-01 22:15:23 INFO Epoch Progress | Epoch: 9 | Loss: 0.6213 | LR: 6.53487e-05 | Progress: 25% | Step: 48/190
2026-05-01 22:16:56 INFO Epoch Progress | Epoch: 9 | Loss: 0.6320 | LR: 6.45612e-05 | Progress: 51% | Step: 96/190
2026-05-01 22:18:29 INFO Epoch Progress | Epoch: 9 | Loss: 0.6326 | LR: 6.37696e-05 | Progress: 76% | Step: 144/190
2026-05-01 22:19:56 INFO Epoch Progress | Epoch: 9 | Loss: 0.6265 | LR: 6.30075e-05 | Progress: 100% | Step: 190/190
2026-05-01 22:23:42 INFO CSV Written | Epoch: 9
2026-05-01 22:23:42 INFO Epoch Done | Epoch: 9 | Time: 598.4734 | Train Loss: 0.6246 | Val Accuracy: 0.8563 | Val AUPRC: 0.9296 | Val Auroc: 0.9319 | Val F1: 0.8523 | Val Loss: 0.4437
2026-05-01 22:23:42 INFO Epoch Start | Epoch: 10
2026-05-01 22:23:51 INFO Epoch Progress | Epoch: 10 | Loss: 0.6682 | LR: 6.29909e-05 | Progress: 1% | Step: 1/190
2026-05-01 22:25:24 INFO Epoch Progress | Epoch: 10 | Loss: 0.6040 | LR: 6.22088e-05 | Progress: 25% | Step: 48/190
2026-05-01 22:26:58 INFO Epoch Progress | Epoch: 10 | Loss: 0.6139 | LR: 6.14068e-05 | Progress: 51% | Step: 96/190
2026-05-01 22:28:32 INFO Epoch Progress | Epoch: 10 | Loss: 0.6099 | LR: 6.06017e-05 | Progress: 76% | Step: 144/190
2026-05-01 22:30:00 INFO Epoch Progress | Epoch: 10 | Loss: 0.6105 | LR: 5.98274e-05 | Progress: 100% | Step: 190/190
2026-05-01 22:33:41 INFO CSV Written | Epoch: 10
2026-05-01 22:33:41 INFO Epoch Done | Epoch: 10 | Time: 599.3122 | Train Loss: 0.6057 | Val Accuracy: 0.8595 | Val AUPRC: 0.9310 | Val Auroc: 0.9334 | Val F1: 0.8563 | Val Loss: 0.4392
2026-05-01 22:33:41 INFO Epoch Start | Epoch: 11
2026-05-01 22:33:49 INFO Epoch Progress | Epoch: 11 | Loss: 0.6396 | LR: 5.98105e-05 | Progress: 1% | Step: 1/190
2026-05-01 22:35:21 INFO Epoch Progress | Epoch: 11 | Loss: 0.5689 | LR: 5.90168e-05 | Progress: 25% | Step: 48/190
2026-05-01 22:36:55 INFO Epoch Progress | Epoch: 11 | Loss: 0.5744 | LR: 5.82038e-05 | Progress: 51% | Step: 96/190
2026-05-01 22:38:29 INFO Epoch Progress | Epoch: 11 | Loss: 0.5819 | LR: 5.73885e-05 | Progress: 76% | Step: 144/190
2026-05-01 22:39:56 INFO Epoch Progress | Epoch: 11 | Loss: 0.5842 | LR: 5.66053e-05 | Progress: 100% | Step: 190/190
2026-05-01 22:43:36 INFO CSV Written | Epoch: 11
2026-05-01 22:43:36 INFO Epoch Done | Epoch: 11 | Time: 595.2043 | Train Loss: 0.5841 | Val Accuracy: 0.8601 | Val AUPRC: 0.9300 | Val Auroc: 0.9328 | Val F1: 0.8588 | Val Loss: 0.4224
2026-05-01 22:43:36 INFO Epoch Start | Epoch: 12
2026-05-01 22:43:46 INFO Epoch Progress | Epoch: 12 | Loss: 0.5140 | LR: 5.65883e-05 | Progress: 1% | Step: 1/190
2026-05-01 22:45:18 INFO Epoch Progress | Epoch: 12 | Loss: 0.5358 | LR: 5.57863e-05 | Progress: 25% | Step: 48/190
2026-05-01 22:46:52 INFO Epoch Progress | Epoch: 12 | Loss: 0.5435 | LR: 5.49657e-05 | Progress: 51% | Step: 96/190
2026-05-01 22:48:26 INFO Epoch Progress | Epoch: 12 | Loss: 0.5542 | LR: 5.41438e-05 | Progress: 76% | Step: 144/190
2026-05-01 22:49:53 INFO Epoch Progress | Epoch: 12 | Loss: 0.5604 | LR: 5.33551e-05 | Progress: 100% | Step: 190/190
2026-05-01 22:53:39 INFO CSV Written | Epoch: 12
2026-05-01 22:53:39 INFO Epoch Done | Epoch: 12 | Time: 602.4553 | Train Loss: 0.5543 | Val Accuracy: 0.8638 | Val AUPRC: 0.9313 | Val Auroc: 0.9341 | Val F1: 0.8635 | Val Loss: 0.4136
2026-05-01 22:53:39 INFO Epoch Start | Epoch: 13
2026-05-01 22:53:49 INFO Epoch Progress | Epoch: 13 | Loss: 0.4681 | LR: 5.33379e-05 | Progress: 1% | Step: 1/190
2026-05-01 22:55:22 INFO Epoch Progress | Epoch: 13 | Loss: 0.5266 | LR: 5.25483e-05 | Progress: 25% | Step: 48/190
2026-05-01 22:56:56 INFO Epoch Progress | Epoch: 13 | Loss: 0.5459 | LR: 5.17237e-05 | Progress: 51% | Step: 96/190
2026-05-01 22:58:30 INFO Epoch Progress | Epoch: 13 | Loss: 0.5450 | LR: 5.08986e-05 | Progress: 76% | Step: 144/190
2026-05-01 22:59:58 INFO Epoch Progress | Epoch: 13 | Loss: 0.5421 | LR: 5.01077e-05 | Progress: 100% | Step: 190/190
2026-05-01 23:03:38 INFO CSV Written | Epoch: 13
2026-05-01 23:03:38 INFO Epoch Done | Epoch: 13 | Time: 599.3468 | Train Loss: 0.5339 | Val Accuracy: 0.8650 | Val AUPRC: 0.9279 | Val Auroc: 0.9337 | Val F1: 0.8665 | Val Loss: 0.4029
2026-05-01 23:03:38 INFO Epoch Start | Epoch: 14
2026-05-01 23:03:48 INFO Epoch Progress | Epoch: 14 | Loss: 0.5282 | LR: 5.00905e-05 | Progress: 1% | Step: 1/190
2026-05-01 23:05:21 INFO Epoch Progress | Epoch: 14 | Loss: 0.5085 | LR: 4.92823e-05 | Progress: 25% | Step: 48/190
2026-05-01 23:06:56 INFO Epoch Progress | Epoch: 14 | Loss: 0.5035 | LR: 4.84572e-05 | Progress: 51% | Step: 96/190
2026-05-01 23:08:29 INFO Epoch Progress | Epoch: 14 | Loss: 0.5028 | LR: 4.76324e-05 | Progress: 76% | Step: 144/190
2026-05-01 23:09:57 INFO Epoch Progress | Epoch: 14 | Loss: 0.5037 | LR: 4.68427e-05 | Progress: 100% | Step: 190/190
2026-05-01 23:13:38 INFO CSV Written | Epoch: 14
2026-05-01 23:13:38 INFO Epoch Done | Epoch: 14 | Time: 599.6515 | Train Loss: 0.5016 | Val Accuracy: 0.8657 | Val AUPRC: 0.9270 | Val Auroc: 0.9325 | Val F1: 0.8670 | Val Loss: 0.3978
2026-05-01 23:13:38 INFO Epoch Start | Epoch: 15
2026-05-01 23:13:47 INFO Epoch Progress | Epoch: 15 | Loss: 0.4642 | LR: 4.68255e-05 | Progress: 1% | Step: 1/190
2026-05-01 23:15:20 INFO Epoch Progress | Epoch: 15 | Loss: 0.4886 | LR: 4.60194e-05 | Progress: 25% | Step: 48/190
2026-05-01 23:16:54 INFO Epoch Progress | Epoch: 15 | Loss: 0.4727 | LR: 4.51972e-05 | Progress: 51% | Step: 96/190
2026-05-01 23:18:28 INFO Epoch Progress | Epoch: 15 | Loss: 0.4760 | LR: 4.43764e-05 | Progress: 76% | Step: 144/190
2026-05-01 23:19:56 INFO Epoch Progress | Epoch: 15 | Loss: 0.4768 | LR: 4.35911e-05 | Progress: 100% | Step: 190/190
2026-05-01 23:23:40 INFO CSV Written | Epoch: 15
2026-05-01 23:23:40 INFO Epoch Done | Epoch: 15 | Time: 602.0539 | Train Loss: 0.4731 | Val Accuracy: 0.8683 | Val AUPRC: 0.9302 | Val Auroc: 0.9345 | Val F1: 0.8687 | Val Loss: 0.3914
2026-05-01 23:23:40 INFO Epoch Start | Epoch: 16
2026-05-01 23:23:50 INFO Epoch Progress | Epoch: 16 | Loss: 0.3931 | LR: 4.35741e-05 | Progress: 1% | Step: 1/190
2026-05-01 23:25:22 INFO Epoch Progress | Epoch: 16 | Loss: 0.4464 | LR: 4.27735e-05 | Progress: 25% | Step: 48/190
2026-05-01 23:26:56 INFO Epoch Progress | Epoch: 16 | Loss: 0.4461 | LR: 4.19578e-05 | Progress: 51% | Step: 96/190
2026-05-01 23:28:30 INFO Epoch Progress | Epoch: 16 | Loss: 0.4481 | LR: 4.11443e-05 | Progress: 76% | Step: 144/190
2026-05-01 23:29:58 INFO Epoch Progress | Epoch: 16 | Loss: 0.4532 | LR: 4.0367e-05 | Progress: 100% | Step: 190/190
2026-05-01 23:33:41 INFO CSV Written | Epoch: 16
2026-05-01 23:33:41 INFO Epoch Done | Epoch: 16 | Time: 600.9974 | Train Loss: 0.4509 | Val Accuracy: 0.8649 | Val AUPRC: 0.9262 | Val Auroc: 0.9311 | Val F1: 0.8678 | Val Loss: 0.3968
2026-05-01 23:33:41 INFO Early Stop | Epoch: 16
2026-05-01 23:33:41 INFO Stage Done | Run Id: mean_attn_s13
2026-05-01 23:33:41 INFO Stage Start | Checkpoint: models/v3.1/train/mean_attn_s13/best_model.pth | Run Id: mean_attn_s13
2026-05-01 23:33:41 INFO Checkpoint Loaded | Path: models/v3.1/train/mean_attn_s13/best_model.pth
2026-05-01 23:33:41 INFO Decision Threshold | Mode: fixed | Value: 0.5000
2026-05-01 23:41:24 INFO Evaluation Metrics | Accuracy: 0.6060 | AUPRC: 0.6808 | Auroc: 0.6606 | F1: 0.6060 | Mcc: 0.2120 | Precision: 0.6062 | Recall: 0.6058 | Sensitivity: 0.6058 | Specificity: 0.6062 | Split: test
2026-05-01 23:41:24 INFO CSV Written | Path: logs/v3.1/evaluate/mean_attn_s13/evaluate.csv
2026-05-01 23:41:24 INFO Stage Done | Run Id: mean_attn_s13
[rank0]:[W501 23:41:25.545899284 ProcessGroupNCCL.cpp:1553] Warning: WARNING: destroy_process_group() was not called before program exit, which can leak resources. For more info, please see https://pytorch.org/docs/stable/distributed.html#shutdown (function operator())

*****************************************
Setting OMP_NUM_THREADS environment variable for each process to be 1 in default, to avoid your system being overloaded, please further tune the variable for optimal performance in your application as needed. 
*****************************************
INFO:src.pipeline.__main__:Loaded config: configs/v3-1/0430/mean_attn_s47.yaml
WARNING:accelerate.utils.other:[RANK 0] Detected kernel version 3.10.0, which is below the recommended minimum of 5.5.0; this can cause the process to hang. It is recommended to upgrade the kernel to the minimum version or higher.
WARNING:py.warnings:/public/home/wangar2023/grand/.venv/lib/python3.11/site-packages/torch/distributed/c10d_logger.py:83: UserWarning: barrier(): using the device under current context. You can specify `device_id` in `init_process_group` to mute this warning.
  return func(*args, **kwargs)

2026-05-01 23:42:26 INFO Pipeline Runtime | Device: cuda:0 | Distributed: True | Test Batches: 1691 | Train Batches: 812 | Valid Batches: 762 | World Size: 4
2026-05-01 23:42:26 INFO Stage Start | Run Id: mean_attn_s47
2026-05-01 23:42:28 INFO Train Config | Epochs: 50 | Monitor: auprc | Patience: 10
2026-05-01 23:42:28 INFO Epoch Start | Epoch: 1
2026-05-01 23:42:34 INFO Epoch Progress | Epoch: 1 | Loss: 0.7282 | LR: 4e-06 | Progress: 0% | Step: 1/812
2026-05-01 23:44:32 INFO Epoch Progress | Epoch: 1 | Loss: 0.7286 | LR: 1.30844e-05 | Progress: 25% | Step: 203/812
2026-05-01 23:46:30 INFO Epoch Progress | Epoch: 1 | Loss: 0.7183 | LR: 3.704e-05 | Progress: 50% | Step: 406/812
2026-05-01 23:48:28 INFO Epoch Progress | Epoch: 1 | Loss: 0.6867 | LR: 6.67126e-05 | Progress: 75% | Step: 609/812
2026-05-01 23:50:26 INFO Epoch Progress | Epoch: 1 | Loss: 0.6481 | LR: 9.07628e-05 | Progress: 100% | Step: 812/812
2026-05-01 23:54:07 INFO CSV Written | Epoch: 1
WARNING:py.warnings:/public/home/wangar2023/grand/.venv/lib/python3.11/site-packages/deepspeed/runtime/zero/linear.py:47: FutureWarning: `torch.cuda.amp.custom_fwd(args...)` is deprecated. Please use `torch.amp.custom_fwd(args..., device_type='cuda')` instead.
  @autocast_custom_fwd

WARNING:py.warnings:/public/home/wangar2023/grand/.venv/lib/python3.11/site-packages/deepspeed/runtime/zero/linear.py:66: FutureWarning: `torch.cuda.amp.custom_bwd(args...)` is deprecated. Please use `torch.amp.custom_bwd(args..., device_type='cuda')` instead.
  @autocast_custom_bwd

2026-05-01 23:54:12 INFO Best Saved | Epoch: 1 | Monitor: val_auprc | Value: 0.8420
2026-05-01 23:54:12 INFO Epoch Done | Epoch: 1 | Time: 698.4926 | Train Loss: 0.6494 | Val Accuracy: 0.7706 | Val AUPRC: 0.8420 | Val Auroc: 0.8511 | Val F1: 0.7826 | Val Loss: 0.5071
2026-05-01 23:54:12 INFO Epoch Start | Epoch: 2
2026-05-01 23:54:15 INFO Epoch Progress | Epoch: 2 | Loss: 0.5126 | LR: 9.08503e-05 | Progress: 0% | Step: 1/812
2026-05-01 23:56:11 INFO Epoch Progress | Epoch: 2 | Loss: 0.5042 | LR: 9.99999e-05 | Progress: 25% | Step: 203/812
2026-05-01 23:58:08 INFO Epoch Progress | Epoch: 2 | Loss: 0.4964 | LR: 9.98791e-05 | Progress: 50% | Step: 406/812
2026-05-02 00:00:06 INFO Epoch Progress | Epoch: 2 | Loss: 0.4838 | LR: 9.95152e-05 | Progress: 75% | Step: 609/812
2026-05-02 00:02:04 INFO Epoch Progress | Epoch: 2 | Loss: 0.4767 | LR: 9.89101e-05 | Progress: 100% | Step: 812/812
2026-05-02 00:05:42 INFO CSV Written | Epoch: 2
2026-05-02 00:05:42 INFO Best Saved | Epoch: 2 | Monitor: val_auprc | Value: 0.8907
2026-05-02 00:05:42 INFO Epoch Done | Epoch: 2 | Time: 689.5497 | Train Loss: 0.4737 | Val Accuracy: 0.8088 | Val AUPRC: 0.8907 | Val Auroc: 0.8918 | Val F1: 0.8089 | Val Loss: 0.4548
2026-05-02 00:05:42 INFO Epoch Start | Epoch: 3
2026-05-02 00:05:44 INFO Epoch Progress | Epoch: 3 | Loss: 0.3123 | LR: 9.89065e-05 | Progress: 0% | Step: 1/812
2026-05-02 00:07:41 INFO Epoch Progress | Epoch: 3 | Loss: 0.4335 | LR: 9.80666e-05 | Progress: 25% | Step: 203/812
2026-05-02 00:09:38 INFO Epoch Progress | Epoch: 3 | Loss: 0.4299 | LR: 9.69891e-05 | Progress: 50% | Step: 406/812
2026-05-02 00:11:35 INFO Epoch Progress | Epoch: 3 | Loss: 0.4237 | LR: 9.56895e-05 | Progress: 75% | Step: 609/812
2026-05-02 00:13:32 INFO Epoch Progress | Epoch: 3 | Loss: 0.4206 | LR: 9.41615e-05 | Progress: 100% | Step: 812/812
2026-05-02 00:17:13 INFO CSV Written | Epoch: 3
2026-05-02 00:17:13 INFO Best Saved | Epoch: 3 | Monitor: val_auprc | Value: 0.9165
2026-05-02 00:17:13 INFO Epoch Done | Epoch: 3 | Time: 690.8062 | Train Loss: 0.4193 | Val Accuracy: 0.8362 | Val AUPRC: 0.9165 | Val Auroc: 0.9166 | Val F1: 0.8356 | Val Loss: 0.4096
2026-05-02 00:17:13 INFO Epoch Start | Epoch: 4
2026-05-02 00:17:15 INFO Epoch Progress | Epoch: 4 | Loss: 0.3450 | LR: 9.41535e-05 | Progress: 0% | Step: 1/812
2026-05-02 00:19:12 INFO Epoch Progress | Epoch: 4 | Loss: 0.3779 | LR: 9.24184e-05 | Progress: 25% | Step: 203/812
2026-05-02 00:21:09 INFO Epoch Progress | Epoch: 4 | Loss: 0.3773 | LR: 9.04787e-05 | Progress: 50% | Step: 406/812
2026-05-02 00:23:06 INFO Epoch Progress | Epoch: 4 | Loss: 0.3809 | LR: 8.83326e-05 | Progress: 75% | Step: 609/812
2026-05-02 00:25:03 INFO Epoch Progress | Epoch: 4 | Loss: 0.3805 | LR: 8.59999e-05 | Progress: 100% | Step: 812/812
2026-05-02 00:28:45 INFO CSV Written | Epoch: 4
2026-05-02 00:28:46 INFO Best Saved | Epoch: 4 | Monitor: val_auprc | Value: 0.9266
2026-05-02 00:28:46 INFO Epoch Done | Epoch: 4 | Time: 692.1249 | Train Loss: 0.3797 | Val Accuracy: 0.8497 | Val AUPRC: 0.9266 | Val Auroc: 0.9279 | Val F1: 0.8506 | Val Loss: 0.3881
2026-05-02 00:28:46 INFO Epoch Start | Epoch: 5
2026-05-02 00:28:48 INFO Epoch Progress | Epoch: 5 | Loss: 0.3423 | LR: 8.59879e-05 | Progress: 0% | Step: 1/812
2026-05-02 00:30:44 INFO Epoch Progress | Epoch: 5 | Loss: 0.3533 | LR: 8.34917e-05 | Progress: 25% | Step: 203/812
2026-05-02 00:32:41 INFO Epoch Progress | Epoch: 5 | Loss: 0.3513 | LR: 8.08204e-05 | Progress: 50% | Step: 406/812
2026-05-02 00:34:39 INFO Epoch Progress | Epoch: 5 | Loss: 0.3533 | LR: 7.79989e-05 | Progress: 75% | Step: 609/812
2026-05-02 00:36:36 INFO Epoch Progress | Epoch: 5 | Loss: 0.3536 | LR: 7.5041e-05 | Progress: 100% | Step: 812/812
2026-05-02 00:40:19 INFO CSV Written | Epoch: 5
2026-05-02 00:40:19 INFO Best Saved | Epoch: 5 | Monitor: val_auprc | Value: 0.9303
2026-05-02 00:40:19 INFO Epoch Done | Epoch: 5 | Time: 693.1786 | Train Loss: 0.3504 | Val Accuracy: 0.8555 | Val AUPRC: 0.9303 | Val Auroc: 0.9328 | Val F1: 0.8561 | Val Loss: 0.3853
2026-05-02 00:40:19 INFO Epoch Start | Epoch: 6
2026-05-02 00:40:32 INFO Epoch Progress | Epoch: 6 | Loss: 0.6522 | LR: 7.50262e-05 | Progress: 1% | Step: 1/190
2026-05-02 00:42:07 INFO Epoch Progress | Epoch: 6 | Loss: 0.7061 | LR: 7.43233e-05 | Progress: 25% | Step: 48/190
2026-05-02 00:43:41 INFO Epoch Progress | Epoch: 6 | Loss: 0.6868 | LR: 7.35988e-05 | Progress: 51% | Step: 96/190
2026-05-02 00:45:15 INFO Epoch Progress | Epoch: 6 | Loss: 0.6808 | LR: 7.2868e-05 | Progress: 76% | Step: 144/190
2026-05-02 00:46:44 INFO Epoch Progress | Epoch: 6 | Loss: 0.6774 | LR: 7.21618e-05 | Progress: 100% | Step: 190/190
2026-05-02 00:50:28 INFO CSV Written | Epoch: 6
2026-05-02 00:50:28 INFO Best Saved | Epoch: 6 | Monitor: val_auprc | Value: 0.9350
2026-05-02 00:50:28 INFO Epoch Done | Epoch: 6 | Time: 609.1852 | Train Loss: 0.6756 | Val Accuracy: 0.8631 | Val AUPRC: 0.9350 | Val Auroc: 0.9366 | Val F1: 0.8674 | Val Loss: 0.4846
2026-05-02 00:50:28 INFO Epoch Start | Epoch: 7
2026-05-02 00:50:38 INFO Epoch Progress | Epoch: 7 | Loss: 0.6934 | LR: 7.21463e-05 | Progress: 1% | Step: 1/190
2026-05-02 00:52:10 INFO Epoch Progress | Epoch: 7 | Loss: 0.6494 | LR: 7.14189e-05 | Progress: 25% | Step: 48/190
2026-05-02 00:53:45 INFO Epoch Progress | Epoch: 7 | Loss: 0.6519 | LR: 7.06702e-05 | Progress: 51% | Step: 96/190
2026-05-02 00:55:18 INFO Epoch Progress | Epoch: 7 | Loss: 0.6534 | LR: 6.99159e-05 | Progress: 76% | Step: 144/190
2026-05-02 00:56:47 INFO Epoch Progress | Epoch: 7 | Loss: 0.6572 | LR: 6.91879e-05 | Progress: 100% | Step: 190/190
2026-05-02 01:00:30 INFO CSV Written | Epoch: 7
2026-05-02 01:00:30 INFO Epoch Done | Epoch: 7 | Time: 601.7691 | Train Loss: 0.6494 | Val Accuracy: 0.8634 | Val AUPRC: 0.9342 | Val Auroc: 0.9358 | Val F1: 0.8645 | Val Loss: 0.4664
2026-05-02 01:00:30 INFO Epoch Start | Epoch: 8
2026-05-02 01:00:39 INFO Epoch Progress | Epoch: 8 | Loss: 0.5931 | LR: 6.9172e-05 | Progress: 1% | Step: 1/190
2026-05-02 01:02:13 INFO Epoch Progress | Epoch: 8 | Loss: 0.6199 | LR: 6.84231e-05 | Progress: 25% | Step: 48/190
2026-05-02 01:03:47 INFO Epoch Progress | Epoch: 8 | Loss: 0.6319 | LR: 6.76534e-05 | Progress: 51% | Step: 96/190
2026-05-02 01:05:22 INFO Epoch Progress | Epoch: 8 | Loss: 0.6365 | LR: 6.68788e-05 | Progress: 76% | Step: 144/190
2026-05-02 01:06:50 INFO Epoch Progress | Epoch: 8 | Loss: 0.6363 | LR: 6.61321e-05 | Progress: 100% | Step: 190/190
2026-05-02 01:10:31 INFO CSV Written | Epoch: 8
2026-05-02 01:10:31 INFO Best Saved | Epoch: 8 | Monitor: val_auprc | Value: 0.9354
2026-05-02 01:10:31 INFO Epoch Done | Epoch: 8 | Time: 600.7096 | Train Loss: 0.6327 | Val Accuracy: 0.8641 | Val AUPRC: 0.9354 | Val Auroc: 0.9374 | Val F1: 0.8636 | Val Loss: 0.4601
2026-05-02 01:10:31 INFO Epoch Start | Epoch: 9
2026-05-02 01:10:40 INFO Epoch Progress | Epoch: 9 | Loss: 0.5666 | LR: 6.61159e-05 | Progress: 1% | Step: 1/190
2026-05-02 01:12:13 INFO Epoch Progress | Epoch: 9 | Loss: 0.6177 | LR: 6.53487e-05 | Progress: 25% | Step: 48/190
2026-05-02 01:13:47 INFO Epoch Progress | Epoch: 9 | Loss: 0.6219 | LR: 6.45612e-05 | Progress: 51% | Step: 96/190
2026-05-02 01:15:21 INFO Epoch Progress | Epoch: 9 | Loss: 0.6267 | LR: 6.37696e-05 | Progress: 76% | Step: 144/190
2026-05-02 01:16:50 INFO Epoch Progress | Epoch: 9 | Loss: 0.6268 | LR: 6.30075e-05 | Progress: 100% | Step: 190/190
2026-05-02 01:20:35 INFO CSV Written | Epoch: 9
2026-05-02 01:20:35 INFO Epoch Done | Epoch: 9 | Time: 603.5130 | Train Loss: 0.6176 | Val Accuracy: 0.8641 | Val AUPRC: 0.9346 | Val Auroc: 0.9368 | Val F1: 0.8658 | Val Loss: 0.4549
2026-05-02 01:20:35 INFO Epoch Start | Epoch: 10
2026-05-02 01:20:44 INFO Epoch Progress | Epoch: 10 | Loss: 0.5808 | LR: 6.29909e-05 | Progress: 1% | Step: 1/190
2026-05-02 01:22:15 INFO Epoch Progress | Epoch: 10 | Loss: 0.6021 | LR: 6.22088e-05 | Progress: 25% | Step: 48/190
2026-05-02 01:23:49 INFO Epoch Progress | Epoch: 10 | Loss: 0.5990 | LR: 6.14068e-05 | Progress: 51% | Step: 96/190
2026-05-02 01:25:23 INFO Epoch Progress | Epoch: 10 | Loss: 0.6010 | LR: 6.06017e-05 | Progress: 76% | Step: 144/190
2026-05-02 01:26:51 INFO Epoch Progress | Epoch: 10 | Loss: 0.6021 | LR: 5.98274e-05 | Progress: 100% | Step: 190/190
2026-05-02 01:30:34 INFO CSV Written | Epoch: 10
2026-05-02 01:30:34 INFO Epoch Done | Epoch: 10 | Time: 599.2614 | Train Loss: 0.5989 | Val Accuracy: 0.8656 | Val AUPRC: 0.9336 | Val Auroc: 0.9368 | Val F1: 0.8682 | Val Loss: 0.4191
2026-05-02 01:30:34 INFO Epoch Start | Epoch: 11
2026-05-02 01:30:44 INFO Epoch Progress | Epoch: 11 | Loss: 0.4567 | LR: 5.98105e-05 | Progress: 1% | Step: 1/190
2026-05-02 01:32:17 INFO Epoch Progress | Epoch: 11 | Loss: 0.5653 | LR: 5.90168e-05 | Progress: 25% | Step: 48/190
2026-05-02 01:33:49 INFO Epoch Progress | Epoch: 11 | Loss: 0.5849 | LR: 5.82038e-05 | Progress: 51% | Step: 96/190
2026-05-02 01:35:22 INFO Epoch Progress | Epoch: 11 | Loss: 0.5818 | LR: 5.73885e-05 | Progress: 76% | Step: 144/190
2026-05-02 01:36:50 INFO Epoch Progress | Epoch: 11 | Loss: 0.5812 | LR: 5.66053e-05 | Progress: 100% | Step: 190/190
2026-05-02 01:40:33 INFO CSV Written | Epoch: 11
2026-05-02 01:40:33 INFO Epoch Done | Epoch: 11 | Time: 598.7996 | Train Loss: 0.5742 | Val Accuracy: 0.8671 | Val AUPRC: 0.9346 | Val Auroc: 0.9373 | Val F1: 0.8675 | Val Loss: 0.4149
2026-05-02 01:40:33 INFO Epoch Start | Epoch: 12
2026-05-02 01:40:43 INFO Epoch Progress | Epoch: 12 | Loss: 0.4584 | LR: 5.65883e-05 | Progress: 1% | Step: 1/190
2026-05-02 01:42:15 INFO Epoch Progress | Epoch: 12 | Loss: 0.5484 | LR: 5.58034e-05 | Progress: 25% | Step: 48/190
2026-05-02 01:43:48 INFO Epoch Progress | Epoch: 12 | Loss: 0.5431 | LR: 5.49828e-05 | Progress: 51% | Step: 96/190
2026-05-02 01:45:23 INFO Epoch Progress | Epoch: 12 | Loss: 0.5506 | LR: 5.41609e-05 | Progress: 76% | Step: 144/190
2026-05-02 01:46:50 INFO Epoch Progress | Epoch: 12 | Loss: 0.5524 | LR: 5.33722e-05 | Progress: 100% | Step: 190/190
2026-05-02 01:50:38 INFO CSV Written | Epoch: 12
2026-05-02 01:50:38 INFO Epoch Done | Epoch: 12 | Time: 605.1576 | Train Loss: 0.5494 | Val Accuracy: 0.8689 | Val AUPRC: 0.9341 | Val Auroc: 0.9370 | Val F1: 0.8678 | Val Loss: 0.4039
2026-05-02 01:50:38 INFO Epoch Start | Epoch: 13
2026-05-02 01:50:48 INFO Epoch Progress | Epoch: 13 | Loss: 0.4681 | LR: 5.33551e-05 | Progress: 1% | Step: 1/190
2026-05-02 01:52:21 INFO Epoch Progress | Epoch: 13 | Loss: 0.5128 | LR: 5.25483e-05 | Progress: 25% | Step: 48/190
2026-05-02 01:53:55 INFO Epoch Progress | Epoch: 13 | Loss: 0.5181 | LR: 5.17237e-05 | Progress: 51% | Step: 96/190
2026-05-02 01:55:30 INFO Epoch Progress | Epoch: 13 | Loss: 0.5291 | LR: 5.08986e-05 | Progress: 76% | Step: 144/190
2026-05-02 01:56:58 INFO Epoch Progress | Epoch: 13 | Loss: 0.5359 | LR: 5.01077e-05 | Progress: 100% | Step: 190/190
2026-05-02 02:00:43 INFO CSV Written | Epoch: 13
2026-05-02 02:00:43 INFO Epoch Done | Epoch: 13 | Time: 605.0172 | Train Loss: 0.5237 | Val Accuracy: 0.8688 | Val AUPRC: 0.9336 | Val Auroc: 0.9365 | Val F1: 0.8689 | Val Loss: 0.3965
2026-05-02 02:00:43 INFO Epoch Start | Epoch: 14
2026-05-02 02:00:53 INFO Epoch Progress | Epoch: 14 | Loss: 0.4174 | LR: 5.00905e-05 | Progress: 1% | Step: 1/190
2026-05-02 02:02:26 INFO Epoch Progress | Epoch: 14 | Loss: 0.5082 | LR: 4.92823e-05 | Progress: 25% | Step: 48/190
2026-05-02 02:04:01 INFO Epoch Progress | Epoch: 14 | Loss: 0.5201 | LR: 4.84572e-05 | Progress: 51% | Step: 96/190
2026-05-02 02:05:36 INFO Epoch Progress | Epoch: 14 | Loss: 0.5122 | LR: 4.76324e-05 | Progress: 76% | Step: 144/190
2026-05-02 02:07:04 INFO Epoch Progress | Epoch: 14 | Loss: 0.5163 | LR: 4.68427e-05 | Progress: 100% | Step: 190/190
2026-05-02 02:10:50 INFO CSV Written | Epoch: 14
2026-05-02 02:10:50 INFO Epoch Done | Epoch: 14 | Time: 606.9016 | Train Loss: 0.4997 | Val Accuracy: 0.8710 | Val AUPRC: 0.9341 | Val Auroc: 0.9372 | Val F1: 0.8726 | Val Loss: 0.3905
2026-05-02 02:10:50 INFO Epoch Start | Epoch: 15
2026-05-02 02:11:00 INFO Epoch Progress | Epoch: 15 | Loss: 0.5309 | LR: 4.68255e-05 | Progress: 1% | Step: 1/190
2026-05-02 02:12:31 INFO Epoch Progress | Epoch: 15 | Loss: 0.4442 | LR: 4.60194e-05 | Progress: 25% | Step: 48/190
2026-05-02 02:14:05 INFO Epoch Progress | Epoch: 15 | Loss: 0.4522 | LR: 4.51972e-05 | Progress: 51% | Step: 96/190
2026-05-02 02:15:39 INFO Epoch Progress | Epoch: 15 | Loss: 0.4737 | LR: 4.43764e-05 | Progress: 76% | Step: 144/190
2026-05-02 02:17:07 INFO Epoch Progress | Epoch: 15 | Loss: 0.4844 | LR: 4.35911e-05 | Progress: 100% | Step: 190/190
2026-05-02 02:20:51 INFO CSV Written | Epoch: 15
2026-05-02 02:20:51 INFO Epoch Done | Epoch: 15 | Time: 601.1702 | Train Loss: 0.4761 | Val Accuracy: 0.8712 | Val AUPRC: 0.9316 | Val Auroc: 0.9368 | Val F1: 0.8721 | Val Loss: 0.3883
2026-05-02 02:20:51 INFO Epoch Start | Epoch: 16
2026-05-02 02:21:00 INFO Epoch Progress | Epoch: 16 | Loss: 0.4345 | LR: 4.35741e-05 | Progress: 1% | Step: 1/190
2026-05-02 02:22:34 INFO Epoch Progress | Epoch: 16 | Loss: 0.4256 | LR: 4.27735e-05 | Progress: 25% | Step: 48/190
2026-05-02 02:24:06 INFO Epoch Progress | Epoch: 16 | Loss: 0.4434 | LR: 4.19578e-05 | Progress: 51% | Step: 96/190
2026-05-02 02:25:40 INFO Epoch Progress | Epoch: 16 | Loss: 0.4562 | LR: 4.11443e-05 | Progress: 76% | Step: 144/190
2026-05-02 02:27:08 INFO Epoch Progress | Epoch: 16 | Loss: 0.4599 | LR: 4.0367e-05 | Progress: 100% | Step: 190/190
2026-05-02 02:30:56 INFO CSV Written | Epoch: 16
2026-05-02 02:30:56 INFO Epoch Done | Epoch: 16 | Time: 604.9340 | Train Loss: 0.4498 | Val Accuracy: 0.8690 | Val AUPRC: 0.9203 | Val Auroc: 0.9308 | Val F1: 0.8696 | Val Loss: 0.3937
2026-05-02 02:30:56 INFO Epoch Start | Epoch: 17
2026-05-02 02:31:06 INFO Epoch Progress | Epoch: 17 | Loss: 0.3457 | LR: 4.03501e-05 | Progress: 1% | Step: 1/190
2026-05-02 02:32:37 INFO Epoch Progress | Epoch: 17 | Loss: 0.4054 | LR: 3.95584e-05 | Progress: 25% | Step: 48/190
2026-05-02 02:34:11 INFO Epoch Progress | Epoch: 17 | Loss: 0.4165 | LR: 3.87527e-05 | Progress: 51% | Step: 96/190
2026-05-02 02:35:43 INFO Epoch Progress | Epoch: 17 | Loss: 0.4224 | LR: 3.795e-05 | Progress: 76% | Step: 144/190
2026-05-02 02:37:10 INFO Epoch Progress | Epoch: 17 | Loss: 0.4350 | LR: 3.71839e-05 | Progress: 100% | Step: 190/190
2026-05-02 02:40:56 INFO CSV Written | Epoch: 17
2026-05-02 02:40:56 INFO Epoch Done | Epoch: 17 | Time: 599.9473 | Train Loss: 0.4269 | Val Accuracy: 0.8691 | Val AUPRC: 0.9225 | Val Auroc: 0.9277 | Val F1: 0.8687 | Val Loss: 0.3927
2026-05-02 02:40:56 INFO Epoch Start | Epoch: 18
2026-05-02 02:41:06 INFO Epoch Progress | Epoch: 18 | Loss: 0.4039 | LR: 3.71673e-05 | Progress: 1% | Step: 1/190
2026-05-02 02:42:38 INFO Epoch Progress | Epoch: 18 | Loss: 0.3997 | LR: 3.63879e-05 | Progress: 25% | Step: 48/190
2026-05-02 02:44:13 INFO Epoch Progress | Epoch: 18 | Loss: 0.3982 | LR: 3.55956e-05 | Progress: 51% | Step: 96/190
2026-05-02 02:45:46 INFO Epoch Progress | Epoch: 18 | Loss: 0.4030 | LR: 3.48072e-05 | Progress: 76% | Step: 144/190
2026-05-02 02:47:15 INFO Epoch Progress | Epoch: 18 | Loss: 0.4126 | LR: 3.40556e-05 | Progress: 100% | Step: 190/190
2026-05-02 02:51:00 INFO CSV Written | Epoch: 18
2026-05-02 02:51:00 INFO Epoch Done | Epoch: 18 | Time: 604.1288 | Train Loss: 0.4046 | Val Accuracy: 0.8689 | Val AUPRC: 0.9206 | Val Auroc: 0.9278 | Val F1: 0.8689 | Val Loss: 0.3923
2026-05-02 02:51:00 INFO Early Stop | Epoch: 18
2026-05-02 02:51:00 INFO Stage Done | Run Id: mean_attn_s47
2026-05-02 02:51:00 INFO Stage Start | Checkpoint: models/v3.1/train/mean_attn_s47/best_model.pth | Run Id: mean_attn_s47
2026-05-02 02:51:00 INFO Checkpoint Loaded | Path: models/v3.1/train/mean_attn_s47/best_model.pth
2026-05-02 02:51:00 INFO Decision Threshold | Mode: fixed | Value: 0.5000
2026-05-02 02:58:48 INFO Evaluation Metrics | Accuracy: 0.6161 | AUPRC: 0.6863 | Auroc: 0.6670 | F1: 0.5993 | Mcc: 0.2331 | Precision: 0.6270 | Recall: 0.5740 | Sensitivity: 0.5740 | Specificity: 0.6583 | Split: test
2026-05-02 02:58:48 INFO CSV Written | Path: logs/v3.1/evaluate/mean_attn_s47/evaluate.csv
2026-05-02 02:58:48 INFO Stage Done | Run Id: mean_attn_s47
[rank0]:[W502 02:58:49.686733358 ProcessGroupNCCL.cpp:1553] Warning: WARNING: destroy_process_group() was not called before program exit, which can leak resources. For more info, please see https://pytorch.org/docs/stable/distributed.html#shutdown (function operator())

*****************************************
Setting OMP_NUM_THREADS environment variable for each process to be 1 in default, to avoid your system being overloaded, please further tune the variable for optimal performance in your application as needed. 
*****************************************
INFO:src.pipeline.__main__:Loaded config: configs/v3-1/0430/no_cls_s101.yaml
WARNING:accelerate.utils.other:[RANK 0] Detected kernel version 3.10.0, which is below the recommended minimum of 5.5.0; this can cause the process to hang. It is recommended to upgrade the kernel to the minimum version or higher.
WARNING:py.warnings:/public/home/wangar2023/grand/.venv/lib/python3.11/site-packages/torch/distributed/c10d_logger.py:83: UserWarning: barrier(): using the device under current context. You can specify `device_id` in `init_process_group` to mute this warning.
  return func(*args, **kwargs)

2026-05-02 02:59:57 INFO Pipeline Runtime | Device: cuda:0 | Distributed: True | Test Batches: 1691 | Train Batches: 812 | Valid Batches: 762 | World Size: 4
2026-05-02 02:59:57 INFO Stage Start | Run Id: no_cls_s101
2026-05-02 03:00:00 INFO Train Config | Epochs: 50 | Monitor: auprc | Patience: 10
2026-05-02 03:00:00 INFO Epoch Start | Epoch: 1
2026-05-02 03:00:05 INFO Epoch Progress | Epoch: 1 | Loss: 0.8019 | LR: 4e-06 | Progress: 0% | Step: 1/812
2026-05-02 03:02:02 INFO Epoch Progress | Epoch: 1 | Loss: 0.7399 | LR: 1.30844e-05 | Progress: 25% | Step: 203/812
2026-05-02 03:03:59 INFO Epoch Progress | Epoch: 1 | Loss: 0.7268 | LR: 3.704e-05 | Progress: 50% | Step: 406/812
2026-05-02 03:05:57 INFO Epoch Progress | Epoch: 1 | Loss: 0.6966 | LR: 6.67126e-05 | Progress: 75% | Step: 609/812
2026-05-02 03:07:53 INFO Epoch Progress | Epoch: 1 | Loss: 0.6593 | LR: 9.07628e-05 | Progress: 100% | Step: 812/812
2026-05-02 03:11:38 INFO CSV Written | Epoch: 1
WARNING:py.warnings:/public/home/wangar2023/grand/.venv/lib/python3.11/site-packages/deepspeed/runtime/zero/linear.py:47: FutureWarning: `torch.cuda.amp.custom_fwd(args...)` is deprecated. Please use `torch.amp.custom_fwd(args..., device_type='cuda')` instead.
  @autocast_custom_fwd

WARNING:py.warnings:/public/home/wangar2023/grand/.venv/lib/python3.11/site-packages/deepspeed/runtime/zero/linear.py:66: FutureWarning: `torch.cuda.amp.custom_bwd(args...)` is deprecated. Please use `torch.amp.custom_bwd(args..., device_type='cuda')` instead.
  @autocast_custom_bwd

2026-05-02 03:11:44 INFO Best Saved | Epoch: 1 | Monitor: val_auprc | Value: 0.8451
2026-05-02 03:11:44 INFO Epoch Done | Epoch: 1 | Time: 698.7224 | Train Loss: 0.6574 | Val Accuracy: 0.7630 | Val AUPRC: 0.8451 | Val Auroc: 0.8511 | Val F1: 0.7457 | Val Loss: 0.5119
2026-05-02 03:11:44 INFO Epoch Start | Epoch: 2
2026-05-02 03:11:46 INFO Epoch Progress | Epoch: 2 | Loss: 0.3587 | LR: 9.08503e-05 | Progress: 0% | Step: 1/812
2026-05-02 03:13:44 INFO Epoch Progress | Epoch: 2 | Loss: 0.5034 | LR: 9.99999e-05 | Progress: 25% | Step: 203/812
2026-05-02 03:15:41 INFO Epoch Progress | Epoch: 2 | Loss: 0.4866 | LR: 9.98791e-05 | Progress: 50% | Step: 406/812
2026-05-02 03:17:39 INFO Epoch Progress | Epoch: 2 | Loss: 0.4841 | LR: 9.95152e-05 | Progress: 75% | Step: 609/812
2026-05-02 03:19:36 INFO Epoch Progress | Epoch: 2 | Loss: 0.4773 | LR: 9.89101e-05 | Progress: 100% | Step: 812/812
2026-05-02 03:23:17 INFO CSV Written | Epoch: 2
2026-05-02 03:23:17 INFO Best Saved | Epoch: 2 | Monitor: val_auprc | Value: 0.9014
2026-05-02 03:23:17 INFO Epoch Done | Epoch: 2 | Time: 692.6331 | Train Loss: 0.4776 | Val Accuracy: 0.8178 | Val AUPRC: 0.9014 | Val Auroc: 0.9010 | Val F1: 0.8153 | Val Loss: 0.4353
2026-05-02 03:23:17 INFO Epoch Start | Epoch: 3
2026-05-02 03:23:19 INFO Epoch Progress | Epoch: 3 | Loss: 0.4111 | LR: 9.89065e-05 | Progress: 0% | Step: 1/812
2026-05-02 03:25:16 INFO Epoch Progress | Epoch: 3 | Loss: 0.4264 | LR: 9.80666e-05 | Progress: 25% | Step: 203/812
2026-05-02 03:27:14 INFO Epoch Progress | Epoch: 3 | Loss: 0.4272 | LR: 9.69949e-05 | Progress: 50% | Step: 406/812
2026-05-02 03:29:12 INFO Epoch Progress | Epoch: 3 | Loss: 0.4212 | LR: 9.56895e-05 | Progress: 75% | Step: 609/812
2026-05-02 03:31:09 INFO Epoch Progress | Epoch: 3 | Loss: 0.4183 | LR: 9.41615e-05 | Progress: 100% | Step: 812/812
2026-05-02 03:34:51 INFO CSV Written | Epoch: 3
2026-05-02 03:34:51 INFO Best Saved | Epoch: 3 | Monitor: val_auprc | Value: 0.9121
2026-05-02 03:34:51 INFO Epoch Done | Epoch: 3 | Time: 694.1599 | Train Loss: 0.4202 | Val Accuracy: 0.8308 | Val AUPRC: 0.9121 | Val Auroc: 0.9147 | Val F1: 0.8246 | Val Loss: 0.4211
2026-05-02 03:34:51 INFO Epoch Start | Epoch: 4
2026-05-02 03:34:54 INFO Epoch Progress | Epoch: 4 | Loss: 0.5178 | LR: 9.41535e-05 | Progress: 0% | Step: 1/812
2026-05-02 03:36:53 INFO Epoch Progress | Epoch: 4 | Loss: 0.3890 | LR: 9.24184e-05 | Progress: 25% | Step: 203/812
2026-05-02 03:38:51 INFO Epoch Progress | Epoch: 4 | Loss: 0.3882 | LR: 9.04686e-05 | Progress: 50% | Step: 406/812
2026-05-02 03:40:51 INFO Epoch Progress | Epoch: 4 | Loss: 0.3848 | LR: 8.83216e-05 | Progress: 75% | Step: 609/812
2026-05-02 03:42:50 INFO Epoch Progress | Epoch: 4 | Loss: 0.3825 | LR: 8.59879e-05 | Progress: 100% | Step: 812/812
2026-05-02 03:46:35 INFO CSV Written | Epoch: 4
2026-05-02 03:46:35 INFO Best Saved | Epoch: 4 | Monitor: val_auprc | Value: 0.9231
2026-05-02 03:46:35 INFO Epoch Done | Epoch: 4 | Time: 703.4312 | Train Loss: 0.3823 | Val Accuracy: 0.8369 | Val AUPRC: 0.9231 | Val Auroc: 0.9246 | Val F1: 0.8279 | Val Loss: 0.4132
2026-05-02 03:46:35 INFO Epoch Start | Epoch: 5
2026-05-02 03:46:38 INFO Epoch Progress | Epoch: 5 | Loss: 0.3122 | LR: 8.5976e-05 | Progress: 0% | Step: 1/812
2026-05-02 03:48:36 INFO Epoch Progress | Epoch: 5 | Loss: 0.3539 | LR: 8.3479e-05 | Progress: 25% | Step: 203/812
2026-05-02 03:50:36 INFO Epoch Progress | Epoch: 5 | Loss: 0.3505 | LR: 8.08069e-05 | Progress: 50% | Step: 406/812
2026-05-02 03:52:35 INFO Epoch Progress | Epoch: 5 | Loss: 0.3548 | LR: 7.79847e-05 | Progress: 75% | Step: 609/812
2026-05-02 03:54:34 INFO Epoch Progress | Epoch: 5 | Loss: 0.3563 | LR: 7.5041e-05 | Progress: 100% | Step: 812/812
2026-05-02 03:58:21 INFO CSV Written | Epoch: 5
2026-05-02 03:58:21 INFO Best Saved | Epoch: 5 | Monitor: val_auprc | Value: 0.9303
2026-05-02 03:58:21 INFO Epoch Done | Epoch: 5 | Time: 705.3979 | Train Loss: 0.3518 | Val Accuracy: 0.8465 | Val AUPRC: 0.9303 | Val Auroc: 0.9335 | Val F1: 0.8376 | Val Loss: 0.3985
2026-05-02 03:58:21 INFO Epoch Start | Epoch: 6
2026-05-02 03:58:35 INFO Epoch Progress | Epoch: 6 | Loss: 1.0273 | LR: 7.50262e-05 | Progress: 1% | Step: 1/190
2026-05-02 04:00:09 INFO Epoch Progress | Epoch: 6 | Loss: 0.6965 | LR: 7.43233e-05 | Progress: 25% | Step: 48/190
2026-05-02 04:01:43 INFO Epoch Progress | Epoch: 6 | Loss: 0.6842 | LR: 7.35988e-05 | Progress: 51% | Step: 96/190
2026-05-02 04:03:18 INFO Epoch Progress | Epoch: 6 | Loss: 0.6819 | LR: 7.2868e-05 | Progress: 76% | Step: 144/190
2026-05-02 04:04:46 INFO Epoch Progress | Epoch: 6 | Loss: 0.6775 | LR: 7.21618e-05 | Progress: 100% | Step: 190/190
2026-05-02 04:08:33 INFO CSV Written | Epoch: 6
2026-05-02 04:08:33 INFO Best Saved | Epoch: 6 | Monitor: val_auprc | Value: 0.9377
2026-05-02 04:08:33 INFO Epoch Done | Epoch: 6 | Time: 611.8751 | Train Loss: 0.6760 | Val Accuracy: 0.8656 | Val AUPRC: 0.9377 | Val Auroc: 0.9393 | Val F1: 0.8662 | Val Loss: 0.4773
2026-05-02 04:08:33 INFO Epoch Start | Epoch: 7
2026-05-02 04:08:43 INFO Epoch Progress | Epoch: 7 | Loss: 0.7340 | LR: 7.21463e-05 | Progress: 1% | Step: 1/190
2026-05-02 04:10:16 INFO Epoch Progress | Epoch: 7 | Loss: 0.6534 | LR: 7.14189e-05 | Progress: 25% | Step: 48/190
2026-05-02 04:11:51 INFO Epoch Progress | Epoch: 7 | Loss: 0.6539 | LR: 7.06702e-05 | Progress: 51% | Step: 96/190
2026-05-02 04:13:26 INFO Epoch Progress | Epoch: 7 | Loss: 0.6508 | LR: 6.99159e-05 | Progress: 76% | Step: 144/190
2026-05-02 04:14:54 INFO Epoch Progress | Epoch: 7 | Loss: 0.6545 | LR: 6.91879e-05 | Progress: 100% | Step: 190/190
2026-05-02 04:18:41 INFO CSV Written | Epoch: 7
2026-05-02 04:18:41 INFO Epoch Done | Epoch: 7 | Time: 607.9702 | Train Loss: 0.6511 | Val Accuracy: 0.8648 | Val AUPRC: 0.9375 | Val Auroc: 0.9390 | Val F1: 0.8624 | Val Loss: 0.4639
2026-05-02 04:18:41 INFO Epoch Start | Epoch: 8
2026-05-02 04:18:53 INFO Epoch Progress | Epoch: 8 | Loss: 0.5631 | LR: 6.9172e-05 | Progress: 1% | Step: 1/190
2026-05-02 04:20:26 INFO Epoch Progress | Epoch: 8 | Loss: 0.6208 | LR: 6.84231e-05 | Progress: 25% | Step: 48/190
2026-05-02 04:22:02 INFO Epoch Progress | Epoch: 8 | Loss: 0.6322 | LR: 6.76534e-05 | Progress: 51% | Step: 96/190
2026-05-02 04:23:37 INFO Epoch Progress | Epoch: 8 | Loss: 0.6348 | LR: 6.68788e-05 | Progress: 76% | Step: 144/190
2026-05-02 04:25:06 INFO Epoch Progress | Epoch: 8 | Loss: 0.6377 | LR: 6.61321e-05 | Progress: 100% | Step: 190/190
2026-05-02 04:28:56 INFO CSV Written | Epoch: 8
2026-05-02 04:28:56 INFO Epoch Done | Epoch: 8 | Time: 615.1842 | Train Loss: 0.6354 | Val Accuracy: 0.8643 | Val AUPRC: 0.9368 | Val Auroc: 0.9384 | Val F1: 0.8644 | Val Loss: 0.4541
2026-05-02 04:28:56 INFO Epoch Start | Epoch: 9
2026-05-02 04:29:04 INFO Epoch Progress | Epoch: 9 | Loss: 0.5524 | LR: 6.61159e-05 | Progress: 1% | Step: 1/190
2026-05-02 04:30:38 INFO Epoch Progress | Epoch: 9 | Loss: 0.6168 | LR: 6.53487e-05 | Progress: 25% | Step: 48/190
2026-05-02 04:32:13 INFO Epoch Progress | Epoch: 9 | Loss: 0.6207 | LR: 6.45612e-05 | Progress: 51% | Step: 96/190
2026-05-02 04:33:48 INFO Epoch Progress | Epoch: 9 | Loss: 0.6271 | LR: 6.37696e-05 | Progress: 76% | Step: 144/190
2026-05-02 04:35:16 INFO Epoch Progress | Epoch: 9 | Loss: 0.6245 | LR: 6.30075e-05 | Progress: 100% | Step: 190/190
2026-05-02 04:39:01 INFO CSV Written | Epoch: 9
2026-05-02 04:39:01 INFO Epoch Done | Epoch: 9 | Time: 604.4277 | Train Loss: 0.6183 | Val Accuracy: 0.8642 | Val AUPRC: 0.9356 | Val Auroc: 0.9373 | Val F1: 0.8670 | Val Loss: 0.4300
2026-05-02 04:39:01 INFO Epoch Start | Epoch: 10
2026-05-02 04:39:10 INFO Epoch Progress | Epoch: 10 | Loss: 0.5895 | LR: 6.29909e-05 | Progress: 1% | Step: 1/190
2026-05-02 04:40:43 INFO Epoch Progress | Epoch: 10 | Loss: 0.5859 | LR: 6.22088e-05 | Progress: 25% | Step: 48/190
2026-05-02 04:42:18 INFO Epoch Progress | Epoch: 10 | Loss: 0.5913 | LR: 6.14068e-05 | Progress: 51% | Step: 96/190
2026-05-02 04:43:52 INFO Epoch Progress | Epoch: 10 | Loss: 0.5989 | LR: 6.06017e-05 | Progress: 76% | Step: 144/190
2026-05-02 04:45:21 INFO Epoch Progress | Epoch: 10 | Loss: 0.6038 | LR: 5.98274e-05 | Progress: 100% | Step: 190/190
2026-05-02 04:49:15 INFO CSV Written | Epoch: 10
2026-05-02 04:49:15 INFO Epoch Done | Epoch: 10 | Time: 613.9995 | Train Loss: 0.5974 | Val Accuracy: 0.8638 | Val AUPRC: 0.9347 | Val Auroc: 0.9366 | Val F1: 0.8637 | Val Loss: 0.4374
2026-05-02 04:49:15 INFO Epoch Start | Epoch: 11
2026-05-02 04:49:25 INFO Epoch Progress | Epoch: 11 | Loss: 0.6529 | LR: 5.98105e-05 | Progress: 1% | Step: 1/190
2026-05-02 04:50:55 INFO Epoch Progress | Epoch: 11 | Loss: 0.5698 | LR: 5.90337e-05 | Progress: 25% | Step: 48/190
2026-05-02 04:52:30 INFO Epoch Progress | Epoch: 11 | Loss: 0.5819 | LR: 5.82207e-05 | Progress: 51% | Step: 96/190
2026-05-02 04:54:05 INFO Epoch Progress | Epoch: 11 | Loss: 0.5768 | LR: 5.74055e-05 | Progress: 76% | Step: 144/190
2026-05-02 04:55:33 INFO Epoch Progress | Epoch: 11 | Loss: 0.5764 | LR: 5.66224e-05 | Progress: 100% | Step: 190/190
2026-05-02 04:59:20 INFO CSV Written | Epoch: 11
2026-05-02 04:59:20 INFO Epoch Done | Epoch: 11 | Time: 605.1456 | Train Loss: 0.5735 | Val Accuracy: 0.8630 | Val AUPRC: 0.9348 | Val Auroc: 0.9360 | Val F1: 0.8604 | Val Loss: 0.4147
2026-05-02 04:59:20 INFO Epoch Start | Epoch: 12
2026-05-02 04:59:30 INFO Epoch Progress | Epoch: 12 | Loss: 0.4255 | LR: 5.66053e-05 | Progress: 1% | Step: 1/190
2026-05-02 05:01:03 INFO Epoch Progress | Epoch: 12 | Loss: 0.5573 | LR: 5.58034e-05 | Progress: 25% | Step: 48/190
2026-05-02 05:02:37 INFO Epoch Progress | Epoch: 12 | Loss: 0.5561 | LR: 5.49828e-05 | Progress: 51% | Step: 96/190
2026-05-02 05:04:12 INFO Epoch Progress | Epoch: 12 | Loss: 0.5568 | LR: 5.41609e-05 | Progress: 76% | Step: 144/190
2026-05-02 05:05:41 INFO Epoch Progress | Epoch: 12 | Loss: 0.5573 | LR: 5.33722e-05 | Progress: 100% | Step: 190/190
2026-05-02 05:09:30 INFO CSV Written | Epoch: 12
2026-05-02 05:09:30 INFO Epoch Done | Epoch: 12 | Time: 609.7033 | Train Loss: 0.5488 | Val Accuracy: 0.8665 | Val AUPRC: 0.9347 | Val Auroc: 0.9374 | Val F1: 0.8627 | Val Loss: 0.4103
2026-05-02 05:09:30 INFO Epoch Start | Epoch: 13
2026-05-02 05:09:39 INFO Epoch Progress | Epoch: 13 | Loss: 0.5416 | LR: 5.33551e-05 | Progress: 1% | Step: 1/190
2026-05-02 05:11:12 INFO Epoch Progress | Epoch: 13 | Loss: 0.4896 | LR: 5.25483e-05 | Progress: 25% | Step: 48/190
2026-05-02 05:12:48 INFO Epoch Progress | Epoch: 13 | Loss: 0.5228 | LR: 5.17237e-05 | Progress: 51% | Step: 96/190
2026-05-02 05:14:23 INFO Epoch Progress | Epoch: 13 | Loss: 0.5241 | LR: 5.08986e-05 | Progress: 76% | Step: 144/190
2026-05-02 05:15:52 INFO Epoch Progress | Epoch: 13 | Loss: 0.5284 | LR: 5.01077e-05 | Progress: 100% | Step: 190/190
2026-05-02 05:19:40 INFO CSV Written | Epoch: 13
2026-05-02 05:19:40 INFO Epoch Done | Epoch: 13 | Time: 610.4008 | Train Loss: 0.5268 | Val Accuracy: 0.8689 | Val AUPRC: 0.9346 | Val Auroc: 0.9379 | Val F1: 0.8689 | Val Loss: 0.3975
2026-05-02 05:19:40 INFO Epoch Start | Epoch: 14
2026-05-02 05:19:50 INFO Epoch Progress | Epoch: 14 | Loss: 0.4936 | LR: 5.00905e-05 | Progress: 1% | Step: 1/190
2026-05-02 05:21:24 INFO Epoch Progress | Epoch: 14 | Loss: 0.4864 | LR: 4.92823e-05 | Progress: 25% | Step: 48/190
2026-05-02 05:22:58 INFO Epoch Progress | Epoch: 14 | Loss: 0.4914 | LR: 4.84572e-05 | Progress: 51% | Step: 96/190
2026-05-02 05:24:33 INFO Epoch Progress | Epoch: 14 | Loss: 0.5032 | LR: 4.76324e-05 | Progress: 76% | Step: 144/190
2026-05-02 05:26:02 INFO Epoch Progress | Epoch: 14 | Loss: 0.5090 | LR: 4.68427e-05 | Progress: 100% | Step: 190/190
2026-05-02 05:29:52 INFO CSV Written | Epoch: 14
2026-05-02 05:29:52 INFO Epoch Done | Epoch: 14 | Time: 611.5402 | Train Loss: 0.5006 | Val Accuracy: 0.8688 | Val AUPRC: 0.9302 | Val Auroc: 0.9363 | Val F1: 0.8688 | Val Loss: 0.3925
2026-05-02 05:29:52 INFO Epoch Start | Epoch: 15
2026-05-02 05:30:00 INFO Epoch Progress | Epoch: 15 | Loss: 0.5675 | LR: 4.68255e-05 | Progress: 1% | Step: 1/190
2026-05-02 05:31:34 INFO Epoch Progress | Epoch: 15 | Loss: 0.4848 | LR: 4.60194e-05 | Progress: 25% | Step: 48/190
2026-05-02 05:33:09 INFO Epoch Progress | Epoch: 15 | Loss: 0.4744 | LR: 4.51972e-05 | Progress: 51% | Step: 96/190
2026-05-02 05:34:43 INFO Epoch Progress | Epoch: 15 | Loss: 0.4736 | LR: 4.43764e-05 | Progress: 76% | Step: 144/190
2026-05-02 05:36:11 INFO Epoch Progress | Epoch: 15 | Loss: 0.4756 | LR: 4.35911e-05 | Progress: 100% | Step: 190/190
2026-05-02 05:39:58 INFO CSV Written | Epoch: 15
2026-05-02 05:39:58 INFO Epoch Done | Epoch: 15 | Time: 606.7939 | Train Loss: 0.4723 | Val Accuracy: 0.8690 | Val AUPRC: 0.9294 | Val Auroc: 0.9339 | Val F1: 0.8669 | Val Loss: 0.3913
2026-05-02 05:39:58 INFO Epoch Start | Epoch: 16
2026-05-02 05:40:08 INFO Epoch Progress | Epoch: 16 | Loss: 0.3256 | LR: 4.35741e-05 | Progress: 1% | Step: 1/190
2026-05-02 05:41:41 INFO Epoch Progress | Epoch: 16 | Loss: 0.4380 | LR: 4.27735e-05 | Progress: 25% | Step: 48/190
2026-05-02 05:43:16 INFO Epoch Progress | Epoch: 16 | Loss: 0.4414 | LR: 4.19578e-05 | Progress: 51% | Step: 96/190
2026-05-02 05:44:50 INFO Epoch Progress | Epoch: 16 | Loss: 0.4490 | LR: 4.11443e-05 | Progress: 76% | Step: 144/190
2026-05-02 05:46:19 INFO Epoch Progress | Epoch: 16 | Loss: 0.4584 | LR: 4.0367e-05 | Progress: 100% | Step: 190/190
2026-05-02 05:50:04 INFO CSV Written | Epoch: 16
2026-05-02 05:50:04 INFO Epoch Done | Epoch: 16 | Time: 605.9024 | Train Loss: 0.4499 | Val Accuracy: 0.8716 | Val AUPRC: 0.9258 | Val Auroc: 0.9341 | Val F1: 0.8706 | Val Loss: 0.3851
2026-05-02 05:50:04 INFO Early Stop | Epoch: 16
2026-05-02 05:50:04 INFO Stage Done | Run Id: no_cls_s101
2026-05-02 05:50:04 INFO Stage Start | Checkpoint: models/v3.1/train/no_cls_s101/best_model.pth | Run Id: no_cls_s101
2026-05-02 05:50:04 INFO Checkpoint Loaded | Path: models/v3.1/train/no_cls_s101/best_model.pth
2026-05-02 05:50:04 INFO Decision Threshold | Mode: fixed | Value: 0.5000
2026-05-02 05:57:47 INFO Evaluation Metrics | Accuracy: 0.6178 | AUPRC: 0.6926 | Auroc: 0.6715 | F1: 0.6050 | Mcc: 0.2361 | Precision: 0.6261 | Recall: 0.5854 | Sensitivity: 0.5854 | Specificity: 0.6502 | Split: test
2026-05-02 05:57:47 INFO CSV Written | Path: logs/v3.1/evaluate/no_cls_s101/evaluate.csv
2026-05-02 05:57:47 INFO Stage Done | Run Id: no_cls_s101
[rank0]:[W502 05:57:48.042252248 ProcessGroupNCCL.cpp:1553] Warning: WARNING: destroy_process_group() was not called before program exit, which can leak resources. For more info, please see https://pytorch.org/docs/stable/distributed.html#shutdown (function operator())

*****************************************
Setting OMP_NUM_THREADS environment variable for each process to be 1 in default, to avoid your system being overloaded, please further tune the variable for optimal performance in your application as needed. 
*****************************************
INFO:src.pipeline.__main__:Loaded config: configs/v3-1/0430/no_cls_s13.yaml
WARNING:accelerate.utils.other:[RANK 0] Detected kernel version 3.10.0, which is below the recommended minimum of 5.5.0; this can cause the process to hang. It is recommended to upgrade the kernel to the minimum version or higher.
WARNING:py.warnings:/public/home/wangar2023/grand/.venv/lib/python3.11/site-packages/torch/distributed/c10d_logger.py:83: UserWarning: barrier(): using the device under current context. You can specify `device_id` in `init_process_group` to mute this warning.
  return func(*args, **kwargs)

2026-05-02 05:59:06 INFO Pipeline Runtime | Device: cuda:0 | Distributed: True | Test Batches: 1691 | Train Batches: 812 | Valid Batches: 762 | World Size: 4
2026-05-02 05:59:06 INFO Stage Start | Run Id: no_cls_s13
2026-05-02 05:59:09 INFO Train Config | Epochs: 50 | Monitor: auprc | Patience: 10
2026-05-02 05:59:09 INFO Epoch Start | Epoch: 1
2026-05-02 05:59:14 INFO Epoch Progress | Epoch: 1 | Loss: 0.7204 | LR: 4e-06 | Progress: 0% | Step: 1/812
2026-05-02 06:01:12 INFO Epoch Progress | Epoch: 1 | Loss: 0.7283 | LR: 1.30844e-05 | Progress: 25% | Step: 203/812
2026-05-02 06:03:10 INFO Epoch Progress | Epoch: 1 | Loss: 0.7182 | LR: 3.704e-05 | Progress: 50% | Step: 406/812
2026-05-02 06:05:07 INFO Epoch Progress | Epoch: 1 | Loss: 0.6961 | LR: 6.67126e-05 | Progress: 75% | Step: 609/812
2026-05-02 06:07:05 INFO Epoch Progress | Epoch: 1 | Loss: 0.6605 | LR: 9.07628e-05 | Progress: 100% | Step: 812/812
2026-05-02 06:10:53 INFO CSV Written | Epoch: 1
WARNING:py.warnings:/public/home/wangar2023/grand/.venv/lib/python3.11/site-packages/deepspeed/runtime/zero/linear.py:47: FutureWarning: `torch.cuda.amp.custom_fwd(args...)` is deprecated. Please use `torch.amp.custom_fwd(args..., device_type='cuda')` instead.
  @autocast_custom_fwd

WARNING:py.warnings:/public/home/wangar2023/grand/.venv/lib/python3.11/site-packages/deepspeed/runtime/zero/linear.py:66: FutureWarning: `torch.cuda.amp.custom_bwd(args...)` is deprecated. Please use `torch.amp.custom_bwd(args..., device_type='cuda')` instead.
  @autocast_custom_bwd

2026-05-02 06:10:59 INFO Best Saved | Epoch: 1 | Monitor: val_auprc | Value: 0.8382
2026-05-02 06:10:59 INFO Epoch Done | Epoch: 1 | Time: 704.3218 | Train Loss: 0.6602 | Val Accuracy: 0.7586 | Val AUPRC: 0.8382 | Val Auroc: 0.8414 | Val F1: 0.7433 | Val Loss: 0.5213
2026-05-02 06:10:59 INFO Epoch Start | Epoch: 2
2026-05-02 06:11:01 INFO Epoch Progress | Epoch: 2 | Loss: 0.6160 | LR: 9.08503e-05 | Progress: 0% | Step: 1/812
2026-05-02 06:12:58 INFO Epoch Progress | Epoch: 2 | Loss: 0.5058 | LR: 9.99999e-05 | Progress: 25% | Step: 203/812
2026-05-02 06:14:56 INFO Epoch Progress | Epoch: 2 | Loss: 0.4933 | LR: 9.98791e-05 | Progress: 50% | Step: 406/812
2026-05-02 06:16:53 INFO Epoch Progress | Epoch: 2 | Loss: 0.4876 | LR: 9.95152e-05 | Progress: 75% | Step: 609/812
2026-05-02 06:18:50 INFO Epoch Progress | Epoch: 2 | Loss: 0.4780 | LR: 9.89101e-05 | Progress: 100% | Step: 812/812
2026-05-02 06:22:35 INFO CSV Written | Epoch: 2
2026-05-02 06:22:35 INFO Best Saved | Epoch: 2 | Monitor: val_auprc | Value: 0.8966
2026-05-02 06:22:35 INFO Epoch Done | Epoch: 2 | Time: 695.9840 | Train Loss: 0.4774 | Val Accuracy: 0.8130 | Val AUPRC: 0.8966 | Val Auroc: 0.8969 | Val F1: 0.8213 | Val Loss: 0.4448
2026-05-02 06:22:35 INFO Epoch Start | Epoch: 3
2026-05-02 06:22:38 INFO Epoch Progress | Epoch: 3 | Loss: 0.3493 | LR: 9.89065e-05 | Progress: 0% | Step: 1/812
2026-05-02 06:24:35 INFO Epoch Progress | Epoch: 3 | Loss: 0.4350 | LR: 9.80666e-05 | Progress: 25% | Step: 203/812
2026-05-02 06:26:32 INFO Epoch Progress | Epoch: 3 | Loss: 0.4286 | LR: 9.69891e-05 | Progress: 50% | Step: 406/812
2026-05-02 06:28:30 INFO Epoch Progress | Epoch: 3 | Loss: 0.4209 | LR: 9.56895e-05 | Progress: 75% | Step: 609/812
2026-05-02 06:30:28 INFO Epoch Progress | Epoch: 3 | Loss: 0.4189 | LR: 9.41615e-05 | Progress: 100% | Step: 812/812
2026-05-02 06:34:13 INFO CSV Written | Epoch: 3
2026-05-02 06:34:13 INFO Best Saved | Epoch: 3 | Monitor: val_auprc | Value: 0.9148
2026-05-02 06:34:13 INFO Epoch Done | Epoch: 3 | Time: 697.7404 | Train Loss: 0.4201 | Val Accuracy: 0.8331 | Val AUPRC: 0.9148 | Val Auroc: 0.9153 | Val F1: 0.8309 | Val Loss: 0.4167
2026-05-02 06:34:13 INFO Epoch Start | Epoch: 4
2026-05-02 06:34:16 INFO Epoch Progress | Epoch: 4 | Loss: 0.2937 | LR: 9.41535e-05 | Progress: 0% | Step: 1/812
2026-05-02 06:36:12 INFO Epoch Progress | Epoch: 4 | Loss: 0.3873 | LR: 9.24184e-05 | Progress: 25% | Step: 203/812
2026-05-02 06:38:09 INFO Epoch Progress | Epoch: 4 | Loss: 0.3868 | LR: 9.04686e-05 | Progress: 50% | Step: 406/812
2026-05-02 06:40:06 INFO Epoch Progress | Epoch: 4 | Loss: 0.3800 | LR: 8.83216e-05 | Progress: 75% | Step: 609/812
2026-05-02 06:42:03 INFO Epoch Progress | Epoch: 4 | Loss: 0.3817 | LR: 8.59879e-05 | Progress: 100% | Step: 812/812
2026-05-02 06:45:45 INFO CSV Written | Epoch: 4
2026-05-02 06:45:45 INFO Best Saved | Epoch: 4 | Monitor: val_auprc | Value: 0.9239
2026-05-02 06:45:45 INFO Epoch Done | Epoch: 4 | Time: 691.5844 | Train Loss: 0.3819 | Val Accuracy: 0.8465 | Val AUPRC: 0.9239 | Val Auroc: 0.9254 | Val F1: 0.8475 | Val Loss: 0.3948
2026-05-02 06:45:45 INFO Epoch Start | Epoch: 5
2026-05-02 06:45:47 INFO Epoch Progress | Epoch: 5 | Loss: 0.3831 | LR: 8.5976e-05 | Progress: 0% | Step: 1/812
2026-05-02 06:47:43 INFO Epoch Progress | Epoch: 5 | Loss: 0.3539 | LR: 8.3479e-05 | Progress: 25% | Step: 203/812
2026-05-02 06:49:40 INFO Epoch Progress | Epoch: 5 | Loss: 0.3500 | LR: 8.08069e-05 | Progress: 50% | Step: 406/812
2026-05-02 06:51:37 INFO Epoch Progress | Epoch: 5 | Loss: 0.3506 | LR: 7.79847e-05 | Progress: 75% | Step: 609/812
2026-05-02 06:53:33 INFO Epoch Progress | Epoch: 5 | Loss: 0.3514 | LR: 7.50262e-05 | Progress: 100% | Step: 812/812
2026-05-02 06:57:17 INFO CSV Written | Epoch: 5
2026-05-02 06:57:17 INFO Best Saved | Epoch: 5 | Monitor: val_auprc | Value: 0.9317
2026-05-02 06:57:17 INFO Epoch Done | Epoch: 5 | Time: 692.3093 | Train Loss: 0.3519 | Val Accuracy: 0.8599 | Val AUPRC: 0.9317 | Val Auroc: 0.9339 | Val F1: 0.8612 | Val Loss: 0.3869
2026-05-02 06:57:17 INFO Epoch Start | Epoch: 6
2026-05-02 06:57:33 INFO Epoch Progress | Epoch: 6 | Loss: 0.8492 | LR: 7.50113e-05 | Progress: 1% | Step: 1/190
2026-05-02 06:59:07 INFO Epoch Progress | Epoch: 6 | Loss: 0.7101 | LR: 7.43233e-05 | Progress: 25% | Step: 48/190
2026-05-02 07:00:40 INFO Epoch Progress | Epoch: 6 | Loss: 0.6952 | LR: 7.35988e-05 | Progress: 51% | Step: 96/190
2026-05-02 07:02:14 INFO Epoch Progress | Epoch: 6 | Loss: 0.6874 | LR: 7.2868e-05 | Progress: 76% | Step: 144/190
2026-05-02 07:03:42 INFO Epoch Progress | Epoch: 6 | Loss: 0.6818 | LR: 7.21618e-05 | Progress: 100% | Step: 190/190
2026-05-02 07:07:30 INFO CSV Written | Epoch: 6
2026-05-02 07:07:30 INFO Best Saved | Epoch: 6 | Monitor: val_auprc | Value: 0.9360
2026-05-02 07:07:30 INFO Epoch Done | Epoch: 6 | Time: 612.3543 | Train Loss: 0.6790 | Val Accuracy: 0.8651 | Val AUPRC: 0.9360 | Val Auroc: 0.9378 | Val F1: 0.8679 | Val Loss: 0.4711
2026-05-02 07:07:30 INFO Epoch Start | Epoch: 7
2026-05-02 07:07:41 INFO Epoch Progress | Epoch: 7 | Loss: 0.7527 | LR: 7.21463e-05 | Progress: 1% | Step: 1/190
2026-05-02 07:09:14 INFO Epoch Progress | Epoch: 7 | Loss: 0.6632 | LR: 7.14189e-05 | Progress: 25% | Step: 48/190
2026-05-02 07:10:49 INFO Epoch Progress | Epoch: 7 | Loss: 0.6547 | LR: 7.06702e-05 | Progress: 51% | Step: 96/190
2026-05-02 07:12:22 INFO Epoch Progress | Epoch: 7 | Loss: 0.6572 | LR: 6.99159e-05 | Progress: 76% | Step: 144/190
2026-05-02 07:13:52 INFO Epoch Progress | Epoch: 7 | Loss: 0.6556 | LR: 6.91879e-05 | Progress: 100% | Step: 190/190
2026-05-02 07:17:40 INFO CSV Written | Epoch: 7
2026-05-02 07:17:40 INFO Epoch Done | Epoch: 7 | Time: 609.6388 | Train Loss: 0.6510 | Val Accuracy: 0.8656 | Val AUPRC: 0.9349 | Val Auroc: 0.9373 | Val F1: 0.8678 | Val Loss: 0.4552
2026-05-02 07:17:40 INFO Epoch Start | Epoch: 8
2026-05-02 07:17:50 INFO Epoch Progress | Epoch: 8 | Loss: 0.6232 | LR: 6.9172e-05 | Progress: 1% | Step: 1/190
2026-05-02 07:19:23 INFO Epoch Progress | Epoch: 8 | Loss: 0.6086 | LR: 6.84231e-05 | Progress: 25% | Step: 48/190
2026-05-02 07:20:57 INFO Epoch Progress | Epoch: 8 | Loss: 0.6275 | LR: 6.76534e-05 | Progress: 51% | Step: 96/190
2026-05-02 07:22:32 INFO Epoch Progress | Epoch: 8 | Loss: 0.6300 | LR: 6.68788e-05 | Progress: 76% | Step: 144/190
2026-05-02 07:24:01 INFO Epoch Progress | Epoch: 8 | Loss: 0.6367 | LR: 6.61321e-05 | Progress: 100% | Step: 190/190
2026-05-02 07:27:47 INFO CSV Written | Epoch: 8
2026-05-02 07:27:47 INFO Epoch Done | Epoch: 8 | Time: 607.5159 | Train Loss: 0.6340 | Val Accuracy: 0.8649 | Val AUPRC: 0.9351 | Val Auroc: 0.9380 | Val F1: 0.8679 | Val Loss: 0.4530
2026-05-02 07:27:47 INFO Epoch Start | Epoch: 9
2026-05-02 07:27:57 INFO Epoch Progress | Epoch: 9 | Loss: 0.6947 | LR: 6.61159e-05 | Progress: 1% | Step: 1/190
2026-05-02 07:29:29 INFO Epoch Progress | Epoch: 9 | Loss: 0.6119 | LR: 6.53487e-05 | Progress: 25% | Step: 48/190
2026-05-02 07:31:04 INFO Epoch Progress | Epoch: 9 | Loss: 0.6196 | LR: 6.45612e-05 | Progress: 51% | Step: 96/190
2026-05-02 07:32:38 INFO Epoch Progress | Epoch: 9 | Loss: 0.6187 | LR: 6.37696e-05 | Progress: 76% | Step: 144/190
2026-05-02 07:34:07 INFO Epoch Progress | Epoch: 9 | Loss: 0.6190 | LR: 6.30075e-05 | Progress: 100% | Step: 190/190
2026-05-02 07:37:54 INFO CSV Written | Epoch: 9
2026-05-02 07:37:54 INFO Epoch Done | Epoch: 9 | Time: 606.5755 | Train Loss: 0.6167 | Val Accuracy: 0.8664 | Val AUPRC: 0.9350 | Val Auroc: 0.9379 | Val F1: 0.8689 | Val Loss: 0.4281
2026-05-02 07:37:54 INFO Epoch Start | Epoch: 10
2026-05-02 07:38:03 INFO Epoch Progress | Epoch: 10 | Loss: 0.5997 | LR: 6.29909e-05 | Progress: 1% | Step: 1/190
2026-05-02 07:39:36 INFO Epoch Progress | Epoch: 10 | Loss: 0.5938 | LR: 6.22255e-05 | Progress: 25% | Step: 48/190
2026-05-02 07:41:11 INFO Epoch Progress | Epoch: 10 | Loss: 0.6085 | LR: 6.14236e-05 | Progress: 51% | Step: 96/190
2026-05-02 07:42:44 INFO Epoch Progress | Epoch: 10 | Loss: 0.5998 | LR: 6.06185e-05 | Progress: 76% | Step: 144/190
2026-05-02 07:44:12 INFO Epoch Progress | Epoch: 10 | Loss: 0.5987 | LR: 5.98443e-05 | Progress: 100% | Step: 190/190
2026-05-02 07:47:57 INFO CSV Written | Epoch: 10
2026-05-02 07:47:57 INFO Epoch Done | Epoch: 10 | Time: 603.4656 | Train Loss: 0.5938 | Val Accuracy: 0.8653 | Val AUPRC: 0.9359 | Val Auroc: 0.9381 | Val F1: 0.8643 | Val Loss: 0.4222
2026-05-02 07:47:57 INFO Epoch Start | Epoch: 11
2026-05-02 07:48:08 INFO Epoch Progress | Epoch: 11 | Loss: 0.5663 | LR: 5.98274e-05 | Progress: 1% | Step: 1/190
2026-05-02 07:49:41 INFO Epoch Progress | Epoch: 11 | Loss: 0.5542 | LR: 5.90337e-05 | Progress: 25% | Step: 48/190
2026-05-02 07:51:15 INFO Epoch Progress | Epoch: 11 | Loss: 0.5594 | LR: 5.82207e-05 | Progress: 51% | Step: 96/190
2026-05-02 07:52:50 INFO Epoch Progress | Epoch: 11 | Loss: 0.5699 | LR: 5.74055e-05 | Progress: 76% | Step: 144/190
2026-05-02 07:54:19 INFO Epoch Progress | Epoch: 11 | Loss: 0.5723 | LR: 5.66224e-05 | Progress: 100% | Step: 190/190
2026-05-02 07:58:07 INFO CSV Written | Epoch: 11
2026-05-02 07:58:07 INFO Epoch Done | Epoch: 11 | Time: 609.0569 | Train Loss: 0.5710 | Val Accuracy: 0.8670 | Val AUPRC: 0.9344 | Val Auroc: 0.9375 | Val F1: 0.8663 | Val Loss: 0.4080
2026-05-02 07:58:07 INFO Epoch Start | Epoch: 12
2026-05-02 07:58:16 INFO Epoch Progress | Epoch: 12 | Loss: 0.4771 | LR: 5.66053e-05 | Progress: 1% | Step: 1/190
2026-05-02 07:59:49 INFO Epoch Progress | Epoch: 12 | Loss: 0.5281 | LR: 5.58034e-05 | Progress: 25% | Step: 48/190
2026-05-02 08:01:24 INFO Epoch Progress | Epoch: 12 | Loss: 0.5353 | LR: 5.49828e-05 | Progress: 51% | Step: 96/190
2026-05-02 08:02:58 INFO Epoch Progress | Epoch: 12 | Loss: 0.5415 | LR: 5.41609e-05 | Progress: 76% | Step: 144/190
2026-05-02 08:04:26 INFO Epoch Progress | Epoch: 12 | Loss: 0.5465 | LR: 5.33722e-05 | Progress: 100% | Step: 190/190
2026-05-02 08:08:12 INFO CSV Written | Epoch: 12
2026-05-02 08:08:12 INFO Epoch Done | Epoch: 12 | Time: 605.7922 | Train Loss: 0.5463 | Val Accuracy: 0.8666 | Val AUPRC: 0.9344 | Val Auroc: 0.9374 | Val F1: 0.8685 | Val Loss: 0.4046
2026-05-02 08:08:12 INFO Epoch Start | Epoch: 13
2026-05-02 08:08:22 INFO Epoch Progress | Epoch: 13 | Loss: 0.4431 | LR: 5.33551e-05 | Progress: 1% | Step: 1/190
2026-05-02 08:09:56 INFO Epoch Progress | Epoch: 13 | Loss: 0.5001 | LR: 5.25483e-05 | Progress: 25% | Step: 48/190
2026-05-02 08:11:30 INFO Epoch Progress | Epoch: 13 | Loss: 0.5147 | LR: 5.17237e-05 | Progress: 51% | Step: 96/190
2026-05-02 08:13:06 INFO Epoch Progress | Epoch: 13 | Loss: 0.5173 | LR: 5.08986e-05 | Progress: 76% | Step: 144/190
2026-05-02 08:14:34 INFO Epoch Progress | Epoch: 13 | Loss: 0.5153 | LR: 5.01077e-05 | Progress: 100% | Step: 190/190
2026-05-02 08:18:20 INFO CSV Written | Epoch: 13
2026-05-02 08:18:20 INFO Epoch Done | Epoch: 13 | Time: 607.7225 | Train Loss: 0.5166 | Val Accuracy: 0.8722 | Val AUPRC: 0.9342 | Val Auroc: 0.9377 | Val F1: 0.8732 | Val Loss: 0.3894
2026-05-02 08:18:20 INFO Epoch Start | Epoch: 14
2026-05-02 08:18:29 INFO Epoch Progress | Epoch: 14 | Loss: 0.4982 | LR: 5.00905e-05 | Progress: 1% | Step: 1/190
2026-05-02 08:20:02 INFO Epoch Progress | Epoch: 14 | Loss: 0.4833 | LR: 4.92995e-05 | Progress: 25% | Step: 48/190
2026-05-02 08:21:37 INFO Epoch Progress | Epoch: 14 | Loss: 0.4894 | LR: 4.84744e-05 | Progress: 51% | Step: 96/190
2026-05-02 08:23:12 INFO Epoch Progress | Epoch: 14 | Loss: 0.4914 | LR: 4.76496e-05 | Progress: 76% | Step: 144/190
2026-05-02 08:24:40 INFO Epoch Progress | Epoch: 14 | Loss: 0.4976 | LR: 4.68598e-05 | Progress: 100% | Step: 190/190
2026-05-02 08:28:27 INFO CSV Written | Epoch: 14
2026-05-02 08:28:27 INFO Epoch Done | Epoch: 14 | Time: 606.7773 | Train Loss: 0.4925 | Val Accuracy: 0.8685 | Val AUPRC: 0.9355 | Val Auroc: 0.9384 | Val F1: 0.8688 | Val Loss: 0.3887
2026-05-02 08:28:27 INFO Epoch Start | Epoch: 15
2026-05-02 08:28:37 INFO Epoch Progress | Epoch: 15 | Loss: 0.2987 | LR: 4.68427e-05 | Progress: 1% | Step: 1/190
2026-05-02 08:30:10 INFO Epoch Progress | Epoch: 15 | Loss: 0.4778 | LR: 4.60365e-05 | Progress: 25% | Step: 48/190
2026-05-02 08:31:45 INFO Epoch Progress | Epoch: 15 | Loss: 0.4732 | LR: 4.52144e-05 | Progress: 51% | Step: 96/190
2026-05-02 08:33:20 INFO Epoch Progress | Epoch: 15 | Loss: 0.4752 | LR: 4.43935e-05 | Progress: 76% | Step: 144/190
2026-05-02 08:34:48 INFO Epoch Progress | Epoch: 15 | Loss: 0.4742 | LR: 4.36082e-05 | Progress: 100% | Step: 190/190
2026-05-02 08:38:32 INFO CSV Written | Epoch: 15
2026-05-02 08:38:32 INFO Epoch Done | Epoch: 15 | Time: 604.9075 | Train Loss: 0.4653 | Val Accuracy: 0.8732 | Val AUPRC: 0.9351 | Val Auroc: 0.9376 | Val F1: 0.8744 | Val Loss: 0.3839
2026-05-02 08:38:32 INFO Epoch Start | Epoch: 16
2026-05-02 08:38:41 INFO Epoch Progress | Epoch: 16 | Loss: 0.3545 | LR: 4.35911e-05 | Progress: 1% | Step: 1/190
2026-05-02 08:40:14 INFO Epoch Progress | Epoch: 16 | Loss: 0.4445 | LR: 4.27905e-05 | Progress: 25% | Step: 48/190
2026-05-02 08:41:49 INFO Epoch Progress | Epoch: 16 | Loss: 0.4431 | LR: 4.19748e-05 | Progress: 51% | Step: 96/190
2026-05-02 08:43:24 INFO Epoch Progress | Epoch: 16 | Loss: 0.4454 | LR: 4.11612e-05 | Progress: 76% | Step: 144/190
2026-05-02 08:44:52 INFO Epoch Progress | Epoch: 16 | Loss: 0.4464 | LR: 4.03838e-05 | Progress: 100% | Step: 190/190
2026-05-02 08:48:44 INFO CSV Written | Epoch: 16
2026-05-02 08:48:44 INFO Epoch Done | Epoch: 16 | Time: 612.5123 | Train Loss: 0.4418 | Val Accuracy: 0.8708 | Val AUPRC: 0.9289 | Val Auroc: 0.9340 | Val F1: 0.8724 | Val Loss: 0.3890
2026-05-02 08:48:44 INFO Early Stop | Epoch: 16
2026-05-02 08:48:44 INFO Stage Done | Run Id: no_cls_s13
2026-05-02 08:48:44 INFO Stage Start | Checkpoint: models/v3.1/train/no_cls_s13/best_model.pth | Run Id: no_cls_s13
2026-05-02 08:48:44 INFO Checkpoint Loaded | Path: models/v3.1/train/no_cls_s13/best_model.pth
2026-05-02 08:48:44 INFO Decision Threshold | Mode: fixed | Value: 0.5000
2026-05-02 08:56:35 INFO Evaluation Metrics | Accuracy: 0.6149 | AUPRC: 0.6872 | Auroc: 0.6688 | F1: 0.6140 | Mcc: 0.2297 | Precision: 0.6155 | Recall: 0.6125 | Sensitivity: 0.6125 | Specificity: 0.6172 | Split: test
2026-05-02 08:56:35 INFO CSV Written | Path: logs/v3.1/evaluate/no_cls_s13/evaluate.csv
2026-05-02 08:56:35 INFO Stage Done | Run Id: no_cls_s13
[rank0]:[W502 08:56:36.892816257 ProcessGroupNCCL.cpp:1553] Warning: WARNING: destroy_process_group() was not called before program exit, which can leak resources. For more info, please see https://pytorch.org/docs/stable/distributed.html#shutdown (function operator())

*****************************************
Setting OMP_NUM_THREADS environment variable for each process to be 1 in default, to avoid your system being overloaded, please further tune the variable for optimal performance in your application as needed. 
*****************************************
INFO:src.pipeline.__main__:Loaded config: configs/v3-1/0430/no_cls_s47.yaml
WARNING:accelerate.utils.other:[RANK 0] Detected kernel version 3.10.0, which is below the recommended minimum of 5.5.0; this can cause the process to hang. It is recommended to upgrade the kernel to the minimum version or higher.
WARNING:py.warnings:/public/home/wangar2023/grand/.venv/lib/python3.11/site-packages/torch/distributed/c10d_logger.py:83: UserWarning: barrier(): using the device under current context. You can specify `device_id` in `init_process_group` to mute this warning.
  return func(*args, **kwargs)

2026-05-02 08:57:45 INFO Pipeline Runtime | Device: cuda:0 | Distributed: True | Test Batches: 1691 | Train Batches: 812 | Valid Batches: 762 | World Size: 4
2026-05-02 08:57:45 INFO Stage Start | Run Id: no_cls_s47
2026-05-02 08:57:47 INFO Train Config | Epochs: 50 | Monitor: auprc | Patience: 10
2026-05-02 08:57:47 INFO Epoch Start | Epoch: 1
2026-05-02 08:57:53 INFO Epoch Progress | Epoch: 1 | Loss: 0.7205 | LR: 4e-06 | Progress: 0% | Step: 1/812
2026-05-02 08:59:51 INFO Epoch Progress | Epoch: 1 | Loss: 0.7287 | LR: 1.30844e-05 | Progress: 25% | Step: 203/812
2026-05-02 09:01:49 INFO Epoch Progress | Epoch: 1 | Loss: 0.7195 | LR: 3.704e-05 | Progress: 50% | Step: 406/812
2026-05-02 09:03:47 INFO Epoch Progress | Epoch: 1 | Loss: 0.6921 | LR: 6.67126e-05 | Progress: 75% | Step: 609/812
2026-05-02 09:05:45 INFO Epoch Progress | Epoch: 1 | Loss: 0.6548 | LR: 9.07628e-05 | Progress: 100% | Step: 812/812
2026-05-02 09:09:26 INFO CSV Written | Epoch: 1
WARNING:py.warnings:/public/home/wangar2023/grand/.venv/lib/python3.11/site-packages/deepspeed/runtime/zero/linear.py:47: FutureWarning: `torch.cuda.amp.custom_fwd(args...)` is deprecated. Please use `torch.amp.custom_fwd(args..., device_type='cuda')` instead.
  @autocast_custom_fwd

WARNING:py.warnings:/public/home/wangar2023/grand/.venv/lib/python3.11/site-packages/deepspeed/runtime/zero/linear.py:66: FutureWarning: `torch.cuda.amp.custom_bwd(args...)` is deprecated. Please use `torch.amp.custom_bwd(args..., device_type='cuda')` instead.
  @autocast_custom_bwd

2026-05-02 09:09:32 INFO Best Saved | Epoch: 1 | Monitor: val_auprc | Value: 0.8422
2026-05-02 09:09:32 INFO Epoch Done | Epoch: 1 | Time: 699.1670 | Train Loss: 0.6563 | Val Accuracy: 0.7603 | Val AUPRC: 0.8422 | Val Auroc: 0.8505 | Val F1: 0.7835 | Val Loss: 0.5217
2026-05-02 09:09:32 INFO Epoch Start | Epoch: 2
2026-05-02 09:09:35 INFO Epoch Progress | Epoch: 2 | Loss: 0.5028 | LR: 9.08503e-05 | Progress: 0% | Step: 1/812
2026-05-02 09:11:31 INFO Epoch Progress | Epoch: 2 | Loss: 0.5051 | LR: 9.99999e-05 | Progress: 25% | Step: 203/812
2026-05-02 09:13:28 INFO Epoch Progress | Epoch: 2 | Loss: 0.4967 | LR: 9.98791e-05 | Progress: 50% | Step: 406/812
2026-05-02 09:15:26 INFO Epoch Progress | Epoch: 2 | Loss: 0.4854 | LR: 9.95152e-05 | Progress: 75% | Step: 609/812
2026-05-02 09:17:23 INFO Epoch Progress | Epoch: 2 | Loss: 0.4784 | LR: 9.89101e-05 | Progress: 100% | Step: 812/812
2026-05-02 09:21:04 INFO CSV Written | Epoch: 2
2026-05-02 09:21:04 INFO Best Saved | Epoch: 2 | Monitor: val_auprc | Value: 0.8935
2026-05-02 09:21:04 INFO Epoch Done | Epoch: 2 | Time: 691.4543 | Train Loss: 0.4765 | Val Accuracy: 0.8127 | Val AUPRC: 0.8935 | Val Auroc: 0.8952 | Val F1: 0.8117 | Val Loss: 0.4476
2026-05-02 09:21:04 INFO Epoch Start | Epoch: 3
2026-05-02 09:21:06 INFO Epoch Progress | Epoch: 3 | Loss: 0.2927 | LR: 9.89065e-05 | Progress: 0% | Step: 1/812
2026-05-02 09:23:04 INFO Epoch Progress | Epoch: 3 | Loss: 0.4364 | LR: 9.80666e-05 | Progress: 25% | Step: 203/812
2026-05-02 09:25:02 INFO Epoch Progress | Epoch: 3 | Loss: 0.4314 | LR: 9.69891e-05 | Progress: 50% | Step: 406/812
2026-05-02 09:26:59 INFO Epoch Progress | Epoch: 3 | Loss: 0.4255 | LR: 9.56895e-05 | Progress: 75% | Step: 609/812
2026-05-02 09:28:57 INFO Epoch Progress | Epoch: 3 | Loss: 0.4232 | LR: 9.41615e-05 | Progress: 100% | Step: 812/812
2026-05-02 09:32:44 INFO CSV Written | Epoch: 3
2026-05-02 09:32:44 INFO Best Saved | Epoch: 3 | Monitor: val_auprc | Value: 0.9167
2026-05-02 09:32:44 INFO Epoch Done | Epoch: 3 | Time: 699.6828 | Train Loss: 0.4223 | Val Accuracy: 0.8375 | Val AUPRC: 0.9167 | Val Auroc: 0.9171 | Val F1: 0.8382 | Val Loss: 0.4084
2026-05-02 09:32:44 INFO Epoch Start | Epoch: 4
2026-05-02 09:32:47 INFO Epoch Progress | Epoch: 4 | Loss: 0.3300 | LR: 9.41535e-05 | Progress: 0% | Step: 1/812
2026-05-02 09:34:43 INFO Epoch Progress | Epoch: 4 | Loss: 0.3813 | LR: 9.24184e-05 | Progress: 25% | Step: 203/812
2026-05-02 09:36:41 INFO Epoch Progress | Epoch: 4 | Loss: 0.3827 | LR: 9.04686e-05 | Progress: 50% | Step: 406/812
2026-05-02 09:38:38 INFO Epoch Progress | Epoch: 4 | Loss: 0.3849 | LR: 8.83216e-05 | Progress: 75% | Step: 609/812
2026-05-02 09:40:35 INFO Epoch Progress | Epoch: 4 | Loss: 0.3855 | LR: 8.59879e-05 | Progress: 100% | Step: 812/812
2026-05-02 09:44:17 INFO CSV Written | Epoch: 4
2026-05-02 09:44:18 INFO Best Saved | Epoch: 4 | Monitor: val_auprc | Value: 0.9251
2026-05-02 09:44:18 INFO Epoch Done | Epoch: 4 | Time: 693.5257 | Train Loss: 0.3833 | Val Accuracy: 0.8481 | Val AUPRC: 0.9251 | Val Auroc: 0.9265 | Val F1: 0.8519 | Val Loss: 0.3935
2026-05-02 09:44:18 INFO Epoch Start | Epoch: 5
2026-05-02 09:44:20 INFO Epoch Progress | Epoch: 5 | Loss: 0.2978 | LR: 8.5976e-05 | Progress: 0% | Step: 1/812
2026-05-02 09:46:17 INFO Epoch Progress | Epoch: 5 | Loss: 0.3541 | LR: 8.34917e-05 | Progress: 25% | Step: 203/812
2026-05-02 09:48:17 INFO Epoch Progress | Epoch: 5 | Loss: 0.3547 | LR: 8.08204e-05 | Progress: 50% | Step: 406/812
2026-05-02 09:50:16 INFO Epoch Progress | Epoch: 5 | Loss: 0.3554 | LR: 7.79989e-05 | Progress: 75% | Step: 609/812
2026-05-02 09:52:16 INFO Epoch Progress | Epoch: 5 | Loss: 0.3554 | LR: 7.5041e-05 | Progress: 100% | Step: 812/812
2026-05-02 09:56:06 INFO CSV Written | Epoch: 5
2026-05-02 09:56:07 INFO Best Saved | Epoch: 5 | Monitor: val_auprc | Value: 0.9306
2026-05-02 09:56:07 INFO Epoch Done | Epoch: 5 | Time: 708.5828 | Train Loss: 0.3539 | Val Accuracy: 0.8568 | Val AUPRC: 0.9306 | Val Auroc: 0.9328 | Val F1: 0.8571 | Val Loss: 0.3951
2026-05-02 09:56:07 INFO Epoch Start | Epoch: 6
2026-05-02 09:56:22 INFO Epoch Progress | Epoch: 6 | Loss: 0.7521 | LR: 7.50262e-05 | Progress: 1% | Step: 1/190
2026-05-02 09:57:56 INFO Epoch Progress | Epoch: 6 | Loss: 0.7105 | LR: 7.43233e-05 | Progress: 25% | Step: 48/190
2026-05-02 09:59:30 INFO Epoch Progress | Epoch: 6 | Loss: 0.6888 | LR: 7.35988e-05 | Progress: 51% | Step: 96/190
2026-05-02 10:01:04 INFO Epoch Progress | Epoch: 6 | Loss: 0.6852 | LR: 7.2868e-05 | Progress: 76% | Step: 144/190
2026-05-02 10:02:32 INFO Epoch Progress | Epoch: 6 | Loss: 0.6822 | LR: 7.21618e-05 | Progress: 100% | Step: 190/190
2026-05-02 10:06:23 INFO CSV Written | Epoch: 6
2026-05-02 10:06:23 INFO Best Saved | Epoch: 6 | Monitor: val_auprc | Value: 0.9362
2026-05-02 10:06:23 INFO Epoch Done | Epoch: 6 | Time: 616.1352 | Train Loss: 0.6810 | Val Accuracy: 0.8622 | Val AUPRC: 0.9362 | Val Auroc: 0.9375 | Val F1: 0.8623 | Val Loss: 0.4940
2026-05-02 10:06:23 INFO Epoch Start | Epoch: 7
2026-05-02 10:06:33 INFO Epoch Progress | Epoch: 7 | Loss: 0.6329 | LR: 7.21463e-05 | Progress: 1% | Step: 1/190
2026-05-02 10:08:07 INFO Epoch Progress | Epoch: 7 | Loss: 0.6470 | LR: 7.14189e-05 | Progress: 25% | Step: 48/190
2026-05-02 10:09:41 INFO Epoch Progress | Epoch: 7 | Loss: 0.6546 | LR: 7.06702e-05 | Progress: 51% | Step: 96/190
2026-05-02 10:11:16 INFO Epoch Progress | Epoch: 7 | Loss: 0.6585 | LR: 6.99159e-05 | Progress: 76% | Step: 144/190
2026-05-02 10:12:44 INFO Epoch Progress | Epoch: 7 | Loss: 0.6592 | LR: 6.91879e-05 | Progress: 100% | Step: 190/190
2026-05-02 10:16:35 INFO CSV Written | Epoch: 7
2026-05-02 10:16:35 INFO Best Saved | Epoch: 7 | Monitor: val_auprc | Value: 0.9365
2026-05-02 10:16:35 INFO Epoch Done | Epoch: 7 | Time: 611.9707 | Train Loss: 0.6542 | Val Accuracy: 0.8639 | Val AUPRC: 0.9365 | Val Auroc: 0.9383 | Val F1: 0.8640 | Val Loss: 0.4822
2026-05-02 10:16:35 INFO Epoch Start | Epoch: 8
2026-05-02 10:16:44 INFO Epoch Progress | Epoch: 8 | Loss: 0.5906 | LR: 6.9172e-05 | Progress: 1% | Step: 1/190
2026-05-02 10:18:18 INFO Epoch Progress | Epoch: 8 | Loss: 0.6323 | LR: 6.84231e-05 | Progress: 25% | Step: 48/190
2026-05-02 10:19:53 INFO Epoch Progress | Epoch: 8 | Loss: 0.6428 | LR: 6.76534e-05 | Progress: 51% | Step: 96/190
2026-05-02 10:21:28 INFO Epoch Progress | Epoch: 8 | Loss: 0.6437 | LR: 6.68788e-05 | Progress: 76% | Step: 144/190
2026-05-02 10:22:56 INFO Epoch Progress | Epoch: 8 | Loss: 0.6436 | LR: 6.61321e-05 | Progress: 100% | Step: 190/190
2026-05-02 10:26:44 INFO CSV Written | Epoch: 8
2026-05-02 10:26:44 INFO Epoch Done | Epoch: 8 | Time: 608.2454 | Train Loss: 0.6384 | Val Accuracy: 0.8632 | Val AUPRC: 0.9347 | Val Auroc: 0.9373 | Val F1: 0.8661 | Val Loss: 0.4635
2026-05-02 10:26:44 INFO Epoch Start | Epoch: 9
2026-05-02 10:26:54 INFO Epoch Progress | Epoch: 9 | Loss: 0.5521 | LR: 6.61159e-05 | Progress: 1% | Step: 1/190
2026-05-02 10:28:26 INFO Epoch Progress | Epoch: 9 | Loss: 0.6236 | LR: 6.53487e-05 | Progress: 25% | Step: 48/190
2026-05-02 10:30:01 INFO Epoch Progress | Epoch: 9 | Loss: 0.6293 | LR: 6.45612e-05 | Progress: 51% | Step: 96/190
2026-05-02 10:31:36 INFO Epoch Progress | Epoch: 9 | Loss: 0.6321 | LR: 6.37696e-05 | Progress: 76% | Step: 144/190
2026-05-02 10:33:05 INFO Epoch Progress | Epoch: 9 | Loss: 0.6319 | LR: 6.30075e-05 | Progress: 100% | Step: 190/190
2026-05-02 10:36:51 INFO CSV Written | Epoch: 9
2026-05-02 10:36:51 INFO Epoch Done | Epoch: 9 | Time: 607.3082 | Train Loss: 0.6225 | Val Accuracy: 0.8643 | Val AUPRC: 0.9334 | Val Auroc: 0.9371 | Val F1: 0.8660 | Val Loss: 0.4642
2026-05-02 10:36:51 INFO Epoch Start | Epoch: 10
2026-05-02 10:37:01 INFO Epoch Progress | Epoch: 10 | Loss: 0.5715 | LR: 6.29909e-05 | Progress: 1% | Step: 1/190
2026-05-02 10:38:34 INFO Epoch Progress | Epoch: 10 | Loss: 0.6250 | LR: 6.22088e-05 | Progress: 25% | Step: 48/190
2026-05-02 10:40:08 INFO Epoch Progress | Epoch: 10 | Loss: 0.6188 | LR: 6.14068e-05 | Progress: 51% | Step: 96/190
2026-05-02 10:41:43 INFO Epoch Progress | Epoch: 10 | Loss: 0.6108 | LR: 6.06017e-05 | Progress: 76% | Step: 144/190
2026-05-02 10:43:11 INFO Epoch Progress | Epoch: 10 | Loss: 0.6135 | LR: 5.98274e-05 | Progress: 100% | Step: 190/190
2026-05-02 10:46:54 INFO CSV Written | Epoch: 10
2026-05-02 10:46:54 INFO Epoch Done | Epoch: 10 | Time: 602.6010 | Train Loss: 0.6053 | Val Accuracy: 0.8664 | Val AUPRC: 0.9353 | Val Auroc: 0.9380 | Val F1: 0.8657 | Val Loss: 0.4377
2026-05-02 10:46:54 INFO Epoch Start | Epoch: 11
2026-05-02 10:47:04 INFO Epoch Progress | Epoch: 11 | Loss: 0.5131 | LR: 5.98105e-05 | Progress: 1% | Step: 1/190
2026-05-02 10:48:37 INFO Epoch Progress | Epoch: 11 | Loss: 0.5640 | LR: 5.90168e-05 | Progress: 25% | Step: 48/190
2026-05-02 10:50:12 INFO Epoch Progress | Epoch: 11 | Loss: 0.5870 | LR: 5.82038e-05 | Progress: 51% | Step: 96/190
2026-05-02 10:51:47 INFO Epoch Progress | Epoch: 11 | Loss: 0.5867 | LR: 5.73885e-05 | Progress: 76% | Step: 144/190
2026-05-02 10:53:16 INFO Epoch Progress | Epoch: 11 | Loss: 0.5881 | LR: 5.66053e-05 | Progress: 100% | Step: 190/190
2026-05-02 10:57:03 INFO CSV Written | Epoch: 11
2026-05-02 10:57:03 INFO Best Saved | Epoch: 11 | Monitor: val_auprc | Value: 0.9367
2026-05-02 10:57:03 INFO Epoch Done | Epoch: 11 | Time: 609.2063 | Train Loss: 0.5837 | Val Accuracy: 0.8661 | Val AUPRC: 0.9367 | Val Auroc: 0.9392 | Val F1: 0.8655 | Val Loss: 0.4202
2026-05-02 10:57:03 INFO Epoch Start | Epoch: 12
2026-05-02 10:57:13 INFO Epoch Progress | Epoch: 12 | Loss: 0.4888 | LR: 5.65883e-05 | Progress: 1% | Step: 1/190
2026-05-02 10:58:46 INFO Epoch Progress | Epoch: 12 | Loss: 0.5411 | LR: 5.57863e-05 | Progress: 25% | Step: 48/190
2026-05-02 11:00:20 INFO Epoch Progress | Epoch: 12 | Loss: 0.5574 | LR: 5.49657e-05 | Progress: 51% | Step: 96/190
2026-05-02 11:01:55 INFO Epoch Progress | Epoch: 12 | Loss: 0.5625 | LR: 5.41438e-05 | Progress: 76% | Step: 144/190
2026-05-02 11:03:23 INFO Epoch Progress | Epoch: 12 | Loss: 0.5666 | LR: 5.33551e-05 | Progress: 100% | Step: 190/190
2026-05-02 11:07:10 INFO CSV Written | Epoch: 12
2026-05-02 11:07:10 INFO Epoch Done | Epoch: 12 | Time: 606.9730 | Train Loss: 0.5576 | Val Accuracy: 0.8654 | Val AUPRC: 0.9346 | Val Auroc: 0.9378 | Val F1: 0.8645 | Val Loss: 0.4113
2026-05-02 11:07:10 INFO Epoch Start | Epoch: 13
2026-05-02 11:07:20 INFO Epoch Progress | Epoch: 13 | Loss: 0.4988 | LR: 5.33379e-05 | Progress: 1% | Step: 1/190
2026-05-02 11:08:52 INFO Epoch Progress | Epoch: 13 | Loss: 0.5204 | LR: 5.25483e-05 | Progress: 25% | Step: 48/190
2026-05-02 11:10:28 INFO Epoch Progress | Epoch: 13 | Loss: 0.5264 | LR: 5.17237e-05 | Progress: 51% | Step: 96/190
2026-05-02 11:12:02 INFO Epoch Progress | Epoch: 13 | Loss: 0.5328 | LR: 5.08986e-05 | Progress: 76% | Step: 144/190
2026-05-02 11:13:31 INFO Epoch Progress | Epoch: 13 | Loss: 0.5391 | LR: 5.01077e-05 | Progress: 100% | Step: 190/190
2026-05-02 11:17:14 INFO CSV Written | Epoch: 13
2026-05-02 11:17:14 INFO Epoch Done | Epoch: 13 | Time: 603.5757 | Train Loss: 0.5347 | Val Accuracy: 0.8672 | Val AUPRC: 0.9316 | Val Auroc: 0.9363 | Val F1: 0.8682 | Val Loss: 0.4035
2026-05-02 11:17:14 INFO Epoch Start | Epoch: 14
2026-05-02 11:17:23 INFO Epoch Progress | Epoch: 14 | Loss: 0.4773 | LR: 5.00905e-05 | Progress: 1% | Step: 1/190
2026-05-02 11:18:54 INFO Epoch Progress | Epoch: 14 | Loss: 0.5014 | LR: 4.92823e-05 | Progress: 25% | Step: 48/190
2026-05-02 11:20:29 INFO Epoch Progress | Epoch: 14 | Loss: 0.5160 | LR: 4.84572e-05 | Progress: 51% | Step: 96/190
2026-05-02 11:22:03 INFO Epoch Progress | Epoch: 14 | Loss: 0.5116 | LR: 4.76324e-05 | Progress: 76% | Step: 144/190
2026-05-02 11:23:32 INFO Epoch Progress | Epoch: 14 | Loss: 0.5130 | LR: 4.68427e-05 | Progress: 100% | Step: 190/190
2026-05-02 11:27:17 INFO CSV Written | Epoch: 14
2026-05-02 11:27:17 INFO Epoch Done | Epoch: 14 | Time: 603.0099 | Train Loss: 0.5057 | Val Accuracy: 0.8679 | Val AUPRC: 0.9327 | Val Auroc: 0.9364 | Val F1: 0.8672 | Val Loss: 0.3919
2026-05-02 11:27:17 INFO Epoch Start | Epoch: 15
2026-05-02 11:27:26 INFO Epoch Progress | Epoch: 15 | Loss: 0.4913 | LR: 4.68255e-05 | Progress: 1% | Step: 1/190
2026-05-02 11:28:57 INFO Epoch Progress | Epoch: 15 | Loss: 0.4681 | LR: 4.60194e-05 | Progress: 25% | Step: 48/190
2026-05-02 11:30:32 INFO Epoch Progress | Epoch: 15 | Loss: 0.4618 | LR: 4.51972e-05 | Progress: 51% | Step: 96/190
2026-05-02 11:32:08 INFO Epoch Progress | Epoch: 15 | Loss: 0.4826 | LR: 4.43764e-05 | Progress: 76% | Step: 144/190
2026-05-02 11:33:37 INFO Epoch Progress | Epoch: 15 | Loss: 0.4909 | LR: 4.35911e-05 | Progress: 100% | Step: 190/190
2026-05-02 11:37:22 INFO CSV Written | Epoch: 15
2026-05-02 11:37:22 INFO Epoch Done | Epoch: 15 | Time: 605.0864 | Train Loss: 0.4831 | Val Accuracy: 0.8672 | Val AUPRC: 0.9319 | Val Auroc: 0.9352 | Val F1: 0.8668 | Val Loss: 0.3942
2026-05-02 11:37:22 INFO Epoch Start | Epoch: 16
2026-05-02 11:37:32 INFO Epoch Progress | Epoch: 16 | Loss: 0.5511 | LR: 4.35741e-05 | Progress: 1% | Step: 1/190
2026-05-02 11:39:05 INFO Epoch Progress | Epoch: 16 | Loss: 0.4298 | LR: 4.27735e-05 | Progress: 25% | Step: 48/190
2026-05-02 11:40:40 INFO Epoch Progress | Epoch: 16 | Loss: 0.4421 | LR: 4.19578e-05 | Progress: 51% | Step: 96/190
2026-05-02 11:42:14 INFO Epoch Progress | Epoch: 16 | Loss: 0.4520 | LR: 4.11443e-05 | Progress: 76% | Step: 144/190
2026-05-02 11:43:43 INFO Epoch Progress | Epoch: 16 | Loss: 0.4563 | LR: 4.0367e-05 | Progress: 100% | Step: 190/190
2026-05-02 11:47:27 INFO CSV Written | Epoch: 16
2026-05-02 11:47:27 INFO Epoch Done | Epoch: 16 | Time: 605.5858 | Train Loss: 0.4566 | Val Accuracy: 0.8691 | Val AUPRC: 0.9245 | Val Auroc: 0.9323 | Val F1: 0.8700 | Val Loss: 0.3923
2026-05-02 11:47:27 INFO Epoch Start | Epoch: 17
2026-05-02 11:47:38 INFO Epoch Progress | Epoch: 17 | Loss: 0.2762 | LR: 4.03501e-05 | Progress: 1% | Step: 1/190
2026-05-02 11:49:10 INFO Epoch Progress | Epoch: 17 | Loss: 0.4125 | LR: 3.95584e-05 | Progress: 25% | Step: 48/190
2026-05-02 11:50:44 INFO Epoch Progress | Epoch: 17 | Loss: 0.4287 | LR: 3.87527e-05 | Progress: 51% | Step: 96/190
2026-05-02 11:52:19 INFO Epoch Progress | Epoch: 17 | Loss: 0.4361 | LR: 3.795e-05 | Progress: 76% | Step: 144/190
2026-05-02 11:53:48 INFO Epoch Progress | Epoch: 17 | Loss: 0.4405 | LR: 3.71839e-05 | Progress: 100% | Step: 190/190
2026-05-02 11:57:34 INFO CSV Written | Epoch: 17
2026-05-02 11:57:34 INFO Epoch Done | Epoch: 17 | Time: 606.3510 | Train Loss: 0.4381 | Val Accuracy: 0.8686 | Val AUPRC: 0.9238 | Val Auroc: 0.9309 | Val F1: 0.8692 | Val Loss: 0.3944
2026-05-02 11:57:34 INFO Epoch Start | Epoch: 18
2026-05-02 11:57:44 INFO Epoch Progress | Epoch: 18 | Loss: 0.4090 | LR: 3.71673e-05 | Progress: 1% | Step: 1/190
2026-05-02 11:59:16 INFO Epoch Progress | Epoch: 18 | Loss: 0.3848 | LR: 3.63879e-05 | Progress: 25% | Step: 48/190
2026-05-02 12:00:52 INFO Epoch Progress | Epoch: 18 | Loss: 0.4121 | LR: 3.55956e-05 | Progress: 51% | Step: 96/190
2026-05-02 12:02:26 INFO Epoch Progress | Epoch: 18 | Loss: 0.4222 | LR: 3.48072e-05 | Progress: 76% | Step: 144/190
2026-05-02 12:03:55 INFO Epoch Progress | Epoch: 18 | Loss: 0.4240 | LR: 3.40556e-05 | Progress: 100% | Step: 190/190
2026-05-02 12:07:40 INFO CSV Written | Epoch: 18
2026-05-02 12:07:40 INFO Epoch Done | Epoch: 18 | Time: 606.2311 | Train Loss: 0.4221 | Val Accuracy: 0.8678 | Val AUPRC: 0.9248 | Val Auroc: 0.9303 | Val F1: 0.8673 | Val Loss: 0.3973
2026-05-02 12:07:40 INFO Epoch Start | Epoch: 19
2026-05-02 12:07:51 INFO Epoch Progress | Epoch: 19 | Loss: 0.3723 | LR: 3.40393e-05 | Progress: 1% | Step: 1/190
2026-05-02 12:09:24 INFO Epoch Progress | Epoch: 19 | Loss: 0.4064 | LR: 3.32755e-05 | Progress: 25% | Step: 48/190
2026-05-02 12:11:00 INFO Epoch Progress | Epoch: 19 | Loss: 0.4070 | LR: 3.25e-05 | Progress: 51% | Step: 96/190
2026-05-02 12:12:34 INFO Epoch Progress | Epoch: 19 | Loss: 0.4041 | LR: 3.17292e-05 | Progress: 76% | Step: 144/190
2026-05-02 12:14:03 INFO Epoch Progress | Epoch: 19 | Loss: 0.4056 | LR: 3.09953e-05 | Progress: 100% | Step: 190/190
2026-05-02 12:17:46 INFO CSV Written | Epoch: 19
2026-05-02 12:17:46 INFO Epoch Done | Epoch: 19 | Time: 606.4541 | Train Loss: 0.4012 | Val Accuracy: 0.8690 | Val AUPRC: 0.9202 | Val Auroc: 0.9279 | Val F1: 0.8683 | Val Loss: 0.3976
2026-05-02 12:17:46 INFO Epoch Start | Epoch: 20
2026-05-02 12:17:57 INFO Epoch Progress | Epoch: 20 | Loss: 0.3356 | LR: 3.09794e-05 | Progress: 1% | Step: 1/190
2026-05-02 12:19:31 INFO Epoch Progress | Epoch: 20 | Loss: 0.3688 | LR: 3.02345e-05 | Progress: 25% | Step: 48/190
2026-05-02 12:21:05 INFO Epoch Progress | Epoch: 20 | Loss: 0.3659 | LR: 2.9479e-05 | Progress: 51% | Step: 96/190
2026-05-02 12:22:40 INFO Epoch Progress | Epoch: 20 | Loss: 0.3742 | LR: 2.87292e-05 | Progress: 76% | Step: 144/190
2026-05-02 12:24:08 INFO Epoch Progress | Epoch: 20 | Loss: 0.3819 | LR: 2.80161e-05 | Progress: 100% | Step: 190/190
2026-05-02 12:27:55 INFO CSV Written | Epoch: 20
2026-05-02 12:27:55 INFO Epoch Done | Epoch: 20 | Time: 608.2652 | Train Loss: 0.3802 | Val Accuracy: 0.8695 | Val AUPRC: 0.9207 | Val Auroc: 0.9289 | Val F1: 0.8709 | Val Loss: 0.3956
2026-05-02 12:27:55 INFO Epoch Start | Epoch: 21
2026-05-02 12:28:05 INFO Epoch Progress | Epoch: 21 | Loss: 0.2941 | LR: 2.80006e-05 | Progress: 1% | Step: 1/190
2026-05-02 12:29:37 INFO Epoch Progress | Epoch: 21 | Loss: 0.3641 | LR: 2.72778e-05 | Progress: 25% | Step: 48/190
2026-05-02 12:31:13 INFO Epoch Progress | Epoch: 21 | Loss: 0.3626 | LR: 2.65609e-05 | Progress: 51% | Step: 96/190
2026-05-02 12:32:48 INFO Epoch Progress | Epoch: 21 | Loss: 0.3631 | LR: 2.5835e-05 | Progress: 76% | Step: 144/190
2026-05-02 12:34:17 INFO Epoch Progress | Epoch: 21 | Loss: 0.3649 | LR: 2.51456e-05 | Progress: 100% | Step: 190/190
2026-05-02 12:38:07 INFO CSV Written | Epoch: 21
2026-05-02 12:38:07 INFO Epoch Done | Epoch: 21 | Time: 612.7378 | Train Loss: 0.3645 | Val Accuracy: 0.8690 | Val AUPRC: 0.9187 | Val Auroc: 0.9273 | Val F1: 0.8694 | Val Loss: 0.4026
2026-05-02 12:38:07 INFO Early Stop | Epoch: 21
2026-05-02 12:38:07 INFO Stage Done | Run Id: no_cls_s47
2026-05-02 12:38:07 INFO Stage Start | Checkpoint: models/v3.1/train/no_cls_s47/best_model.pth | Run Id: no_cls_s47
2026-05-02 12:38:08 INFO Checkpoint Loaded | Path: models/v3.1/train/no_cls_s47/best_model.pth
2026-05-02 12:38:08 INFO Decision Threshold | Mode: fixed | Value: 0.5000
2026-05-02 12:45:55 INFO Evaluation Metrics | Accuracy: 0.6144 | AUPRC: 0.6878 | Auroc: 0.6645 | F1: 0.5910 | Mcc: 0.2302 | Precision: 0.6293 | Recall: 0.5572 | Sensitivity: 0.5572 | Specificity: 0.6716 | Split: test
2026-05-02 12:45:55 INFO CSV Written | Path: logs/v3.1/evaluate/no_cls_s47/evaluate.csv
2026-05-02 12:45:55 INFO Stage Done | Run Id: no_cls_s47
[rank0]:[W502 12:45:56.313082685 ProcessGroupNCCL.cpp:1553] Warning: WARNING: destroy_process_group() was not called before program exit, which can leak resources. For more info, please see https://pytorch.org/docs/stable/distributed.html#shutdown (function operator())

*****************************************
Setting OMP_NUM_THREADS environment variable for each process to be 1 in default, to avoid your system being overloaded, please further tune the variable for optimal performance in your application as needed. 
*****************************************
INFO:src.pipeline.__main__:Loaded config: configs/v3-1/0430/no_gated_s101.yaml
WARNING:accelerate.utils.other:[RANK 0] Detected kernel version 3.10.0, which is below the recommended minimum of 5.5.0; this can cause the process to hang. It is recommended to upgrade the kernel to the minimum version or higher.
WARNING:py.warnings:/public/home/wangar2023/grand/.venv/lib/python3.11/site-packages/torch/distributed/c10d_logger.py:83: UserWarning: barrier(): using the device under current context. You can specify `device_id` in `init_process_group` to mute this warning.
  return func(*args, **kwargs)

2026-05-02 12:46:59 INFO Pipeline Runtime | Device: cuda:0 | Distributed: True | Test Batches: 1691 | Train Batches: 812 | Valid Batches: 762 | World Size: 4
2026-05-02 12:46:59 INFO Stage Start | Run Id: no_gated_s101
2026-05-02 12:47:02 INFO Train Config | Epochs: 50 | Monitor: auprc | Patience: 10
2026-05-02 12:47:02 INFO Epoch Start | Epoch: 1
2026-05-02 12:47:07 INFO Epoch Progress | Epoch: 1 | Loss: 0.7488 | LR: 4.00023e-06 | Progress: 0% | Step: 1/812
2026-05-02 12:49:04 INFO Epoch Progress | Epoch: 1 | Loss: 0.7214 | LR: 1.30844e-05 | Progress: 25% | Step: 203/812
2026-05-02 12:51:02 INFO Epoch Progress | Epoch: 1 | Loss: 0.7111 | LR: 3.704e-05 | Progress: 50% | Step: 406/812
2026-05-02 12:53:00 INFO Epoch Progress | Epoch: 1 | Loss: 0.6857 | LR: 6.67126e-05 | Progress: 75% | Step: 609/812
2026-05-02 12:54:57 INFO Epoch Progress | Epoch: 1 | Loss: 0.6492 | LR: 9.07628e-05 | Progress: 100% | Step: 812/812
2026-05-02 12:58:37 INFO CSV Written | Epoch: 1
WARNING:py.warnings:/public/home/wangar2023/grand/.venv/lib/python3.11/site-packages/deepspeed/runtime/zero/linear.py:47: FutureWarning: `torch.cuda.amp.custom_fwd(args...)` is deprecated. Please use `torch.amp.custom_fwd(args..., device_type='cuda')` instead.
  @autocast_custom_fwd

WARNING:py.warnings:/public/home/wangar2023/grand/.venv/lib/python3.11/site-packages/deepspeed/runtime/zero/linear.py:66: FutureWarning: `torch.cuda.amp.custom_bwd(args...)` is deprecated. Please use `torch.amp.custom_bwd(args..., device_type='cuda')` instead.
  @autocast_custom_bwd

2026-05-02 12:58:43 INFO Best Saved | Epoch: 1 | Monitor: val_auprc | Value: 0.8424
2026-05-02 12:58:43 INFO Epoch Done | Epoch: 1 | Time: 695.4743 | Train Loss: 0.6490 | Val Accuracy: 0.7614 | Val AUPRC: 0.8424 | Val Auroc: 0.8451 | Val F1: 0.7501 | Val Loss: 0.5152
2026-05-02 12:58:43 INFO Epoch Start | Epoch: 2
2026-05-02 12:58:45 INFO Epoch Progress | Epoch: 2 | Loss: 0.3727 | LR: 9.08503e-05 | Progress: 0% | Step: 1/812
2026-05-02 13:00:42 INFO Epoch Progress | Epoch: 2 | Loss: 0.4998 | LR: 9.99999e-05 | Progress: 25% | Step: 203/812
2026-05-02 13:02:40 INFO Epoch Progress | Epoch: 2 | Loss: 0.4854 | LR: 9.98791e-05 | Progress: 50% | Step: 406/812
2026-05-02 13:04:38 INFO Epoch Progress | Epoch: 2 | Loss: 0.4820 | LR: 9.95152e-05 | Progress: 75% | Step: 609/812
2026-05-02 13:06:35 INFO Epoch Progress | Epoch: 2 | Loss: 0.4757 | LR: 9.89101e-05 | Progress: 100% | Step: 812/812
2026-05-02 13:10:16 INFO CSV Written | Epoch: 2
2026-05-02 13:10:17 INFO Best Saved | Epoch: 2 | Monitor: val_auprc | Value: 0.8972
2026-05-02 13:10:17 INFO Epoch Done | Epoch: 2 | Time: 693.8567 | Train Loss: 0.4756 | Val Accuracy: 0.8134 | Val AUPRC: 0.8972 | Val Auroc: 0.8967 | Val F1: 0.8102 | Val Loss: 0.4428
2026-05-02 13:10:17 INFO Epoch Start | Epoch: 3
2026-05-02 13:10:19 INFO Epoch Progress | Epoch: 3 | Loss: 0.4451 | LR: 9.89065e-05 | Progress: 0% | Step: 1/812
2026-05-02 13:12:16 INFO Epoch Progress | Epoch: 3 | Loss: 0.4308 | LR: 9.80666e-05 | Progress: 25% | Step: 203/812
2026-05-02 13:14:13 INFO Epoch Progress | Epoch: 3 | Loss: 0.4330 | LR: 9.69891e-05 | Progress: 50% | Step: 406/812
2026-05-02 13:16:11 INFO Epoch Progress | Epoch: 3 | Loss: 0.4264 | LR: 9.56895e-05 | Progress: 75% | Step: 609/812
2026-05-02 13:18:08 INFO Epoch Progress | Epoch: 3 | Loss: 0.4221 | LR: 9.41615e-05 | Progress: 100% | Step: 812/812
2026-05-02 13:21:50 INFO CSV Written | Epoch: 3
2026-05-02 13:21:50 INFO Best Saved | Epoch: 3 | Monitor: val_auprc | Value: 0.9093
2026-05-02 13:21:50 INFO Epoch Done | Epoch: 3 | Time: 692.9604 | Train Loss: 0.4219 | Val Accuracy: 0.8293 | Val AUPRC: 0.9093 | Val Auroc: 0.9108 | Val F1: 0.8247 | Val Loss: 0.4386
2026-05-02 13:21:50 INFO Epoch Start | Epoch: 4
2026-05-02 13:21:52 INFO Epoch Progress | Epoch: 4 | Loss: 0.5136 | LR: 9.41535e-05 | Progress: 0% | Step: 1/812
2026-05-02 13:23:51 INFO Epoch Progress | Epoch: 4 | Loss: 0.3908 | LR: 9.24184e-05 | Progress: 25% | Step: 203/812
2026-05-02 13:25:50 INFO Epoch Progress | Epoch: 4 | Loss: 0.3895 | LR: 9.04686e-05 | Progress: 50% | Step: 406/812
2026-05-02 13:27:49 INFO Epoch Progress | Epoch: 4 | Loss: 0.3869 | LR: 8.83216e-05 | Progress: 75% | Step: 609/812
2026-05-02 13:29:48 INFO Epoch Progress | Epoch: 4 | Loss: 0.3851 | LR: 8.59879e-05 | Progress: 100% | Step: 812/812
2026-05-02 13:33:33 INFO CSV Written | Epoch: 4
2026-05-02 13:33:33 INFO Best Saved | Epoch: 4 | Monitor: val_auprc | Value: 0.9213
2026-05-02 13:33:33 INFO Epoch Done | Epoch: 4 | Time: 702.6670 | Train Loss: 0.3850 | Val Accuracy: 0.8428 | Val AUPRC: 0.9213 | Val Auroc: 0.9229 | Val F1: 0.8383 | Val Loss: 0.4083
2026-05-02 13:33:33 INFO Epoch Start | Epoch: 5
2026-05-02 13:33:35 INFO Epoch Progress | Epoch: 5 | Loss: 0.3251 | LR: 8.5976e-05 | Progress: 0% | Step: 1/812
2026-05-02 13:35:34 INFO Epoch Progress | Epoch: 5 | Loss: 0.3549 | LR: 8.3479e-05 | Progress: 25% | Step: 203/812
2026-05-02 13:37:34 INFO Epoch Progress | Epoch: 5 | Loss: 0.3522 | LR: 8.08069e-05 | Progress: 50% | Step: 406/812
2026-05-02 13:39:34 INFO Epoch Progress | Epoch: 5 | Loss: 0.3559 | LR: 7.79847e-05 | Progress: 75% | Step: 609/812
2026-05-02 13:41:33 INFO Epoch Progress | Epoch: 5 | Loss: 0.3569 | LR: 7.50262e-05 | Progress: 100% | Step: 812/812
2026-05-02 13:45:23 INFO CSV Written | Epoch: 5
2026-05-02 13:45:23 INFO Best Saved | Epoch: 5 | Monitor: val_auprc | Value: 0.9302
2026-05-02 13:45:23 INFO Epoch Done | Epoch: 5 | Time: 709.6461 | Train Loss: 0.3550 | Val Accuracy: 0.8565 | Val AUPRC: 0.9302 | Val Auroc: 0.9318 | Val F1: 0.8545 | Val Loss: 0.3904
2026-05-02 13:45:23 INFO Epoch Start | Epoch: 6
2026-05-02 13:45:38 INFO Epoch Progress | Epoch: 6 | Loss: 0.9597 | LR: 7.50113e-05 | Progress: 1% | Step: 1/190
2026-05-02 13:47:09 INFO Epoch Progress | Epoch: 6 | Loss: 0.6969 | LR: 7.43082e-05 | Progress: 25% | Step: 48/190
2026-05-02 13:48:40 INFO Epoch Progress | Epoch: 6 | Loss: 0.6850 | LR: 7.35837e-05 | Progress: 51% | Step: 96/190
2026-05-02 13:50:10 INFO Epoch Progress | Epoch: 6 | Loss: 0.6837 | LR: 7.28527e-05 | Progress: 76% | Step: 144/190
2026-05-02 13:51:34 INFO Epoch Progress | Epoch: 6 | Loss: 0.6803 | LR: 7.21463e-05 | Progress: 100% | Step: 190/190
2026-05-02 13:55:21 INFO CSV Written | Epoch: 6
2026-05-02 13:55:21 INFO Best Saved | Epoch: 6 | Monitor: val_auprc | Value: 0.9342
2026-05-02 13:55:21 INFO Epoch Done | Epoch: 6 | Time: 597.6194 | Train Loss: 0.6813 | Val Accuracy: 0.8648 | Val AUPRC: 0.9342 | Val Auroc: 0.9364 | Val F1: 0.8668 | Val Loss: 0.4829
2026-05-02 13:55:21 INFO Epoch Start | Epoch: 7
2026-05-02 13:55:30 INFO Epoch Progress | Epoch: 7 | Loss: 0.7025 | LR: 7.21309e-05 | Progress: 1% | Step: 1/190
2026-05-02 13:57:03 INFO Epoch Progress | Epoch: 7 | Loss: 0.6502 | LR: 7.14189e-05 | Progress: 25% | Step: 48/190
2026-05-02 13:58:38 INFO Epoch Progress | Epoch: 7 | Loss: 0.6553 | LR: 7.06702e-05 | Progress: 51% | Step: 96/190
2026-05-02 14:00:12 INFO Epoch Progress | Epoch: 7 | Loss: 0.6559 | LR: 6.99159e-05 | Progress: 76% | Step: 144/190
2026-05-02 14:01:41 INFO Epoch Progress | Epoch: 7 | Loss: 0.6566 | LR: 6.91879e-05 | Progress: 100% | Step: 190/190
2026-05-02 14:05:24 INFO CSV Written | Epoch: 7
2026-05-02 14:05:24 INFO Epoch Done | Epoch: 7 | Time: 603.0130 | Train Loss: 0.6550 | Val Accuracy: 0.8629 | Val AUPRC: 0.9335 | Val Auroc: 0.9359 | Val F1: 0.8627 | Val Loss: 0.4636
2026-05-02 14:05:24 INFO Epoch Start | Epoch: 8
2026-05-02 14:05:34 INFO Epoch Progress | Epoch: 8 | Loss: 0.5817 | LR: 6.9172e-05 | Progress: 1% | Step: 1/190
2026-05-02 14:07:07 INFO Epoch Progress | Epoch: 8 | Loss: 0.6390 | LR: 6.84231e-05 | Progress: 25% | Step: 48/190
2026-05-02 14:08:42 INFO Epoch Progress | Epoch: 8 | Loss: 0.6378 | LR: 6.76534e-05 | Progress: 51% | Step: 96/190
2026-05-02 14:10:16 INFO Epoch Progress | Epoch: 8 | Loss: 0.6403 | LR: 6.68788e-05 | Progress: 76% | Step: 144/190
2026-05-02 14:11:45 INFO Epoch Progress | Epoch: 8 | Loss: 0.6426 | LR: 6.61321e-05 | Progress: 100% | Step: 190/190
2026-05-02 14:15:33 INFO CSV Written | Epoch: 8
2026-05-02 14:15:33 INFO Epoch Done | Epoch: 8 | Time: 608.9421 | Train Loss: 0.6398 | Val Accuracy: 0.8647 | Val AUPRC: 0.9315 | Val Auroc: 0.9344 | Val F1: 0.8656 | Val Loss: 0.4670
2026-05-02 14:15:33 INFO Epoch Start | Epoch: 9
2026-05-02 14:15:43 INFO Epoch Progress | Epoch: 9 | Loss: 0.6260 | LR: 6.61159e-05 | Progress: 1% | Step: 1/190
2026-05-02 14:17:16 INFO Epoch Progress | Epoch: 9 | Loss: 0.6190 | LR: 6.53487e-05 | Progress: 25% | Step: 48/190
2026-05-02 14:18:51 INFO Epoch Progress | Epoch: 9 | Loss: 0.6234 | LR: 6.45612e-05 | Progress: 51% | Step: 96/190
2026-05-02 14:20:26 INFO Epoch Progress | Epoch: 9 | Loss: 0.6298 | LR: 6.37696e-05 | Progress: 76% | Step: 144/190
2026-05-02 14:21:55 INFO Epoch Progress | Epoch: 9 | Loss: 0.6266 | LR: 6.30075e-05 | Progress: 100% | Step: 190/190
2026-05-02 14:25:38 INFO CSV Written | Epoch: 9
2026-05-02 14:25:38 INFO Epoch Done | Epoch: 9 | Time: 604.6950 | Train Loss: 0.6248 | Val Accuracy: 0.8649 | Val AUPRC: 0.9336 | Val Auroc: 0.9366 | Val F1: 0.8658 | Val Loss: 0.4391
2026-05-02 14:25:38 INFO Epoch Start | Epoch: 10
2026-05-02 14:25:47 INFO Epoch Progress | Epoch: 10 | Loss: 0.5874 | LR: 6.29909e-05 | Progress: 1% | Step: 1/190
2026-05-02 14:27:21 INFO Epoch Progress | Epoch: 10 | Loss: 0.5886 | LR: 6.22088e-05 | Progress: 25% | Step: 48/190
2026-05-02 14:28:55 INFO Epoch Progress | Epoch: 10 | Loss: 0.6012 | LR: 6.14068e-05 | Progress: 51% | Step: 96/190
2026-05-02 14:30:30 INFO Epoch Progress | Epoch: 10 | Loss: 0.6006 | LR: 6.06017e-05 | Progress: 76% | Step: 144/190
2026-05-02 14:32:00 INFO Epoch Progress | Epoch: 10 | Loss: 0.6047 | LR: 5.98274e-05 | Progress: 100% | Step: 190/190
2026-05-02 14:35:46 INFO CSV Written | Epoch: 10
2026-05-02 14:35:46 INFO Epoch Done | Epoch: 10 | Time: 608.7478 | Train Loss: 0.6051 | Val Accuracy: 0.8678 | Val AUPRC: 0.9332 | Val Auroc: 0.9363 | Val F1: 0.8680 | Val Loss: 0.4428
2026-05-02 14:35:46 INFO Epoch Start | Epoch: 11
2026-05-02 14:35:56 INFO Epoch Progress | Epoch: 11 | Loss: 0.6262 | LR: 5.98105e-05 | Progress: 1% | Step: 1/190
2026-05-02 14:37:29 INFO Epoch Progress | Epoch: 11 | Loss: 0.5745 | LR: 5.90168e-05 | Progress: 25% | Step: 48/190
2026-05-02 14:39:04 INFO Epoch Progress | Epoch: 11 | Loss: 0.5963 | LR: 5.82207e-05 | Progress: 51% | Step: 96/190
2026-05-02 14:40:39 INFO Epoch Progress | Epoch: 11 | Loss: 0.5850 | LR: 5.74055e-05 | Progress: 76% | Step: 144/190
2026-05-02 14:42:07 INFO Epoch Progress | Epoch: 11 | Loss: 0.5824 | LR: 5.66224e-05 | Progress: 100% | Step: 190/190
2026-05-02 14:45:51 INFO CSV Written | Epoch: 11
2026-05-02 14:45:51 INFO Epoch Done | Epoch: 11 | Time: 604.7410 | Train Loss: 0.5832 | Val Accuracy: 0.8666 | Val AUPRC: 0.9325 | Val Auroc: 0.9357 | Val F1: 0.8668 | Val Loss: 0.4191
2026-05-02 14:45:51 INFO Epoch Start | Epoch: 12
2026-05-02 14:46:01 INFO Epoch Progress | Epoch: 12 | Loss: 0.3966 | LR: 5.66053e-05 | Progress: 1% | Step: 1/190
2026-05-02 14:47:34 INFO Epoch Progress | Epoch: 12 | Loss: 0.5577 | LR: 5.58034e-05 | Progress: 25% | Step: 48/190
2026-05-02 14:49:08 INFO Epoch Progress | Epoch: 12 | Loss: 0.5607 | LR: 5.49828e-05 | Progress: 51% | Step: 96/190
2026-05-02 14:50:43 INFO Epoch Progress | Epoch: 12 | Loss: 0.5622 | LR: 5.41609e-05 | Progress: 76% | Step: 144/190
2026-05-02 14:52:11 INFO Epoch Progress | Epoch: 12 | Loss: 0.5628 | LR: 5.33722e-05 | Progress: 100% | Step: 190/190
2026-05-02 14:55:56 INFO CSV Written | Epoch: 12
2026-05-02 14:55:56 INFO Best Saved | Epoch: 12 | Monitor: val_auprc | Value: 0.9347
2026-05-02 14:55:56 INFO Epoch Done | Epoch: 12 | Time: 604.9493 | Train Loss: 0.5577 | Val Accuracy: 0.8680 | Val AUPRC: 0.9347 | Val Auroc: 0.9378 | Val F1: 0.8696 | Val Loss: 0.4081
2026-05-02 14:55:56 INFO Epoch Start | Epoch: 13
2026-05-02 14:56:06 INFO Epoch Progress | Epoch: 13 | Loss: 0.5565 | LR: 5.33551e-05 | Progress: 1% | Step: 1/190
2026-05-02 14:57:39 INFO Epoch Progress | Epoch: 13 | Loss: 0.4976 | LR: 5.25483e-05 | Progress: 25% | Step: 48/190
2026-05-02 14:59:14 INFO Epoch Progress | Epoch: 13 | Loss: 0.5270 | LR: 5.17237e-05 | Progress: 51% | Step: 96/190
2026-05-02 15:00:48 INFO Epoch Progress | Epoch: 13 | Loss: 0.5238 | LR: 5.08986e-05 | Progress: 76% | Step: 144/190
2026-05-02 15:02:16 INFO Epoch Progress | Epoch: 13 | Loss: 0.5275 | LR: 5.01077e-05 | Progress: 100% | Step: 190/190
2026-05-02 15:05:55 INFO CSV Written | Epoch: 13
2026-05-02 15:05:55 INFO Epoch Done | Epoch: 13 | Time: 598.5253 | Train Loss: 0.5318 | Val Accuracy: 0.8692 | Val AUPRC: 0.9340 | Val Auroc: 0.9371 | Val F1: 0.8715 | Val Loss: 0.3981
2026-05-02 15:05:55 INFO Epoch Start | Epoch: 14
2026-05-02 15:06:05 INFO Epoch Progress | Epoch: 14 | Loss: 0.5551 | LR: 5.00905e-05 | Progress: 1% | Step: 1/190
2026-05-02 15:07:38 INFO Epoch Progress | Epoch: 14 | Loss: 0.4864 | LR: 4.92823e-05 | Progress: 25% | Step: 48/190
2026-05-02 15:09:12 INFO Epoch Progress | Epoch: 14 | Loss: 0.4964 | LR: 4.84572e-05 | Progress: 51% | Step: 96/190
2026-05-02 15:10:47 INFO Epoch Progress | Epoch: 14 | Loss: 0.5033 | LR: 4.76324e-05 | Progress: 76% | Step: 144/190
2026-05-02 15:12:16 INFO Epoch Progress | Epoch: 14 | Loss: 0.5062 | LR: 4.68427e-05 | Progress: 100% | Step: 190/190
2026-05-02 15:16:06 INFO CSV Written | Epoch: 14
2026-05-02 15:16:06 INFO Epoch Done | Epoch: 14 | Time: 611.0318 | Train Loss: 0.5056 | Val Accuracy: 0.8689 | Val AUPRC: 0.9310 | Val Auroc: 0.9359 | Val F1: 0.8691 | Val Loss: 0.3934
2026-05-02 15:16:06 INFO Epoch Start | Epoch: 15
2026-05-02 15:16:16 INFO Epoch Progress | Epoch: 15 | Loss: 0.4455 | LR: 4.68255e-05 | Progress: 1% | Step: 1/190
2026-05-02 15:17:49 INFO Epoch Progress | Epoch: 15 | Loss: 0.4912 | LR: 4.60194e-05 | Progress: 25% | Step: 48/190
2026-05-02 15:19:25 INFO Epoch Progress | Epoch: 15 | Loss: 0.4869 | LR: 4.51972e-05 | Progress: 51% | Step: 96/190
2026-05-02 15:21:00 INFO Epoch Progress | Epoch: 15 | Loss: 0.4848 | LR: 4.43764e-05 | Progress: 76% | Step: 144/190
2026-05-02 15:22:28 INFO Epoch Progress | Epoch: 15 | Loss: 0.4842 | LR: 4.35911e-05 | Progress: 100% | Step: 190/190
2026-05-02 15:26:13 INFO CSV Written | Epoch: 15
2026-05-02 15:26:13 INFO Epoch Done | Epoch: 15 | Time: 607.1516 | Train Loss: 0.4821 | Val Accuracy: 0.8686 | Val AUPRC: 0.9323 | Val Auroc: 0.9360 | Val F1: 0.8674 | Val Loss: 0.3919
2026-05-02 15:26:13 INFO Epoch Start | Epoch: 16
2026-05-02 15:26:23 INFO Epoch Progress | Epoch: 16 | Loss: 0.3019 | LR: 4.35741e-05 | Progress: 1% | Step: 1/190
2026-05-02 15:27:57 INFO Epoch Progress | Epoch: 16 | Loss: 0.4466 | LR: 4.27735e-05 | Progress: 25% | Step: 48/190
2026-05-02 15:29:32 INFO Epoch Progress | Epoch: 16 | Loss: 0.4473 | LR: 4.19578e-05 | Progress: 51% | Step: 96/190
2026-05-02 15:31:06 INFO Epoch Progress | Epoch: 16 | Loss: 0.4552 | LR: 4.11443e-05 | Progress: 76% | Step: 144/190
2026-05-02 15:32:35 INFO Epoch Progress | Epoch: 16 | Loss: 0.4604 | LR: 4.0367e-05 | Progress: 100% | Step: 190/190
2026-05-02 15:36:23 INFO CSV Written | Epoch: 16
2026-05-02 15:36:23 INFO Epoch Done | Epoch: 16 | Time: 610.4152 | Train Loss: 0.4593 | Val Accuracy: 0.8691 | Val AUPRC: 0.9279 | Val Auroc: 0.9340 | Val F1: 0.8691 | Val Loss: 0.3904
2026-05-02 15:36:23 INFO Epoch Start | Epoch: 17
2026-05-02 15:36:33 INFO Epoch Progress | Epoch: 17 | Loss: 0.5272 | LR: 4.03501e-05 | Progress: 1% | Step: 1/190
2026-05-02 15:38:07 INFO Epoch Progress | Epoch: 17 | Loss: 0.4132 | LR: 3.95584e-05 | Progress: 25% | Step: 48/190
2026-05-02 15:39:42 INFO Epoch Progress | Epoch: 17 | Loss: 0.4244 | LR: 3.87527e-05 | Progress: 51% | Step: 96/190
2026-05-02 15:41:16 INFO Epoch Progress | Epoch: 17 | Loss: 0.4345 | LR: 3.795e-05 | Progress: 76% | Step: 144/190
2026-05-02 15:42:45 INFO Epoch Progress | Epoch: 17 | Loss: 0.4333 | LR: 3.71839e-05 | Progress: 100% | Step: 190/190
2026-05-02 15:46:33 INFO CSV Written | Epoch: 17
2026-05-02 15:46:33 INFO Epoch Done | Epoch: 17 | Time: 609.9131 | Train Loss: 0.4330 | Val Accuracy: 0.8710 | Val AUPRC: 0.9311 | Val Auroc: 0.9358 | Val F1: 0.8705 | Val Loss: 0.3875
2026-05-02 15:46:33 INFO Epoch Start | Epoch: 18
2026-05-02 15:46:44 INFO Epoch Progress | Epoch: 18 | Loss: 0.4119 | LR: 3.71673e-05 | Progress: 1% | Step: 1/190
2026-05-02 15:48:16 INFO Epoch Progress | Epoch: 18 | Loss: 0.4254 | LR: 3.63879e-05 | Progress: 25% | Step: 48/190
2026-05-02 15:49:50 INFO Epoch Progress | Epoch: 18 | Loss: 0.4212 | LR: 3.55956e-05 | Progress: 51% | Step: 96/190
2026-05-02 15:51:25 INFO Epoch Progress | Epoch: 18 | Loss: 0.4206 | LR: 3.48072e-05 | Progress: 76% | Step: 144/190
2026-05-02 15:52:54 INFO Epoch Progress | Epoch: 18 | Loss: 0.4181 | LR: 3.40556e-05 | Progress: 100% | Step: 190/190
2026-05-02 15:56:43 INFO CSV Written | Epoch: 18
2026-05-02 15:56:43 INFO Epoch Done | Epoch: 18 | Time: 609.5518 | Train Loss: 0.4157 | Val Accuracy: 0.8685 | Val AUPRC: 0.9276 | Val Auroc: 0.9328 | Val F1: 0.8692 | Val Loss: 0.3896
2026-05-02 15:56:43 INFO Epoch Start | Epoch: 19
2026-05-02 15:56:53 INFO Epoch Progress | Epoch: 19 | Loss: 0.3559 | LR: 3.40393e-05 | Progress: 1% | Step: 1/190
2026-05-02 15:58:25 INFO Epoch Progress | Epoch: 19 | Loss: 0.3893 | LR: 3.32755e-05 | Progress: 25% | Step: 48/190
2026-05-02 16:00:00 INFO Epoch Progress | Epoch: 19 | Loss: 0.3881 | LR: 3.25e-05 | Progress: 51% | Step: 96/190
2026-05-02 16:01:35 INFO Epoch Progress | Epoch: 19 | Loss: 0.3899 | LR: 3.17292e-05 | Progress: 76% | Step: 144/190
2026-05-02 16:03:04 INFO Epoch Progress | Epoch: 19 | Loss: 0.3977 | LR: 3.09953e-05 | Progress: 100% | Step: 190/190
2026-05-02 16:06:54 INFO CSV Written | Epoch: 19
2026-05-02 16:06:54 INFO Epoch Done | Epoch: 19 | Time: 610.8033 | Train Loss: 0.3930 | Val Accuracy: 0.8704 | Val AUPRC: 0.9254 | Val Auroc: 0.9322 | Val F1: 0.8698 | Val Loss: 0.3928
2026-05-02 16:06:54 INFO Epoch Start | Epoch: 20
2026-05-02 16:07:04 INFO Epoch Progress | Epoch: 20 | Loss: 0.1929 | LR: 3.09794e-05 | Progress: 1% | Step: 1/190
2026-05-02 16:08:37 INFO Epoch Progress | Epoch: 20 | Loss: 0.3749 | LR: 3.02345e-05 | Progress: 25% | Step: 48/190
2026-05-02 16:10:11 INFO Epoch Progress | Epoch: 20 | Loss: 0.3880 | LR: 2.9479e-05 | Progress: 51% | Step: 96/190
2026-05-02 16:11:45 INFO Epoch Progress | Epoch: 20 | Loss: 0.3842 | LR: 2.87292e-05 | Progress: 76% | Step: 144/190
2026-05-02 16:13:14 INFO Epoch Progress | Epoch: 20 | Loss: 0.3814 | LR: 2.80161e-05 | Progress: 100% | Step: 190/190
2026-05-02 16:17:00 INFO CSV Written | Epoch: 20
2026-05-02 16:17:00 INFO Epoch Done | Epoch: 20 | Time: 605.9623 | Train Loss: 0.3770 | Val Accuracy: 0.8702 | Val AUPRC: 0.9221 | Val Auroc: 0.9306 | Val F1: 0.8705 | Val Loss: 0.3960
2026-05-02 16:17:00 INFO Epoch Start | Epoch: 21
2026-05-02 16:17:10 INFO Epoch Progress | Epoch: 21 | Loss: 0.3396 | LR: 2.80006e-05 | Progress: 1% | Step: 1/190
2026-05-02 16:18:43 INFO Epoch Progress | Epoch: 21 | Loss: 0.3392 | LR: 2.72778e-05 | Progress: 25% | Step: 48/190
2026-05-02 16:20:18 INFO Epoch Progress | Epoch: 21 | Loss: 0.3662 | LR: 2.65457e-05 | Progress: 51% | Step: 96/190
2026-05-02 16:21:53 INFO Epoch Progress | Epoch: 21 | Loss: 0.3713 | LR: 2.582e-05 | Progress: 76% | Step: 144/190
2026-05-02 16:23:21 INFO Epoch Progress | Epoch: 21 | Loss: 0.3717 | LR: 2.51456e-05 | Progress: 100% | Step: 190/190
2026-05-02 16:27:10 INFO CSV Written | Epoch: 21
2026-05-02 16:27:10 INFO Epoch Done | Epoch: 21 | Time: 610.2766 | Train Loss: 0.3639 | Val Accuracy: 0.8708 | Val AUPRC: 0.9181 | Val Auroc: 0.9275 | Val F1: 0.8710 | Val Loss: 0.4007
2026-05-02 16:27:10 INFO Epoch Start | Epoch: 22
2026-05-02 16:27:20 INFO Epoch Progress | Epoch: 22 | Loss: 0.1847 | LR: 2.51307e-05 | Progress: 1% | Step: 1/190
2026-05-02 16:28:53 INFO Epoch Progress | Epoch: 22 | Loss: 0.3212 | LR: 2.44329e-05 | Progress: 25% | Step: 48/190
2026-05-02 16:30:28 INFO Epoch Progress | Epoch: 22 | Loss: 0.3379 | LR: 2.37271e-05 | Progress: 51% | Step: 96/190
2026-05-02 16:32:03 INFO Epoch Progress | Epoch: 22 | Loss: 0.3483 | LR: 2.30285e-05 | Progress: 76% | Step: 144/190
2026-05-02 16:33:32 INFO Epoch Progress | Epoch: 22 | Loss: 0.3489 | LR: 2.23658e-05 | Progress: 100% | Step: 190/190
2026-05-02 16:37:20 INFO CSV Written | Epoch: 22
2026-05-02 16:37:20 INFO Epoch Done | Epoch: 22 | Time: 609.6748 | Train Loss: 0.3479 | Val Accuracy: 0.8704 | Val AUPRC: 0.9171 | Val Auroc: 0.9266 | Val F1: 0.8704 | Val Loss: 0.4079
2026-05-02 16:37:20 INFO Early Stop | Epoch: 22
2026-05-02 16:37:20 INFO Stage Done | Run Id: no_gated_s101
2026-05-02 16:37:20 INFO Stage Start | Checkpoint: models/v3.1/train/no_gated_s101/best_model.pth | Run Id: no_gated_s101
2026-05-02 16:37:20 INFO Checkpoint Loaded | Path: models/v3.1/train/no_gated_s101/best_model.pth
2026-05-02 16:37:20 INFO Decision Threshold | Mode: fixed | Value: 0.5000
2026-05-02 16:45:10 INFO Evaluation Metrics | Accuracy: 0.6126 | AUPRC: 0.6799 | Auroc: 0.6606 | F1: 0.5934 | Mcc: 0.2263 | Precision: 0.6246 | Recall: 0.5651 | Sensitivity: 0.5651 | Specificity: 0.6602 | Split: test
2026-05-02 16:45:10 INFO CSV Written | Path: logs/v3.1/evaluate/no_gated_s101/evaluate.csv
2026-05-02 16:45:10 INFO Stage Done | Run Id: no_gated_s101
[rank0]:[W502 16:45:11.488728160 ProcessGroupNCCL.cpp:1553] Warning: WARNING: destroy_process_group() was not called before program exit, which can leak resources. For more info, please see https://pytorch.org/docs/stable/distributed.html#shutdown (function operator())

*****************************************
Setting OMP_NUM_THREADS environment variable for each process to be 1 in default, to avoid your system being overloaded, please further tune the variable for optimal performance in your application as needed. 
*****************************************
INFO:src.pipeline.__main__:Loaded config: configs/v3-1/0430/no_gated_s13.yaml
WARNING:accelerate.utils.other:[RANK 0] Detected kernel version 3.10.0, which is below the recommended minimum of 5.5.0; this can cause the process to hang. It is recommended to upgrade the kernel to the minimum version or higher.
WARNING:py.warnings:/public/home/wangar2023/grand/.venv/lib/python3.11/site-packages/torch/distributed/c10d_logger.py:83: UserWarning: barrier(): using the device under current context. You can specify `device_id` in `init_process_group` to mute this warning.
  return func(*args, **kwargs)

2026-05-02 16:46:16 INFO Pipeline Runtime | Device: cuda:0 | Distributed: True | Test Batches: 1691 | Train Batches: 812 | Valid Batches: 762 | World Size: 4
2026-05-02 16:46:16 INFO Stage Start | Run Id: no_gated_s13
2026-05-02 16:46:19 INFO Train Config | Epochs: 50 | Monitor: auprc | Patience: 10
2026-05-02 16:46:19 INFO Epoch Start | Epoch: 1
2026-05-02 16:46:24 INFO Epoch Progress | Epoch: 1 | Loss: 0.8286 | LR: 4e-06 | Progress: 0% | Step: 1/812
2026-05-02 16:48:22 INFO Epoch Progress | Epoch: 1 | Loss: 0.7372 | LR: 1.30844e-05 | Progress: 25% | Step: 203/812
2026-05-02 16:50:19 INFO Epoch Progress | Epoch: 1 | Loss: 0.7259 | LR: 3.704e-05 | Progress: 50% | Step: 406/812
2026-05-02 16:52:18 INFO Epoch Progress | Epoch: 1 | Loss: 0.7024 | LR: 6.67126e-05 | Progress: 75% | Step: 609/812
2026-05-02 16:54:15 INFO Epoch Progress | Epoch: 1 | Loss: 0.6638 | LR: 9.07628e-05 | Progress: 100% | Step: 812/812
2026-05-02 16:57:56 INFO CSV Written | Epoch: 1
WARNING:py.warnings:/public/home/wangar2023/grand/.venv/lib/python3.11/site-packages/deepspeed/runtime/zero/linear.py:47: FutureWarning: `torch.cuda.amp.custom_fwd(args...)` is deprecated. Please use `torch.amp.custom_fwd(args..., device_type='cuda')` instead.
  @autocast_custom_fwd

WARNING:py.warnings:/public/home/wangar2023/grand/.venv/lib/python3.11/site-packages/deepspeed/runtime/zero/linear.py:66: FutureWarning: `torch.cuda.amp.custom_bwd(args...)` is deprecated. Please use `torch.amp.custom_bwd(args..., device_type='cuda')` instead.
  @autocast_custom_bwd

2026-05-02 16:58:01 INFO Best Saved | Epoch: 1 | Monitor: val_auprc | Value: 0.8482
2026-05-02 16:58:01 INFO Epoch Done | Epoch: 1 | Time: 697.1485 | Train Loss: 0.6630 | Val Accuracy: 0.7570 | Val AUPRC: 0.8482 | Val Auroc: 0.8475 | Val F1: 0.7314 | Val Loss: 0.5197
2026-05-02 16:58:01 INFO Epoch Start | Epoch: 2
2026-05-02 16:58:03 INFO Epoch Progress | Epoch: 2 | Loss: 0.6260 | LR: 9.08503e-05 | Progress: 0% | Step: 1/812
2026-05-02 17:00:01 INFO Epoch Progress | Epoch: 2 | Loss: 0.5073 | LR: 9.99999e-05 | Progress: 25% | Step: 203/812
2026-05-02 17:01:58 INFO Epoch Progress | Epoch: 2 | Loss: 0.4957 | LR: 9.98791e-05 | Progress: 50% | Step: 406/812
2026-05-02 17:03:56 INFO Epoch Progress | Epoch: 2 | Loss: 0.4909 | LR: 9.95152e-05 | Progress: 75% | Step: 609/812
2026-05-02 17:05:53 INFO Epoch Progress | Epoch: 2 | Loss: 0.4811 | LR: 9.89101e-05 | Progress: 100% | Step: 812/812
2026-05-02 17:09:33 INFO CSV Written | Epoch: 2
2026-05-02 17:09:33 INFO Best Saved | Epoch: 2 | Monitor: val_auprc | Value: 0.8968
2026-05-02 17:09:33 INFO Epoch Done | Epoch: 2 | Time: 691.4827 | Train Loss: 0.4784 | Val Accuracy: 0.8141 | Val AUPRC: 0.8968 | Val Auroc: 0.8972 | Val F1: 0.8147 | Val Loss: 0.4430
2026-05-02 17:09:33 INFO Epoch Start | Epoch: 3
2026-05-02 17:09:36 INFO Epoch Progress | Epoch: 3 | Loss: 0.3314 | LR: 9.89065e-05 | Progress: 0% | Step: 1/812
2026-05-02 17:11:33 INFO Epoch Progress | Epoch: 3 | Loss: 0.4407 | LR: 9.80666e-05 | Progress: 25% | Step: 203/812
2026-05-02 17:13:30 INFO Epoch Progress | Epoch: 3 | Loss: 0.4345 | LR: 9.69949e-05 | Progress: 50% | Step: 406/812
2026-05-02 17:15:28 INFO Epoch Progress | Epoch: 3 | Loss: 0.4276 | LR: 9.56895e-05 | Progress: 75% | Step: 609/812
2026-05-02 17:17:26 INFO Epoch Progress | Epoch: 3 | Loss: 0.4251 | LR: 9.41615e-05 | Progress: 100% | Step: 812/812
2026-05-02 17:21:10 INFO CSV Written | Epoch: 3
2026-05-02 17:21:10 INFO Best Saved | Epoch: 3 | Monitor: val_auprc | Value: 0.9127
2026-05-02 17:21:10 INFO Epoch Done | Epoch: 3 | Time: 696.9507 | Train Loss: 0.4224 | Val Accuracy: 0.8329 | Val AUPRC: 0.9127 | Val Auroc: 0.9141 | Val F1: 0.8283 | Val Loss: 0.4259
2026-05-02 17:21:10 INFO Epoch Start | Epoch: 4
2026-05-02 17:21:13 INFO Epoch Progress | Epoch: 4 | Loss: 0.2705 | LR: 9.41535e-05 | Progress: 0% | Step: 1/812
2026-05-02 17:23:09 INFO Epoch Progress | Epoch: 4 | Loss: 0.3900 | LR: 9.24184e-05 | Progress: 25% | Step: 203/812
2026-05-02 17:25:05 INFO Epoch Progress | Epoch: 4 | Loss: 0.3890 | LR: 9.04686e-05 | Progress: 50% | Step: 406/812
2026-05-02 17:27:02 INFO Epoch Progress | Epoch: 4 | Loss: 0.3833 | LR: 8.83216e-05 | Progress: 75% | Step: 609/812
2026-05-02 17:28:59 INFO Epoch Progress | Epoch: 4 | Loss: 0.3854 | LR: 8.59879e-05 | Progress: 100% | Step: 812/812
2026-05-02 17:32:42 INFO CSV Written | Epoch: 4
2026-05-02 17:32:42 INFO Best Saved | Epoch: 4 | Monitor: val_auprc | Value: 0.9269
2026-05-02 17:32:42 INFO Epoch Done | Epoch: 4 | Time: 691.5568 | Train Loss: 0.3848 | Val Accuracy: 0.8509 | Val AUPRC: 0.9269 | Val Auroc: 0.9280 | Val F1: 0.8515 | Val Loss: 0.3923
2026-05-02 17:32:42 INFO Epoch Start | Epoch: 5
2026-05-02 17:32:45 INFO Epoch Progress | Epoch: 5 | Loss: 0.3306 | LR: 8.5976e-05 | Progress: 0% | Step: 1/812
2026-05-02 17:34:42 INFO Epoch Progress | Epoch: 5 | Loss: 0.3589 | LR: 8.3479e-05 | Progress: 25% | Step: 203/812
2026-05-02 17:36:41 INFO Epoch Progress | Epoch: 5 | Loss: 0.3562 | LR: 8.08069e-05 | Progress: 50% | Step: 406/812
2026-05-02 17:38:39 INFO Epoch Progress | Epoch: 5 | Loss: 0.3550 | LR: 7.79989e-05 | Progress: 75% | Step: 609/812
2026-05-02 17:40:37 INFO Epoch Progress | Epoch: 5 | Loss: 0.3552 | LR: 7.5041e-05 | Progress: 100% | Step: 812/812
2026-05-02 17:44:20 INFO CSV Written | Epoch: 5
2026-05-02 17:44:20 INFO Best Saved | Epoch: 5 | Monitor: val_auprc | Value: 0.9328
2026-05-02 17:44:20 INFO Epoch Done | Epoch: 5 | Time: 697.2922 | Train Loss: 0.3544 | Val Accuracy: 0.8583 | Val AUPRC: 0.9328 | Val Auroc: 0.9342 | Val F1: 0.8597 | Val Loss: 0.3904
2026-05-02 17:44:20 INFO Epoch Start | Epoch: 6
2026-05-02 17:44:35 INFO Epoch Progress | Epoch: 6 | Loss: 0.8447 | LR: 7.50262e-05 | Progress: 1% | Step: 1/190
2026-05-02 17:46:08 INFO Epoch Progress | Epoch: 6 | Loss: 0.7068 | LR: 7.43233e-05 | Progress: 25% | Step: 48/190
2026-05-02 17:47:42 INFO Epoch Progress | Epoch: 6 | Loss: 0.6936 | LR: 7.35988e-05 | Progress: 51% | Step: 96/190
2026-05-02 17:49:18 INFO Epoch Progress | Epoch: 6 | Loss: 0.6895 | LR: 7.2868e-05 | Progress: 76% | Step: 144/190
2026-05-02 17:50:46 INFO Epoch Progress | Epoch: 6 | Loss: 0.6861 | LR: 7.21618e-05 | Progress: 100% | Step: 190/190
2026-05-02 17:54:32 INFO CSV Written | Epoch: 6
2026-05-02 17:54:33 INFO Best Saved | Epoch: 6 | Monitor: val_auprc | Value: 0.9374
2026-05-02 17:54:33 INFO Epoch Done | Epoch: 6 | Time: 612.5248 | Train Loss: 0.6841 | Val Accuracy: 0.8647 | Val AUPRC: 0.9374 | Val Auroc: 0.9388 | Val F1: 0.8652 | Val Loss: 0.4836
2026-05-02 17:54:33 INFO Epoch Start | Epoch: 7
2026-05-02 17:54:43 INFO Epoch Progress | Epoch: 7 | Loss: 0.6984 | LR: 7.21463e-05 | Progress: 1% | Step: 1/190
2026-05-02 17:56:16 INFO Epoch Progress | Epoch: 7 | Loss: 0.6670 | LR: 7.14189e-05 | Progress: 25% | Step: 48/190
2026-05-02 17:57:50 INFO Epoch Progress | Epoch: 7 | Loss: 0.6606 | LR: 7.06702e-05 | Progress: 51% | Step: 96/190
2026-05-02 17:59:25 INFO Epoch Progress | Epoch: 7 | Loss: 0.6624 | LR: 6.99159e-05 | Progress: 76% | Step: 144/190
2026-05-02 18:00:54 INFO Epoch Progress | Epoch: 7 | Loss: 0.6625 | LR: 6.91879e-05 | Progress: 100% | Step: 190/190
2026-05-02 18:04:39 INFO CSV Written | Epoch: 7
2026-05-02 18:04:39 INFO Epoch Done | Epoch: 7 | Time: 605.8728 | Train Loss: 0.6544 | Val Accuracy: 0.8638 | Val AUPRC: 0.9362 | Val Auroc: 0.9378 | Val F1: 0.8647 | Val Loss: 0.4709
2026-05-02 18:04:39 INFO Epoch Start | Epoch: 8
2026-05-02 18:04:48 INFO Epoch Progress | Epoch: 8 | Loss: 0.6815 | LR: 6.9172e-05 | Progress: 1% | Step: 1/190
2026-05-02 18:06:21 INFO Epoch Progress | Epoch: 8 | Loss: 0.6131 | LR: 6.84231e-05 | Progress: 25% | Step: 48/190
2026-05-02 18:07:55 INFO Epoch Progress | Epoch: 8 | Loss: 0.6330 | LR: 6.76534e-05 | Progress: 51% | Step: 96/190
2026-05-02 18:09:30 INFO Epoch Progress | Epoch: 8 | Loss: 0.6422 | LR: 6.68788e-05 | Progress: 76% | Step: 144/190
2026-05-02 18:10:59 INFO Epoch Progress | Epoch: 8 | Loss: 0.6475 | LR: 6.61321e-05 | Progress: 100% | Step: 190/190
2026-05-02 18:14:44 INFO CSV Written | Epoch: 8
2026-05-02 18:14:45 INFO Best Saved | Epoch: 8 | Monitor: val_auprc | Value: 0.9374
2026-05-02 18:14:45 INFO Epoch Done | Epoch: 8 | Time: 605.6899 | Train Loss: 0.6419 | Val Accuracy: 0.8672 | Val AUPRC: 0.9374 | Val Auroc: 0.9396 | Val F1: 0.8704 | Val Loss: 0.4679
2026-05-02 18:14:45 INFO Epoch Start | Epoch: 9
2026-05-02 18:14:54 INFO Epoch Progress | Epoch: 9 | Loss: 0.6727 | LR: 6.61159e-05 | Progress: 1% | Step: 1/190
2026-05-02 18:16:26 INFO Epoch Progress | Epoch: 9 | Loss: 0.6133 | LR: 6.53487e-05 | Progress: 25% | Step: 48/190
2026-05-02 18:18:01 INFO Epoch Progress | Epoch: 9 | Loss: 0.6210 | LR: 6.45612e-05 | Progress: 51% | Step: 96/190
2026-05-02 18:19:35 INFO Epoch Progress | Epoch: 9 | Loss: 0.6264 | LR: 6.37696e-05 | Progress: 76% | Step: 144/190
2026-05-02 18:21:03 INFO Epoch Progress | Epoch: 9 | Loss: 0.6282 | LR: 6.30075e-05 | Progress: 100% | Step: 190/190
2026-05-02 18:24:50 INFO CSV Written | Epoch: 9
2026-05-02 18:24:50 INFO Epoch Done | Epoch: 9 | Time: 605.8679 | Train Loss: 0.6236 | Val Accuracy: 0.8614 | Val AUPRC: 0.9348 | Val Auroc: 0.9365 | Val F1: 0.8582 | Val Loss: 0.4490
2026-05-02 18:24:50 INFO Epoch Start | Epoch: 10
2026-05-02 18:25:00 INFO Epoch Progress | Epoch: 10 | Loss: 0.6263 | LR: 6.29909e-05 | Progress: 1% | Step: 1/190
2026-05-02 18:26:32 INFO Epoch Progress | Epoch: 10 | Loss: 0.5970 | LR: 6.22088e-05 | Progress: 25% | Step: 48/190
2026-05-02 18:28:06 INFO Epoch Progress | Epoch: 10 | Loss: 0.6094 | LR: 6.14068e-05 | Progress: 51% | Step: 96/190
2026-05-02 18:29:41 INFO Epoch Progress | Epoch: 10 | Loss: 0.6122 | LR: 6.06017e-05 | Progress: 76% | Step: 144/190
2026-05-02 18:31:10 INFO Epoch Progress | Epoch: 10 | Loss: 0.6107 | LR: 5.98274e-05 | Progress: 100% | Step: 190/190
2026-05-02 18:34:55 INFO CSV Written | Epoch: 10
2026-05-02 18:34:55 INFO Epoch Done | Epoch: 10 | Time: 604.4116 | Train Loss: 0.6052 | Val Accuracy: 0.8615 | Val AUPRC: 0.9363 | Val Auroc: 0.9369 | Val F1: 0.8565 | Val Loss: 0.4275
2026-05-02 18:34:55 INFO Epoch Start | Epoch: 11
2026-05-02 18:35:05 INFO Epoch Progress | Epoch: 11 | Loss: 0.5739 | LR: 5.98105e-05 | Progress: 1% | Step: 1/190
2026-05-02 18:36:38 INFO Epoch Progress | Epoch: 11 | Loss: 0.5661 | LR: 5.90168e-05 | Progress: 25% | Step: 48/190
2026-05-02 18:38:12 INFO Epoch Progress | Epoch: 11 | Loss: 0.5792 | LR: 5.82038e-05 | Progress: 51% | Step: 96/190
2026-05-02 18:39:47 INFO Epoch Progress | Epoch: 11 | Loss: 0.5808 | LR: 5.73885e-05 | Progress: 76% | Step: 144/190
2026-05-02 18:41:16 INFO Epoch Progress | Epoch: 11 | Loss: 0.5845 | LR: 5.66053e-05 | Progress: 100% | Step: 190/190
2026-05-02 18:44:59 INFO CSV Written | Epoch: 11
2026-05-02 18:44:59 INFO Epoch Done | Epoch: 11 | Time: 604.0067 | Train Loss: 0.5848 | Val Accuracy: 0.8673 | Val AUPRC: 0.9367 | Val Auroc: 0.9387 | Val F1: 0.8652 | Val Loss: 0.4082
2026-05-02 18:44:59 INFO Epoch Start | Epoch: 12
2026-05-02 18:45:09 INFO Epoch Progress | Epoch: 12 | Loss: 0.4758 | LR: 5.65883e-05 | Progress: 1% | Step: 1/190
2026-05-02 18:46:42 INFO Epoch Progress | Epoch: 12 | Loss: 0.5639 | LR: 5.57863e-05 | Progress: 25% | Step: 48/190
2026-05-02 18:48:17 INFO Epoch Progress | Epoch: 12 | Loss: 0.5662 | LR: 5.49657e-05 | Progress: 51% | Step: 96/190
2026-05-02 18:49:52 INFO Epoch Progress | Epoch: 12 | Loss: 0.5631 | LR: 5.41438e-05 | Progress: 76% | Step: 144/190
2026-05-02 18:51:21 INFO Epoch Progress | Epoch: 12 | Loss: 0.5647 | LR: 5.33551e-05 | Progress: 100% | Step: 190/190
2026-05-02 18:55:04 INFO CSV Written | Epoch: 12
2026-05-02 18:55:04 INFO Epoch Done | Epoch: 12 | Time: 604.7716 | Train Loss: 0.5607 | Val Accuracy: 0.8683 | Val AUPRC: 0.9360 | Val Auroc: 0.9389 | Val F1: 0.8688 | Val Loss: 0.4078
2026-05-02 18:55:04 INFO Epoch Start | Epoch: 13
2026-05-02 18:55:13 INFO Epoch Progress | Epoch: 13 | Loss: 0.4581 | LR: 5.33379e-05 | Progress: 1% | Step: 1/190
2026-05-02 18:56:46 INFO Epoch Progress | Epoch: 13 | Loss: 0.5194 | LR: 5.25311e-05 | Progress: 25% | Step: 48/190
2026-05-02 18:58:20 INFO Epoch Progress | Epoch: 13 | Loss: 0.5337 | LR: 5.17065e-05 | Progress: 51% | Step: 96/190
2026-05-02 18:59:56 INFO Epoch Progress | Epoch: 13 | Loss: 0.5440 | LR: 5.08814e-05 | Progress: 76% | Step: 144/190
2026-05-02 19:01:24 INFO Epoch Progress | Epoch: 13 | Loss: 0.5434 | LR: 5.00905e-05 | Progress: 100% | Step: 190/190
2026-05-02 19:05:08 INFO CSV Written | Epoch: 13
2026-05-02 19:05:08 INFO Epoch Done | Epoch: 13 | Time: 604.2077 | Train Loss: 0.5376 | Val Accuracy: 0.8681 | Val AUPRC: 0.9350 | Val Auroc: 0.9377 | Val F1: 0.8681 | Val Loss: 0.3974
2026-05-02 19:05:08 INFO Epoch Start | Epoch: 14
2026-05-02 19:05:18 INFO Epoch Progress | Epoch: 14 | Loss: 0.6036 | LR: 5.00733e-05 | Progress: 1% | Step: 1/190
2026-05-02 19:06:50 INFO Epoch Progress | Epoch: 14 | Loss: 0.5219 | LR: 4.92651e-05 | Progress: 25% | Step: 48/190
2026-05-02 19:08:26 INFO Epoch Progress | Epoch: 14 | Loss: 0.5212 | LR: 4.844e-05 | Progress: 51% | Step: 96/190
2026-05-02 19:10:01 INFO Epoch Progress | Epoch: 14 | Loss: 0.5196 | LR: 4.76153e-05 | Progress: 76% | Step: 144/190
2026-05-02 19:11:30 INFO Epoch Progress | Epoch: 14 | Loss: 0.5188 | LR: 4.68255e-05 | Progress: 100% | Step: 190/190
2026-05-02 19:15:13 INFO CSV Written | Epoch: 14
2026-05-02 19:15:13 INFO Epoch Done | Epoch: 14 | Time: 605.3498 | Train Loss: 0.5093 | Val Accuracy: 0.8682 | Val AUPRC: 0.9343 | Val Auroc: 0.9369 | Val F1: 0.8665 | Val Loss: 0.3924
2026-05-02 19:15:13 INFO Epoch Start | Epoch: 15
2026-05-02 19:15:23 INFO Epoch Progress | Epoch: 15 | Loss: 0.4065 | LR: 4.68083e-05 | Progress: 1% | Step: 1/190
2026-05-02 19:16:57 INFO Epoch Progress | Epoch: 15 | Loss: 0.4691 | LR: 4.60194e-05 | Progress: 25% | Step: 48/190
2026-05-02 19:18:32 INFO Epoch Progress | Epoch: 15 | Loss: 0.4776 | LR: 4.51972e-05 | Progress: 51% | Step: 96/190
2026-05-02 19:20:06 INFO Epoch Progress | Epoch: 15 | Loss: 0.4783 | LR: 4.43764e-05 | Progress: 76% | Step: 144/190
2026-05-02 19:21:35 INFO Epoch Progress | Epoch: 15 | Loss: 0.4855 | LR: 4.35911e-05 | Progress: 100% | Step: 190/190
2026-05-02 19:25:23 INFO CSV Written | Epoch: 15
2026-05-02 19:25:23 INFO Epoch Done | Epoch: 15 | Time: 609.6775 | Train Loss: 0.4816 | Val Accuracy: 0.8684 | Val AUPRC: 0.9355 | Val Auroc: 0.9371 | Val F1: 0.8684 | Val Loss: 0.3892
2026-05-02 19:25:23 INFO Epoch Start | Epoch: 16
2026-05-02 19:25:33 INFO Epoch Progress | Epoch: 16 | Loss: 0.4388 | LR: 4.35741e-05 | Progress: 1% | Step: 1/190
2026-05-02 19:27:03 INFO Epoch Progress | Epoch: 16 | Loss: 0.4601 | LR: 4.27735e-05 | Progress: 25% | Step: 48/190
2026-05-02 19:28:34 INFO Epoch Progress | Epoch: 16 | Loss: 0.4569 | LR: 4.19578e-05 | Progress: 51% | Step: 96/190
2026-05-02 19:30:07 INFO Epoch Progress | Epoch: 16 | Loss: 0.4603 | LR: 4.11443e-05 | Progress: 76% | Step: 144/190
2026-05-02 19:31:34 INFO Epoch Progress | Epoch: 16 | Loss: 0.4670 | LR: 4.0367e-05 | Progress: 100% | Step: 190/190
2026-05-02 19:35:19 INFO CSV Written | Epoch: 16
2026-05-02 19:35:19 INFO Epoch Done | Epoch: 16 | Time: 596.0876 | Train Loss: 0.4603 | Val Accuracy: 0.8697 | Val AUPRC: 0.9323 | Val Auroc: 0.9365 | Val F1: 0.8717 | Val Loss: 0.3857
2026-05-02 19:35:19 INFO Epoch Start | Epoch: 17
2026-05-02 19:35:28 INFO Epoch Progress | Epoch: 17 | Loss: 0.4836 | LR: 4.03501e-05 | Progress: 1% | Step: 1/190
2026-05-02 19:37:02 INFO Epoch Progress | Epoch: 17 | Loss: 0.4431 | LR: 3.95584e-05 | Progress: 25% | Step: 48/190
2026-05-02 19:38:37 INFO Epoch Progress | Epoch: 17 | Loss: 0.4364 | LR: 3.87527e-05 | Progress: 51% | Step: 96/190
2026-05-02 19:40:11 INFO Epoch Progress | Epoch: 17 | Loss: 0.4308 | LR: 3.795e-05 | Progress: 76% | Step: 144/190
2026-05-02 19:41:39 INFO Epoch Progress | Epoch: 17 | Loss: 0.4401 | LR: 3.71839e-05 | Progress: 100% | Step: 190/190
2026-05-02 19:45:27 INFO CSV Written | Epoch: 17
2026-05-02 19:45:27 INFO Epoch Done | Epoch: 17 | Time: 608.2316 | Train Loss: 0.4353 | Val Accuracy: 0.8691 | Val AUPRC: 0.9298 | Val Auroc: 0.9325 | Val F1: 0.8679 | Val Loss: 0.3890
2026-05-02 19:45:27 INFO Epoch Start | Epoch: 18
2026-05-02 19:45:38 INFO Epoch Progress | Epoch: 18 | Loss: 0.4101 | LR: 3.71673e-05 | Progress: 1% | Step: 1/190
2026-05-02 19:47:10 INFO Epoch Progress | Epoch: 18 | Loss: 0.4328 | LR: 3.63879e-05 | Progress: 25% | Step: 48/190
2026-05-02 19:48:45 INFO Epoch Progress | Epoch: 18 | Loss: 0.4155 | LR: 3.55956e-05 | Progress: 51% | Step: 96/190
2026-05-02 19:50:20 INFO Epoch Progress | Epoch: 18 | Loss: 0.4214 | LR: 3.48072e-05 | Progress: 76% | Step: 144/190
2026-05-02 19:51:49 INFO Epoch Progress | Epoch: 18 | Loss: 0.4200 | LR: 3.40556e-05 | Progress: 100% | Step: 190/190
2026-05-02 19:55:35 INFO CSV Written | Epoch: 18
2026-05-02 19:55:35 INFO Epoch Done | Epoch: 18 | Time: 607.7010 | Train Loss: 0.4173 | Val Accuracy: 0.8718 | Val AUPRC: 0.9303 | Val Auroc: 0.9330 | Val F1: 0.8719 | Val Loss: 0.3857
2026-05-02 19:55:35 INFO Early Stop | Epoch: 18
2026-05-02 19:55:35 INFO Stage Done | Run Id: no_gated_s13
2026-05-02 19:55:35 INFO Stage Start | Checkpoint: models/v3.1/train/no_gated_s13/best_model.pth | Run Id: no_gated_s13
2026-05-02 19:55:35 INFO Checkpoint Loaded | Path: models/v3.1/train/no_gated_s13/best_model.pth
2026-05-02 19:55:35 INFO Decision Threshold | Mode: fixed | Value: 0.5000
2026-05-02 20:03:23 INFO Evaluation Metrics | Accuracy: 0.6154 | AUPRC: 0.6860 | Auroc: 0.6661 | F1: 0.6086 | Mcc: 0.2309 | Precision: 0.6197 | Recall: 0.5978 | Sensitivity: 0.5978 | Specificity: 0.6330 | Split: test
2026-05-02 20:03:23 INFO CSV Written | Path: logs/v3.1/evaluate/no_gated_s13/evaluate.csv
2026-05-02 20:03:23 INFO Stage Done | Run Id: no_gated_s13
[rank0]:[W502 20:03:24.119559514 ProcessGroupNCCL.cpp:1553] Warning: WARNING: destroy_process_group() was not called before program exit, which can leak resources. For more info, please see https://pytorch.org/docs/stable/distributed.html#shutdown (function operator())

*****************************************
Setting OMP_NUM_THREADS environment variable for each process to be 1 in default, to avoid your system being overloaded, please further tune the variable for optimal performance in your application as needed. 
*****************************************
INFO:src.pipeline.__main__:Loaded config: configs/v3-1/0430/no_gated_s47.yaml
WARNING:accelerate.utils.other:[RANK 0] Detected kernel version 3.10.0, which is below the recommended minimum of 5.5.0; this can cause the process to hang. It is recommended to upgrade the kernel to the minimum version or higher.
WARNING:py.warnings:/public/home/wangar2023/grand/.venv/lib/python3.11/site-packages/torch/distributed/c10d_logger.py:83: UserWarning: barrier(): using the device under current context. You can specify `device_id` in `init_process_group` to mute this warning.
  return func(*args, **kwargs)

2026-05-02 20:04:32 INFO Pipeline Runtime | Device: cuda:0 | Distributed: True | Test Batches: 1691 | Train Batches: 812 | Valid Batches: 762 | World Size: 4
2026-05-02 20:04:32 INFO Stage Start | Run Id: no_gated_s47
2026-05-02 20:04:35 INFO Train Config | Epochs: 50 | Monitor: auprc | Patience: 10
2026-05-02 20:04:35 INFO Epoch Start | Epoch: 1
2026-05-02 20:04:41 INFO Epoch Progress | Epoch: 1 | Loss: 0.7923 | LR: 4.00023e-06 | Progress: 0% | Step: 1/812
2026-05-02 20:06:39 INFO Epoch Progress | Epoch: 1 | Loss: 0.7186 | LR: 1.30844e-05 | Progress: 25% | Step: 203/812
2026-05-02 20:08:37 INFO Epoch Progress | Epoch: 1 | Loss: 0.7144 | LR: 3.704e-05 | Progress: 50% | Step: 406/812
2026-05-02 20:10:35 INFO Epoch Progress | Epoch: 1 | Loss: 0.6934 | LR: 6.67126e-05 | Progress: 75% | Step: 609/812
2026-05-02 20:12:34 INFO Epoch Progress | Epoch: 1 | Loss: 0.6574 | LR: 9.07628e-05 | Progress: 100% | Step: 812/812
2026-05-02 20:16:26 INFO CSV Written | Epoch: 1
WARNING:py.warnings:/public/home/wangar2023/grand/.venv/lib/python3.11/site-packages/deepspeed/runtime/zero/linear.py:47: FutureWarning: `torch.cuda.amp.custom_fwd(args...)` is deprecated. Please use `torch.amp.custom_fwd(args..., device_type='cuda')` instead.
  @autocast_custom_fwd

WARNING:py.warnings:/public/home/wangar2023/grand/.venv/lib/python3.11/site-packages/deepspeed/runtime/zero/linear.py:66: FutureWarning: `torch.cuda.amp.custom_bwd(args...)` is deprecated. Please use `torch.amp.custom_bwd(args..., device_type='cuda')` instead.
  @autocast_custom_bwd

2026-05-02 20:16:31 INFO Best Saved | Epoch: 1 | Monitor: val_auprc | Value: 0.8461
2026-05-02 20:16:31 INFO Epoch Done | Epoch: 1 | Time: 710.5048 | Train Loss: 0.6592 | Val Accuracy: 0.7664 | Val AUPRC: 0.8461 | Val Auroc: 0.8498 | Val F1: 0.7805 | Val Loss: 0.5121
2026-05-02 20:16:31 INFO Epoch Start | Epoch: 2
2026-05-02 20:16:33 INFO Epoch Progress | Epoch: 2 | Loss: 0.4694 | LR: 9.08503e-05 | Progress: 0% | Step: 1/812
2026-05-02 20:18:30 INFO Epoch Progress | Epoch: 2 | Loss: 0.5075 | LR: 9.99999e-05 | Progress: 25% | Step: 203/812
2026-05-02 20:20:27 INFO Epoch Progress | Epoch: 2 | Loss: 0.4980 | LR: 9.98791e-05 | Progress: 50% | Step: 406/812
2026-05-02 20:22:25 INFO Epoch Progress | Epoch: 2 | Loss: 0.4854 | LR: 9.95152e-05 | Progress: 75% | Step: 609/812
2026-05-02 20:24:22 INFO Epoch Progress | Epoch: 2 | Loss: 0.4780 | LR: 9.89136e-05 | Progress: 100% | Step: 812/812
2026-05-02 20:28:05 INFO CSV Written | Epoch: 2
2026-05-02 20:28:05 INFO Best Saved | Epoch: 2 | Monitor: val_auprc | Value: 0.8922
2026-05-02 20:28:05 INFO Epoch Done | Epoch: 2 | Time: 693.5729 | Train Loss: 0.4770 | Val Accuracy: 0.8117 | Val AUPRC: 0.8922 | Val Auroc: 0.8941 | Val F1: 0.8112 | Val Loss: 0.4584
2026-05-02 20:28:05 INFO Epoch Start | Epoch: 3
2026-05-02 20:28:07 INFO Epoch Progress | Epoch: 3 | Loss: 0.3138 | LR: 9.89101e-05 | Progress: 0% | Step: 1/812
2026-05-02 20:30:05 INFO Epoch Progress | Epoch: 3 | Loss: 0.4364 | LR: 9.80714e-05 | Progress: 25% | Step: 203/812
2026-05-02 20:32:03 INFO Epoch Progress | Epoch: 3 | Loss: 0.4305 | LR: 9.69949e-05 | Progress: 50% | Step: 406/812
2026-05-02 20:34:01 INFO Epoch Progress | Epoch: 3 | Loss: 0.4235 | LR: 9.56895e-05 | Progress: 75% | Step: 609/812
2026-05-02 20:35:59 INFO Epoch Progress | Epoch: 3 | Loss: 0.4210 | LR: 9.41615e-05 | Progress: 100% | Step: 812/812
2026-05-02 20:39:40 INFO CSV Written | Epoch: 3
2026-05-02 20:39:41 INFO Best Saved | Epoch: 3 | Monitor: val_auprc | Value: 0.9157
2026-05-02 20:39:41 INFO Epoch Done | Epoch: 3 | Time: 695.3559 | Train Loss: 0.4205 | Val Accuracy: 0.8354 | Val AUPRC: 0.9157 | Val Auroc: 0.9167 | Val F1: 0.8390 | Val Loss: 0.4098
2026-05-02 20:39:41 INFO Epoch Start | Epoch: 4
2026-05-02 20:39:44 INFO Epoch Progress | Epoch: 4 | Loss: 0.3787 | LR: 9.41535e-05 | Progress: 0% | Step: 1/812
2026-05-02 20:41:42 INFO Epoch Progress | Epoch: 4 | Loss: 0.3810 | LR: 9.24184e-05 | Progress: 25% | Step: 203/812
2026-05-02 20:43:40 INFO Epoch Progress | Epoch: 4 | Loss: 0.3810 | LR: 9.04686e-05 | Progress: 50% | Step: 406/812
2026-05-02 20:45:39 INFO Epoch Progress | Epoch: 4 | Loss: 0.3847 | LR: 8.83216e-05 | Progress: 75% | Step: 609/812
2026-05-02 20:47:37 INFO Epoch Progress | Epoch: 4 | Loss: 0.3846 | LR: 8.59879e-05 | Progress: 100% | Step: 812/812
2026-05-02 20:51:17 INFO CSV Written | Epoch: 4
2026-05-02 20:51:18 INFO Best Saved | Epoch: 4 | Monitor: val_auprc | Value: 0.9256
2026-05-02 20:51:18 INFO Epoch Done | Epoch: 4 | Time: 696.6915 | Train Loss: 0.3846 | Val Accuracy: 0.8469 | Val AUPRC: 0.9256 | Val Auroc: 0.9269 | Val F1: 0.8453 | Val Loss: 0.3912
2026-05-02 20:51:18 INFO Epoch Start | Epoch: 5
2026-05-02 20:51:20 INFO Epoch Progress | Epoch: 5 | Loss: 0.3783 | LR: 8.5976e-05 | Progress: 0% | Step: 1/812
2026-05-02 20:53:18 INFO Epoch Progress | Epoch: 5 | Loss: 0.3578 | LR: 8.3479e-05 | Progress: 25% | Step: 203/812
2026-05-02 20:55:17 INFO Epoch Progress | Epoch: 5 | Loss: 0.3565 | LR: 8.08069e-05 | Progress: 50% | Step: 406/812
2026-05-02 20:57:16 INFO Epoch Progress | Epoch: 5 | Loss: 0.3577 | LR: 7.79847e-05 | Progress: 75% | Step: 609/812
2026-05-02 20:59:14 INFO Epoch Progress | Epoch: 5 | Loss: 0.3570 | LR: 7.50262e-05 | Progress: 100% | Step: 812/812
2026-05-02 21:02:56 INFO CSV Written | Epoch: 5
2026-05-02 21:02:56 INFO Best Saved | Epoch: 5 | Monitor: val_auprc | Value: 0.9316
2026-05-02 21:02:56 INFO Epoch Done | Epoch: 5 | Time: 698.4434 | Train Loss: 0.3550 | Val Accuracy: 0.8549 | Val AUPRC: 0.9316 | Val Auroc: 0.9322 | Val F1: 0.8571 | Val Loss: 0.3863
2026-05-02 21:02:56 INFO Epoch Start | Epoch: 6
2026-05-02 21:03:10 INFO Epoch Progress | Epoch: 6 | Loss: 0.7695 | LR: 7.50113e-05 | Progress: 1% | Step: 1/190
2026-05-02 21:04:43 INFO Epoch Progress | Epoch: 6 | Loss: 0.7051 | LR: 7.43082e-05 | Progress: 25% | Step: 48/190
2026-05-02 21:06:17 INFO Epoch Progress | Epoch: 6 | Loss: 0.6932 | LR: 7.35837e-05 | Progress: 51% | Step: 96/190
2026-05-02 21:07:52 INFO Epoch Progress | Epoch: 6 | Loss: 0.6872 | LR: 7.28527e-05 | Progress: 76% | Step: 144/190
2026-05-02 21:09:21 INFO Epoch Progress | Epoch: 6 | Loss: 0.6844 | LR: 7.21463e-05 | Progress: 100% | Step: 190/190
2026-05-02 21:13:10 INFO CSV Written | Epoch: 6
2026-05-02 21:13:10 INFO Best Saved | Epoch: 6 | Monitor: val_auprc | Value: 0.9358
2026-05-02 21:13:10 INFO Epoch Done | Epoch: 6 | Time: 613.6240 | Train Loss: 0.6814 | Val Accuracy: 0.8622 | Val AUPRC: 0.9358 | Val Auroc: 0.9370 | Val F1: 0.8639 | Val Loss: 0.4769
2026-05-02 21:13:10 INFO Epoch Start | Epoch: 7
2026-05-02 21:13:20 INFO Epoch Progress | Epoch: 7 | Loss: 0.6754 | LR: 7.21309e-05 | Progress: 1% | Step: 1/190
2026-05-02 21:14:54 INFO Epoch Progress | Epoch: 7 | Loss: 0.6630 | LR: 7.14034e-05 | Progress: 25% | Step: 48/190
2026-05-02 21:16:29 INFO Epoch Progress | Epoch: 7 | Loss: 0.6570 | LR: 7.06546e-05 | Progress: 51% | Step: 96/190
2026-05-02 21:18:03 INFO Epoch Progress | Epoch: 7 | Loss: 0.6615 | LR: 6.99001e-05 | Progress: 76% | Step: 144/190
2026-05-02 21:19:32 INFO Epoch Progress | Epoch: 7 | Loss: 0.6605 | LR: 6.9172e-05 | Progress: 100% | Step: 190/190
2026-05-02 21:23:17 INFO CSV Written | Epoch: 7
2026-05-02 21:23:17 INFO Epoch Done | Epoch: 7 | Time: 606.7714 | Train Loss: 0.6582 | Val Accuracy: 0.8634 | Val AUPRC: 0.9352 | Val Auroc: 0.9373 | Val F1: 0.8623 | Val Loss: 0.4910
2026-05-02 21:23:17 INFO Epoch Start | Epoch: 8
2026-05-02 21:23:27 INFO Epoch Progress | Epoch: 8 | Loss: 0.6462 | LR: 6.91561e-05 | Progress: 1% | Step: 1/190
2026-05-02 21:25:00 INFO Epoch Progress | Epoch: 8 | Loss: 0.6412 | LR: 6.84072e-05 | Progress: 25% | Step: 48/190
2026-05-02 21:26:35 INFO Epoch Progress | Epoch: 8 | Loss: 0.6431 | LR: 6.76373e-05 | Progress: 51% | Step: 96/190
2026-05-02 21:28:10 INFO Epoch Progress | Epoch: 8 | Loss: 0.6441 | LR: 6.68626e-05 | Progress: 76% | Step: 144/190
2026-05-02 21:29:39 INFO Epoch Progress | Epoch: 8 | Loss: 0.6424 | LR: 6.61159e-05 | Progress: 100% | Step: 190/190
2026-05-02 21:33:25 INFO CSV Written | Epoch: 8
2026-05-02 21:33:25 INFO Best Saved | Epoch: 8 | Monitor: val_auprc | Value: 0.9363
2026-05-02 21:33:25 INFO Epoch Done | Epoch: 8 | Time: 607.3796 | Train Loss: 0.6416 | Val Accuracy: 0.8640 | Val AUPRC: 0.9363 | Val Auroc: 0.9379 | Val F1: 0.8627 | Val Loss: 0.4687
2026-05-02 21:33:25 INFO Epoch Start | Epoch: 9
2026-05-02 21:33:35 INFO Epoch Progress | Epoch: 9 | Loss: 0.6181 | LR: 6.60996e-05 | Progress: 1% | Step: 1/190
2026-05-02 21:35:08 INFO Epoch Progress | Epoch: 9 | Loss: 0.6177 | LR: 6.53324e-05 | Progress: 25% | Step: 48/190
2026-05-02 21:36:43 INFO Epoch Progress | Epoch: 9 | Loss: 0.6265 | LR: 6.45447e-05 | Progress: 51% | Step: 96/190
2026-05-02 21:38:18 INFO Epoch Progress | Epoch: 9 | Loss: 0.6286 | LR: 6.37531e-05 | Progress: 76% | Step: 144/190
2026-05-02 21:39:46 INFO Epoch Progress | Epoch: 9 | Loss: 0.6315 | LR: 6.29909e-05 | Progress: 100% | Step: 190/190
2026-05-02 21:43:31 INFO CSV Written | Epoch: 9
2026-05-02 21:43:31 INFO Best Saved | Epoch: 9 | Monitor: val_auprc | Value: 0.9364
2026-05-02 21:43:31 INFO Epoch Done | Epoch: 9 | Time: 606.1031 | Train Loss: 0.6273 | Val Accuracy: 0.8650 | Val AUPRC: 0.9364 | Val Auroc: 0.9379 | Val F1: 0.8660 | Val Loss: 0.4623
2026-05-02 21:43:31 INFO Epoch Start | Epoch: 10
2026-05-02 21:43:41 INFO Epoch Progress | Epoch: 10 | Loss: 0.5706 | LR: 6.29743e-05 | Progress: 1% | Step: 1/190
2026-05-02 21:45:14 INFO Epoch Progress | Epoch: 10 | Loss: 0.6173 | LR: 6.21922e-05 | Progress: 25% | Step: 48/190
2026-05-02 21:46:48 INFO Epoch Progress | Epoch: 10 | Loss: 0.6130 | LR: 6.13901e-05 | Progress: 51% | Step: 96/190
2026-05-02 21:48:23 INFO Epoch Progress | Epoch: 10 | Loss: 0.6137 | LR: 6.05849e-05 | Progress: 76% | Step: 144/190
2026-05-02 21:49:51 INFO Epoch Progress | Epoch: 10 | Loss: 0.6150 | LR: 5.98105e-05 | Progress: 100% | Step: 190/190
2026-05-02 21:53:39 INFO CSV Written | Epoch: 10
2026-05-02 21:53:39 INFO Epoch Done | Epoch: 10 | Time: 607.5613 | Train Loss: 0.6090 | Val Accuracy: 0.8656 | Val AUPRC: 0.9344 | Val Auroc: 0.9377 | Val F1: 0.8665 | Val Loss: 0.4327
2026-05-02 21:53:39 INFO Epoch Start | Epoch: 11
2026-05-02 21:53:49 INFO Epoch Progress | Epoch: 11 | Loss: 0.4628 | LR: 5.97937e-05 | Progress: 1% | Step: 1/190
2026-05-02 21:55:22 INFO Epoch Progress | Epoch: 11 | Loss: 0.5815 | LR: 5.90168e-05 | Progress: 25% | Step: 48/190
2026-05-02 21:56:57 INFO Epoch Progress | Epoch: 11 | Loss: 0.5961 | LR: 5.82038e-05 | Progress: 51% | Step: 96/190
2026-05-02 21:58:32 INFO Epoch Progress | Epoch: 11 | Loss: 0.5942 | LR: 5.73885e-05 | Progress: 76% | Step: 144/190
2026-05-02 22:00:01 INFO Epoch Progress | Epoch: 11 | Loss: 0.5975 | LR: 5.66053e-05 | Progress: 100% | Step: 190/190
2026-05-02 22:03:49 INFO CSV Written | Epoch: 11
2026-05-02 22:03:50 INFO Best Saved | Epoch: 11 | Monitor: val_auprc | Value: 0.9375
2026-05-02 22:03:50 INFO Epoch Done | Epoch: 11 | Time: 610.5132 | Train Loss: 0.5884 | Val Accuracy: 0.8677 | Val AUPRC: 0.9375 | Val Auroc: 0.9396 | Val F1: 0.8701 | Val Loss: 0.4264
2026-05-02 22:03:50 INFO Epoch Start | Epoch: 12
2026-05-02 22:03:59 INFO Epoch Progress | Epoch: 12 | Loss: 0.6065 | LR: 5.65883e-05 | Progress: 1% | Step: 1/190
2026-05-02 22:05:32 INFO Epoch Progress | Epoch: 12 | Loss: 0.5825 | LR: 5.57863e-05 | Progress: 25% | Step: 48/190
2026-05-02 22:07:06 INFO Epoch Progress | Epoch: 12 | Loss: 0.5674 | LR: 5.49657e-05 | Progress: 51% | Step: 96/190
2026-05-02 22:08:41 INFO Epoch Progress | Epoch: 12 | Loss: 0.5749 | LR: 5.41438e-05 | Progress: 76% | Step: 144/190
2026-05-02 22:10:10 INFO Epoch Progress | Epoch: 12 | Loss: 0.5727 | LR: 5.33551e-05 | Progress: 100% | Step: 190/190
2026-05-02 22:13:58 INFO CSV Written | Epoch: 12
2026-05-02 22:13:58 INFO Epoch Done | Epoch: 12 | Time: 608.5801 | Train Loss: 0.5663 | Val Accuracy: 0.8686 | Val AUPRC: 0.9349 | Val Auroc: 0.9381 | Val F1: 0.8700 | Val Loss: 0.4107
2026-05-02 22:13:58 INFO Epoch Start | Epoch: 13
2026-05-02 22:14:09 INFO Epoch Progress | Epoch: 13 | Loss: 0.5427 | LR: 5.33379e-05 | Progress: 1% | Step: 1/190
2026-05-02 22:15:41 INFO Epoch Progress | Epoch: 13 | Loss: 0.5280 | LR: 5.25311e-05 | Progress: 25% | Step: 48/190
2026-05-02 22:17:15 INFO Epoch Progress | Epoch: 13 | Loss: 0.5297 | LR: 5.17065e-05 | Progress: 51% | Step: 96/190
2026-05-02 22:18:48 INFO Epoch Progress | Epoch: 13 | Loss: 0.5406 | LR: 5.08814e-05 | Progress: 76% | Step: 144/190
2026-05-02 22:20:15 INFO Epoch Progress | Epoch: 13 | Loss: 0.5483 | LR: 5.00905e-05 | Progress: 100% | Step: 190/190
2026-05-02 22:23:59 INFO CSV Written | Epoch: 13
2026-05-02 22:23:59 INFO Epoch Done | Epoch: 13 | Time: 601.1328 | Train Loss: 0.5433 | Val Accuracy: 0.8700 | Val AUPRC: 0.9334 | Val Auroc: 0.9370 | Val F1: 0.8689 | Val Loss: 0.4040
2026-05-02 22:23:59 INFO Epoch Start | Epoch: 14
2026-05-02 22:24:09 INFO Epoch Progress | Epoch: 14 | Loss: 0.5789 | LR: 5.00733e-05 | Progress: 1% | Step: 1/190
2026-05-02 22:25:42 INFO Epoch Progress | Epoch: 14 | Loss: 0.5204 | LR: 4.92651e-05 | Progress: 25% | Step: 48/190
2026-05-02 22:27:17 INFO Epoch Progress | Epoch: 14 | Loss: 0.5316 | LR: 4.844e-05 | Progress: 51% | Step: 96/190
2026-05-02 22:28:51 INFO Epoch Progress | Epoch: 14 | Loss: 0.5214 | LR: 4.76153e-05 | Progress: 76% | Step: 144/190
2026-05-02 22:30:20 INFO Epoch Progress | Epoch: 14 | Loss: 0.5223 | LR: 4.68255e-05 | Progress: 100% | Step: 190/190
2026-05-02 22:34:04 INFO CSV Written | Epoch: 14
2026-05-02 22:34:04 INFO Epoch Done | Epoch: 14 | Time: 604.6589 | Train Loss: 0.5147 | Val Accuracy: 0.8706 | Val AUPRC: 0.9359 | Val Auroc: 0.9377 | Val F1: 0.8690 | Val Loss: 0.3915
2026-05-02 22:34:04 INFO Epoch Start | Epoch: 15
2026-05-02 22:34:14 INFO Epoch Progress | Epoch: 15 | Loss: 0.6706 | LR: 4.68083e-05 | Progress: 1% | Step: 1/190
2026-05-02 22:35:46 INFO Epoch Progress | Epoch: 15 | Loss: 0.4898 | LR: 4.60023e-05 | Progress: 25% | Step: 48/190
2026-05-02 22:37:20 INFO Epoch Progress | Epoch: 15 | Loss: 0.4885 | LR: 4.51801e-05 | Progress: 51% | Step: 96/190
2026-05-02 22:38:54 INFO Epoch Progress | Epoch: 15 | Loss: 0.5016 | LR: 4.43593e-05 | Progress: 76% | Step: 144/190
2026-05-02 22:40:23 INFO Epoch Progress | Epoch: 15 | Loss: 0.5051 | LR: 4.35741e-05 | Progress: 100% | Step: 190/190
2026-05-02 22:44:07 INFO CSV Written | Epoch: 15
2026-05-02 22:44:07 INFO Epoch Done | Epoch: 15 | Time: 603.4270 | Train Loss: 0.4924 | Val Accuracy: 0.8704 | Val AUPRC: 0.9345 | Val Auroc: 0.9370 | Val F1: 0.8697 | Val Loss: 0.3912
2026-05-02 22:44:07 INFO Epoch Start | Epoch: 16
2026-05-02 22:44:17 INFO Epoch Progress | Epoch: 16 | Loss: 0.6797 | LR: 4.3557e-05 | Progress: 1% | Step: 1/190
2026-05-02 22:45:51 INFO Epoch Progress | Epoch: 16 | Loss: 0.4645 | LR: 4.27565e-05 | Progress: 25% | Step: 48/190
2026-05-02 22:47:25 INFO Epoch Progress | Epoch: 16 | Loss: 0.4724 | LR: 4.19408e-05 | Progress: 51% | Step: 96/190
2026-05-02 22:49:00 INFO Epoch Progress | Epoch: 16 | Loss: 0.4754 | LR: 4.11274e-05 | Progress: 76% | Step: 144/190
2026-05-02 22:50:28 INFO Epoch Progress | Epoch: 16 | Loss: 0.4738 | LR: 4.03501e-05 | Progress: 100% | Step: 190/190
2026-05-02 22:54:14 INFO CSV Written | Epoch: 16
2026-05-02 22:54:14 INFO Epoch Done | Epoch: 16 | Time: 606.0752 | Train Loss: 0.4659 | Val Accuracy: 0.8688 | Val AUPRC: 0.9319 | Val Auroc: 0.9357 | Val F1: 0.8692 | Val Loss: 0.3891
2026-05-02 22:54:14 INFO Epoch Start | Epoch: 17
2026-05-02 22:54:24 INFO Epoch Progress | Epoch: 17 | Loss: 0.3495 | LR: 4.03332e-05 | Progress: 1% | Step: 1/190
2026-05-02 22:55:57 INFO Epoch Progress | Epoch: 17 | Loss: 0.4296 | LR: 3.95416e-05 | Progress: 25% | Step: 48/190
2026-05-02 22:57:33 INFO Epoch Progress | Epoch: 17 | Loss: 0.4519 | LR: 3.87359e-05 | Progress: 51% | Step: 96/190
2026-05-02 22:59:08 INFO Epoch Progress | Epoch: 17 | Loss: 0.4496 | LR: 3.79334e-05 | Progress: 76% | Step: 144/190
2026-05-02 23:00:37 INFO Epoch Progress | Epoch: 17 | Loss: 0.4556 | LR: 3.71673e-05 | Progress: 100% | Step: 190/190
2026-05-02 23:04:24 INFO CSV Written | Epoch: 17
2026-05-02 23:04:24 INFO Epoch Done | Epoch: 17 | Time: 610.1125 | Train Loss: 0.4471 | Val Accuracy: 0.8704 | Val AUPRC: 0.9275 | Val Auroc: 0.9335 | Val F1: 0.8728 | Val Loss: 0.3888
2026-05-02 23:04:24 INFO Epoch Start | Epoch: 18
2026-05-02 23:04:33 INFO Epoch Progress | Epoch: 18 | Loss: 0.3392 | LR: 3.71507e-05 | Progress: 1% | Step: 1/190
2026-05-02 23:06:06 INFO Epoch Progress | Epoch: 18 | Loss: 0.4023 | LR: 3.63714e-05 | Progress: 25% | Step: 48/190
2026-05-02 23:07:40 INFO Epoch Progress | Epoch: 18 | Loss: 0.4101 | LR: 3.55791e-05 | Progress: 51% | Step: 96/190
2026-05-02 23:09:16 INFO Epoch Progress | Epoch: 18 | Loss: 0.4245 | LR: 3.47908e-05 | Progress: 76% | Step: 144/190
2026-05-02 23:10:44 INFO Epoch Progress | Epoch: 18 | Loss: 0.4328 | LR: 3.40393e-05 | Progress: 100% | Step: 190/190
2026-05-02 23:14:32 INFO CSV Written | Epoch: 18
2026-05-02 23:14:32 INFO Epoch Done | Epoch: 18 | Time: 607.9679 | Train Loss: 0.4239 | Val Accuracy: 0.8730 | Val AUPRC: 0.9277 | Val Auroc: 0.9319 | Val F1: 0.8734 | Val Loss: 0.3855
2026-05-02 23:14:32 INFO Epoch Start | Epoch: 19
2026-05-02 23:14:41 INFO Epoch Progress | Epoch: 19 | Loss: 0.5498 | LR: 3.4023e-05 | Progress: 1% | Step: 1/190
2026-05-02 23:16:13 INFO Epoch Progress | Epoch: 19 | Loss: 0.4169 | LR: 3.32593e-05 | Progress: 25% | Step: 48/190
2026-05-02 23:17:48 INFO Epoch Progress | Epoch: 19 | Loss: 0.4124 | LR: 3.24839e-05 | Progress: 51% | Step: 96/190
2026-05-02 23:19:22 INFO Epoch Progress | Epoch: 19 | Loss: 0.4060 | LR: 3.17132e-05 | Progress: 76% | Step: 144/190
2026-05-02 23:20:51 INFO Epoch Progress | Epoch: 19 | Loss: 0.4079 | LR: 3.09794e-05 | Progress: 100% | Step: 190/190
2026-05-02 23:24:39 INFO CSV Written | Epoch: 19
2026-05-02 23:24:39 INFO Epoch Done | Epoch: 19 | Time: 607.4096 | Train Loss: 0.4020 | Val Accuracy: 0.8727 | Val AUPRC: 0.9255 | Val Auroc: 0.9324 | Val F1: 0.8727 | Val Loss: 0.3859
2026-05-02 23:24:39 INFO Epoch Start | Epoch: 20
2026-05-02 23:24:48 INFO Epoch Progress | Epoch: 20 | Loss: 0.4366 | LR: 3.09635e-05 | Progress: 1% | Step: 1/190
2026-05-02 23:26:21 INFO Epoch Progress | Epoch: 20 | Loss: 0.3932 | LR: 3.02187e-05 | Progress: 25% | Step: 48/190
2026-05-02 23:27:56 INFO Epoch Progress | Epoch: 20 | Loss: 0.3826 | LR: 2.9479e-05 | Progress: 51% | Step: 96/190
2026-05-02 23:29:30 INFO Epoch Progress | Epoch: 20 | Loss: 0.3896 | LR: 2.87292e-05 | Progress: 76% | Step: 144/190
2026-05-02 23:30:59 INFO Epoch Progress | Epoch: 20 | Loss: 0.3943 | LR: 2.80161e-05 | Progress: 100% | Step: 190/190
2026-05-02 23:34:48 INFO CSV Written | Epoch: 20
2026-05-02 23:34:48 INFO Epoch Done | Epoch: 20 | Time: 609.2250 | Train Loss: 0.3847 | Val Accuracy: 0.8729 | Val AUPRC: 0.9206 | Val Auroc: 0.9319 | Val F1: 0.8750 | Val Loss: 0.3881
2026-05-02 23:34:48 INFO Epoch Start | Epoch: 21
2026-05-02 23:34:58 INFO Epoch Progress | Epoch: 21 | Loss: 0.2861 | LR: 2.80006e-05 | Progress: 1% | Step: 1/190
2026-05-02 23:36:31 INFO Epoch Progress | Epoch: 21 | Loss: 0.3733 | LR: 2.72778e-05 | Progress: 25% | Step: 48/190
2026-05-02 23:38:05 INFO Epoch Progress | Epoch: 21 | Loss: 0.3819 | LR: 2.65457e-05 | Progress: 51% | Step: 96/190
2026-05-02 23:39:40 INFO Epoch Progress | Epoch: 21 | Loss: 0.3789 | LR: 2.582e-05 | Progress: 76% | Step: 144/190
2026-05-02 23:41:08 INFO Epoch Progress | Epoch: 21 | Loss: 0.3798 | LR: 2.51307e-05 | Progress: 100% | Step: 190/190
2026-05-02 23:44:54 INFO CSV Written | Epoch: 21
2026-05-02 23:44:54 INFO Epoch Done | Epoch: 21 | Time: 605.1571 | Train Loss: 0.3724 | Val Accuracy: 0.8737 | Val AUPRC: 0.9217 | Val Auroc: 0.9302 | Val F1: 0.8739 | Val Loss: 0.3940
2026-05-02 23:44:54 INFO Early Stop | Epoch: 21
2026-05-02 23:44:54 INFO Stage Done | Run Id: no_gated_s47
2026-05-02 23:44:54 INFO Stage Start | Checkpoint: models/v3.1/train/no_gated_s47/best_model.pth | Run Id: no_gated_s47
2026-05-02 23:44:54 INFO Checkpoint Loaded | Path: models/v3.1/train/no_gated_s47/best_model.pth
2026-05-02 23:44:54 INFO Decision Threshold | Mode: fixed | Value: 0.5000
2026-05-02 23:52:41 INFO Evaluation Metrics | Accuracy: 0.6119 | AUPRC: 0.6883 | Auroc: 0.6643 | F1: 0.6117 | Mcc: 0.2238 | Precision: 0.6121 | Recall: 0.6113 | Sensitivity: 0.6113 | Specificity: 0.6125 | Split: test
2026-05-02 23:52:41 INFO CSV Written | Path: logs/v3.1/evaluate/no_gated_s47/evaluate.csv
2026-05-02 23:52:41 INFO Stage Done | Run Id: no_gated_s47
[rank0]:[W502 23:52:43.258993268 ProcessGroupNCCL.cpp:1553] Warning: WARNING: destroy_process_group() was not called before program exit, which can leak resources. For more info, please see https://pytorch.org/docs/stable/distributed.html#shutdown (function operator())

*****************************************
Setting OMP_NUM_THREADS environment variable for each process to be 1 in default, to avoid your system being overloaded, please further tune the variable for optimal performance in your application as needed. 
*****************************************
INFO:src.pipeline.__main__:Loaded config: configs/v3-1/0430/no_max_s101.yaml
WARNING:accelerate.utils.other:[RANK 0] Detected kernel version 3.10.0, which is below the recommended minimum of 5.5.0; this can cause the process to hang. It is recommended to upgrade the kernel to the minimum version or higher.
WARNING:py.warnings:/public/home/wangar2023/grand/.venv/lib/python3.11/site-packages/torch/distributed/c10d_logger.py:83: UserWarning: barrier(): using the device under current context. You can specify `device_id` in `init_process_group` to mute this warning.
  return func(*args, **kwargs)

2026-05-02 23:53:49 INFO Pipeline Runtime | Device: cuda:0 | Distributed: True | Test Batches: 1691 | Train Batches: 812 | Valid Batches: 762 | World Size: 4
2026-05-02 23:53:49 INFO Stage Start | Run Id: no_max_s101
2026-05-02 23:53:52 INFO Train Config | Epochs: 50 | Monitor: auprc | Patience: 10
2026-05-02 23:53:52 INFO Epoch Start | Epoch: 1
2026-05-02 23:53:57 INFO Epoch Progress | Epoch: 1 | Loss: 0.8473 | LR: 4e-06 | Progress: 0% | Step: 1/812
2026-05-02 23:55:55 INFO Epoch Progress | Epoch: 1 | Loss: 0.7394 | LR: 1.30844e-05 | Progress: 25% | Step: 203/812
2026-05-02 23:57:52 INFO Epoch Progress | Epoch: 1 | Loss: 0.7249 | LR: 3.704e-05 | Progress: 50% | Step: 406/812
2026-05-02 23:59:50 INFO Epoch Progress | Epoch: 1 | Loss: 0.6944 | LR: 6.67126e-05 | Progress: 75% | Step: 609/812
2026-05-03 00:01:48 INFO Epoch Progress | Epoch: 1 | Loss: 0.6586 | LR: 9.07628e-05 | Progress: 100% | Step: 812/812
2026-05-03 00:05:33 INFO CSV Written | Epoch: 1
WARNING:py.warnings:/public/home/wangar2023/grand/.venv/lib/python3.11/site-packages/deepspeed/runtime/zero/linear.py:47: FutureWarning: `torch.cuda.amp.custom_fwd(args...)` is deprecated. Please use `torch.amp.custom_fwd(args..., device_type='cuda')` instead.
  @autocast_custom_fwd

WARNING:py.warnings:/public/home/wangar2023/grand/.venv/lib/python3.11/site-packages/deepspeed/runtime/zero/linear.py:66: FutureWarning: `torch.cuda.amp.custom_bwd(args...)` is deprecated. Please use `torch.amp.custom_bwd(args..., device_type='cuda')` instead.
  @autocast_custom_bwd

2026-05-03 00:05:39 INFO Best Saved | Epoch: 1 | Monitor: val_auprc | Value: 0.8439
2026-05-03 00:05:39 INFO Epoch Done | Epoch: 1 | Time: 701.3257 | Train Loss: 0.6554 | Val Accuracy: 0.7643 | Val AUPRC: 0.8439 | Val Auroc: 0.8500 | Val F1: 0.7498 | Val Loss: 0.5124
2026-05-03 00:05:39 INFO Epoch Start | Epoch: 2
2026-05-03 00:05:41 INFO Epoch Progress | Epoch: 2 | Loss: 0.3505 | LR: 9.08503e-05 | Progress: 0% | Step: 1/812
2026-05-03 00:07:38 INFO Epoch Progress | Epoch: 2 | Loss: 0.5036 | LR: 9.99999e-05 | Progress: 25% | Step: 203/812
2026-05-03 00:09:35 INFO Epoch Progress | Epoch: 2 | Loss: 0.4903 | LR: 9.98791e-05 | Progress: 50% | Step: 406/812
2026-05-03 00:11:32 INFO Epoch Progress | Epoch: 2 | Loss: 0.4864 | LR: 9.95152e-05 | Progress: 75% | Step: 609/812
2026-05-03 00:13:29 INFO Epoch Progress | Epoch: 2 | Loss: 0.4794 | LR: 9.89101e-05 | Progress: 100% | Step: 812/812
2026-05-03 00:17:10 INFO CSV Written | Epoch: 2
2026-05-03 00:17:10 INFO Best Saved | Epoch: 2 | Monitor: val_auprc | Value: 0.8959
2026-05-03 00:17:10 INFO Epoch Done | Epoch: 2 | Time: 691.0193 | Train Loss: 0.4791 | Val Accuracy: 0.8154 | Val AUPRC: 0.8959 | Val Auroc: 0.8975 | Val F1: 0.8152 | Val Loss: 0.4406
2026-05-03 00:17:10 INFO Epoch Start | Epoch: 3
2026-05-03 00:17:12 INFO Epoch Progress | Epoch: 3 | Loss: 0.4478 | LR: 9.89065e-05 | Progress: 0% | Step: 1/812
2026-05-03 00:19:09 INFO Epoch Progress | Epoch: 3 | Loss: 0.4316 | LR: 9.80666e-05 | Progress: 25% | Step: 203/812
2026-05-03 00:21:06 INFO Epoch Progress | Epoch: 3 | Loss: 0.4306 | LR: 9.69891e-05 | Progress: 50% | Step: 406/812
2026-05-03 00:23:04 INFO Epoch Progress | Epoch: 3 | Loss: 0.4254 | LR: 9.56895e-05 | Progress: 75% | Step: 609/812
2026-05-03 00:25:00 INFO Epoch Progress | Epoch: 3 | Loss: 0.4234 | LR: 9.41615e-05 | Progress: 100% | Step: 812/812
2026-05-03 00:28:44 INFO CSV Written | Epoch: 3
2026-05-03 00:28:44 INFO Best Saved | Epoch: 3 | Monitor: val_auprc | Value: 0.9141
2026-05-03 00:28:44 INFO Epoch Done | Epoch: 3 | Time: 693.3843 | Train Loss: 0.4240 | Val Accuracy: 0.8340 | Val AUPRC: 0.9141 | Val Auroc: 0.9153 | Val F1: 0.8306 | Val Loss: 0.4177
2026-05-03 00:28:44 INFO Epoch Start | Epoch: 4
2026-05-03 00:28:46 INFO Epoch Progress | Epoch: 4 | Loss: 0.5133 | LR: 9.41535e-05 | Progress: 0% | Step: 1/812
2026-05-03 00:30:43 INFO Epoch Progress | Epoch: 4 | Loss: 0.3893 | LR: 9.24184e-05 | Progress: 25% | Step: 203/812
2026-05-03 00:32:40 INFO Epoch Progress | Epoch: 4 | Loss: 0.3887 | LR: 9.04686e-05 | Progress: 50% | Step: 406/812
2026-05-03 00:34:37 INFO Epoch Progress | Epoch: 4 | Loss: 0.3859 | LR: 8.83216e-05 | Progress: 75% | Step: 609/812
2026-05-03 00:36:34 INFO Epoch Progress | Epoch: 4 | Loss: 0.3846 | LR: 8.59879e-05 | Progress: 100% | Step: 812/812
2026-05-03 00:40:17 INFO CSV Written | Epoch: 4
2026-05-03 00:40:18 INFO Best Saved | Epoch: 4 | Monitor: val_auprc | Value: 0.9239
2026-05-03 00:40:18 INFO Epoch Done | Epoch: 4 | Time: 693.4334 | Train Loss: 0.3849 | Val Accuracy: 0.8416 | Val AUPRC: 0.9239 | Val Auroc: 0.9243 | Val F1: 0.8366 | Val Loss: 0.4011
2026-05-03 00:40:18 INFO Epoch Start | Epoch: 5
2026-05-03 00:40:20 INFO Epoch Progress | Epoch: 5 | Loss: 0.3394 | LR: 8.5976e-05 | Progress: 0% | Step: 1/812
2026-05-03 00:42:17 INFO Epoch Progress | Epoch: 5 | Loss: 0.3516 | LR: 8.34917e-05 | Progress: 25% | Step: 203/812
2026-05-03 00:44:14 INFO Epoch Progress | Epoch: 5 | Loss: 0.3495 | LR: 8.08204e-05 | Progress: 50% | Step: 406/812
2026-05-03 00:46:11 INFO Epoch Progress | Epoch: 5 | Loss: 0.3539 | LR: 7.79989e-05 | Progress: 75% | Step: 609/812
2026-05-03 00:48:09 INFO Epoch Progress | Epoch: 5 | Loss: 0.3571 | LR: 7.5041e-05 | Progress: 100% | Step: 812/812
2026-05-03 00:51:50 INFO CSV Written | Epoch: 5
2026-05-03 00:51:50 INFO Best Saved | Epoch: 5 | Monitor: val_auprc | Value: 0.9308
2026-05-03 00:51:50 INFO Epoch Done | Epoch: 5 | Time: 692.5675 | Train Loss: 0.3533 | Val Accuracy: 0.8572 | Val AUPRC: 0.9308 | Val Auroc: 0.9321 | Val F1: 0.8549 | Val Loss: 0.3856
2026-05-03 00:51:50 INFO Epoch Start | Epoch: 6
2026-05-03 00:52:05 INFO Epoch Progress | Epoch: 6 | Loss: 1.0061 | LR: 7.50262e-05 | Progress: 1% | Step: 1/190
2026-05-03 00:53:39 INFO Epoch Progress | Epoch: 6 | Loss: 0.6966 | LR: 7.43233e-05 | Progress: 25% | Step: 48/190
2026-05-03 00:55:13 INFO Epoch Progress | Epoch: 6 | Loss: 0.6905 | LR: 7.35988e-05 | Progress: 51% | Step: 96/190
2026-05-03 00:56:48 INFO Epoch Progress | Epoch: 6 | Loss: 0.6874 | LR: 7.2868e-05 | Progress: 76% | Step: 144/190
2026-05-03 00:58:16 INFO Epoch Progress | Epoch: 6 | Loss: 0.6836 | LR: 7.21618e-05 | Progress: 100% | Step: 190/190
2026-05-03 01:02:11 INFO CSV Written | Epoch: 6
2026-05-03 01:02:11 INFO Best Saved | Epoch: 6 | Monitor: val_auprc | Value: 0.9368
2026-05-03 01:02:11 INFO Epoch Done | Epoch: 6 | Time: 620.1254 | Train Loss: 0.6795 | Val Accuracy: 0.8666 | Val AUPRC: 0.9368 | Val Auroc: 0.9384 | Val F1: 0.8671 | Val Loss: 0.4877
2026-05-03 01:02:11 INFO Epoch Start | Epoch: 7
2026-05-03 01:02:21 INFO Epoch Progress | Epoch: 7 | Loss: 0.6815 | LR: 7.21463e-05 | Progress: 1% | Step: 1/190
2026-05-03 01:03:52 INFO Epoch Progress | Epoch: 7 | Loss: 0.6533 | LR: 7.14189e-05 | Progress: 25% | Step: 48/190
2026-05-03 01:05:26 INFO Epoch Progress | Epoch: 7 | Loss: 0.6565 | LR: 7.06702e-05 | Progress: 51% | Step: 96/190
2026-05-03 01:06:59 INFO Epoch Progress | Epoch: 7 | Loss: 0.6574 | LR: 6.99159e-05 | Progress: 76% | Step: 144/190
2026-05-03 01:08:27 INFO Epoch Progress | Epoch: 7 | Loss: 0.6578 | LR: 6.91879e-05 | Progress: 100% | Step: 190/190
2026-05-03 01:12:13 INFO CSV Written | Epoch: 7
2026-05-03 01:12:13 INFO Epoch Done | Epoch: 7 | Time: 602.5056 | Train Loss: 0.6527 | Val Accuracy: 0.8632 | Val AUPRC: 0.9342 | Val Auroc: 0.9363 | Val F1: 0.8636 | Val Loss: 0.4623
2026-05-03 01:12:13 INFO Epoch Start | Epoch: 8
2026-05-03 01:12:24 INFO Epoch Progress | Epoch: 8 | Loss: 0.5924 | LR: 6.9172e-05 | Progress: 1% | Step: 1/190
2026-05-03 01:13:55 INFO Epoch Progress | Epoch: 8 | Loss: 0.6326 | LR: 6.84231e-05 | Progress: 25% | Step: 48/190
2026-05-03 01:15:30 INFO Epoch Progress | Epoch: 8 | Loss: 0.6382 | LR: 6.76534e-05 | Progress: 51% | Step: 96/190
2026-05-03 01:17:04 INFO Epoch Progress | Epoch: 8 | Loss: 0.6412 | LR: 6.68788e-05 | Progress: 76% | Step: 144/190
2026-05-03 01:18:32 INFO Epoch Progress | Epoch: 8 | Loss: 0.6426 | LR: 6.61321e-05 | Progress: 100% | Step: 190/190
2026-05-03 01:22:19 INFO CSV Written | Epoch: 8
2026-05-03 01:22:19 INFO Epoch Done | Epoch: 8 | Time: 605.1790 | Train Loss: 0.6369 | Val Accuracy: 0.8627 | Val AUPRC: 0.9341 | Val Auroc: 0.9365 | Val F1: 0.8614 | Val Loss: 0.4594
2026-05-03 01:22:19 INFO Epoch Start | Epoch: 9
2026-05-03 01:22:27 INFO Epoch Progress | Epoch: 9 | Loss: 0.5685 | LR: 6.61159e-05 | Progress: 1% | Step: 1/190
2026-05-03 01:24:00 INFO Epoch Progress | Epoch: 9 | Loss: 0.6208 | LR: 6.53487e-05 | Progress: 25% | Step: 48/190
2026-05-03 01:25:34 INFO Epoch Progress | Epoch: 9 | Loss: 0.6251 | LR: 6.45612e-05 | Progress: 51% | Step: 96/190
2026-05-03 01:27:06 INFO Epoch Progress | Epoch: 9 | Loss: 0.6298 | LR: 6.37696e-05 | Progress: 76% | Step: 144/190
2026-05-03 01:28:34 INFO Epoch Progress | Epoch: 9 | Loss: 0.6287 | LR: 6.30075e-05 | Progress: 100% | Step: 190/190
2026-05-03 01:32:18 INFO CSV Written | Epoch: 9
2026-05-03 01:32:18 INFO Epoch Done | Epoch: 9 | Time: 599.4778 | Train Loss: 0.6209 | Val Accuracy: 0.8688 | Val AUPRC: 0.9353 | Val Auroc: 0.9381 | Val F1: 0.8692 | Val Loss: 0.4299
2026-05-03 01:32:18 INFO Epoch Start | Epoch: 10
2026-05-03 01:32:28 INFO Epoch Progress | Epoch: 10 | Loss: 0.6443 | LR: 6.29909e-05 | Progress: 1% | Step: 1/190
2026-05-03 01:33:59 INFO Epoch Progress | Epoch: 10 | Loss: 0.5941 | LR: 6.22088e-05 | Progress: 25% | Step: 48/190
2026-05-03 01:35:34 INFO Epoch Progress | Epoch: 10 | Loss: 0.5970 | LR: 6.14068e-05 | Progress: 51% | Step: 96/190
2026-05-03 01:37:09 INFO Epoch Progress | Epoch: 10 | Loss: 0.6028 | LR: 6.06017e-05 | Progress: 76% | Step: 144/190
2026-05-03 01:38:38 INFO Epoch Progress | Epoch: 10 | Loss: 0.6098 | LR: 5.98274e-05 | Progress: 100% | Step: 190/190
2026-05-03 01:42:24 INFO CSV Written | Epoch: 10
2026-05-03 01:42:24 INFO Epoch Done | Epoch: 10 | Time: 605.5539 | Train Loss: 0.6007 | Val Accuracy: 0.8674 | Val AUPRC: 0.9348 | Val Auroc: 0.9371 | Val F1: 0.8680 | Val Loss: 0.4476
2026-05-03 01:42:24 INFO Epoch Start | Epoch: 11
2026-05-03 01:42:34 INFO Epoch Progress | Epoch: 11 | Loss: 0.6649 | LR: 5.98105e-05 | Progress: 1% | Step: 1/190
2026-05-03 01:44:07 INFO Epoch Progress | Epoch: 11 | Loss: 0.5854 | LR: 5.90168e-05 | Progress: 25% | Step: 48/190
2026-05-03 01:45:40 INFO Epoch Progress | Epoch: 11 | Loss: 0.5980 | LR: 5.82038e-05 | Progress: 51% | Step: 96/190
2026-05-03 01:47:13 INFO Epoch Progress | Epoch: 11 | Loss: 0.5928 | LR: 5.73885e-05 | Progress: 76% | Step: 144/190
2026-05-03 01:48:41 INFO Epoch Progress | Epoch: 11 | Loss: 0.5904 | LR: 5.66053e-05 | Progress: 100% | Step: 190/190
2026-05-03 01:52:24 INFO CSV Written | Epoch: 11
2026-05-03 01:52:24 INFO Epoch Done | Epoch: 11 | Time: 600.8017 | Train Loss: 0.5811 | Val Accuracy: 0.8693 | Val AUPRC: 0.9367 | Val Auroc: 0.9387 | Val F1: 0.8693 | Val Loss: 0.4128
2026-05-03 01:52:24 INFO Epoch Start | Epoch: 12
2026-05-03 01:52:34 INFO Epoch Progress | Epoch: 12 | Loss: 0.4651 | LR: 5.65883e-05 | Progress: 1% | Step: 1/190
2026-05-03 01:54:07 INFO Epoch Progress | Epoch: 12 | Loss: 0.5619 | LR: 5.57863e-05 | Progress: 25% | Step: 48/190
2026-05-03 01:55:41 INFO Epoch Progress | Epoch: 12 | Loss: 0.5664 | LR: 5.49657e-05 | Progress: 51% | Step: 96/190
2026-05-03 01:57:15 INFO Epoch Progress | Epoch: 12 | Loss: 0.5621 | LR: 5.41438e-05 | Progress: 76% | Step: 144/190
2026-05-03 01:58:43 INFO Epoch Progress | Epoch: 12 | Loss: 0.5621 | LR: 5.33551e-05 | Progress: 100% | Step: 190/190
2026-05-03 02:02:28 INFO CSV Written | Epoch: 12
2026-05-03 02:02:28 INFO Epoch Done | Epoch: 12 | Time: 603.1708 | Train Loss: 0.5545 | Val Accuracy: 0.8682 | Val AUPRC: 0.9351 | Val Auroc: 0.9376 | Val F1: 0.8663 | Val Loss: 0.4028
2026-05-03 02:02:28 INFO Epoch Start | Epoch: 13
2026-05-03 02:02:37 INFO Epoch Progress | Epoch: 13 | Loss: 0.5297 | LR: 5.33379e-05 | Progress: 1% | Step: 1/190
2026-05-03 02:04:10 INFO Epoch Progress | Epoch: 13 | Loss: 0.5239 | LR: 5.25483e-05 | Progress: 25% | Step: 48/190
2026-05-03 02:05:44 INFO Epoch Progress | Epoch: 13 | Loss: 0.5344 | LR: 5.17237e-05 | Progress: 51% | Step: 96/190
2026-05-03 02:07:18 INFO Epoch Progress | Epoch: 13 | Loss: 0.5305 | LR: 5.08986e-05 | Progress: 76% | Step: 144/190
2026-05-03 02:08:47 INFO Epoch Progress | Epoch: 13 | Loss: 0.5310 | LR: 5.01077e-05 | Progress: 100% | Step: 190/190
2026-05-03 02:12:33 INFO CSV Written | Epoch: 13
2026-05-03 02:12:33 INFO Epoch Done | Epoch: 13 | Time: 604.9478 | Train Loss: 0.5242 | Val Accuracy: 0.8684 | Val AUPRC: 0.9343 | Val Auroc: 0.9369 | Val F1: 0.8693 | Val Loss: 0.3950
2026-05-03 02:12:33 INFO Epoch Start | Epoch: 14
2026-05-03 02:12:42 INFO Epoch Progress | Epoch: 14 | Loss: 0.4811 | LR: 5.00905e-05 | Progress: 1% | Step: 1/190
2026-05-03 02:14:14 INFO Epoch Progress | Epoch: 14 | Loss: 0.4992 | LR: 4.92823e-05 | Progress: 25% | Step: 48/190
2026-05-03 02:15:48 INFO Epoch Progress | Epoch: 14 | Loss: 0.5035 | LR: 4.84572e-05 | Progress: 51% | Step: 96/190
2026-05-03 02:17:22 INFO Epoch Progress | Epoch: 14 | Loss: 0.5029 | LR: 4.76324e-05 | Progress: 76% | Step: 144/190
2026-05-03 02:18:50 INFO Epoch Progress | Epoch: 14 | Loss: 0.5033 | LR: 4.68427e-05 | Progress: 100% | Step: 190/190
2026-05-03 02:22:40 INFO CSV Written | Epoch: 14
2026-05-03 02:22:40 INFO Epoch Done | Epoch: 14 | Time: 607.0912 | Train Loss: 0.5003 | Val Accuracy: 0.8707 | Val AUPRC: 0.9351 | Val Auroc: 0.9376 | Val F1: 0.8714 | Val Loss: 0.3878
2026-05-03 02:22:40 INFO Epoch Start | Epoch: 15
2026-05-03 02:22:50 INFO Epoch Progress | Epoch: 15 | Loss: 0.5167 | LR: 4.68255e-05 | Progress: 1% | Step: 1/190
2026-05-03 02:24:23 INFO Epoch Progress | Epoch: 15 | Loss: 0.4903 | LR: 4.60194e-05 | Progress: 25% | Step: 48/190
2026-05-03 02:25:57 INFO Epoch Progress | Epoch: 15 | Loss: 0.4809 | LR: 4.51972e-05 | Progress: 51% | Step: 96/190
2026-05-03 02:27:32 INFO Epoch Progress | Epoch: 15 | Loss: 0.4802 | LR: 4.43764e-05 | Progress: 76% | Step: 144/190
2026-05-03 02:28:59 INFO Epoch Progress | Epoch: 15 | Loss: 0.4811 | LR: 4.35911e-05 | Progress: 100% | Step: 190/190
2026-05-03 02:32:42 INFO CSV Written | Epoch: 15
2026-05-03 02:32:42 INFO Epoch Done | Epoch: 15 | Time: 602.7512 | Train Loss: 0.4776 | Val Accuracy: 0.8735 | Val AUPRC: 0.9347 | Val Auroc: 0.9376 | Val F1: 0.8739 | Val Loss: 0.3858
2026-05-03 02:32:42 INFO Epoch Start | Epoch: 16
2026-05-03 02:32:53 INFO Epoch Progress | Epoch: 16 | Loss: 0.3658 | LR: 4.35741e-05 | Progress: 1% | Step: 1/190
2026-05-03 02:34:25 INFO Epoch Progress | Epoch: 16 | Loss: 0.4443 | LR: 4.27735e-05 | Progress: 25% | Step: 48/190
2026-05-03 02:35:59 INFO Epoch Progress | Epoch: 16 | Loss: 0.4571 | LR: 4.19578e-05 | Progress: 51% | Step: 96/190
2026-05-03 02:37:32 INFO Epoch Progress | Epoch: 16 | Loss: 0.4560 | LR: 4.11443e-05 | Progress: 76% | Step: 144/190
2026-05-03 02:38:59 INFO Epoch Progress | Epoch: 16 | Loss: 0.4582 | LR: 4.0367e-05 | Progress: 100% | Step: 190/190
2026-05-03 02:42:43 INFO CSV Written | Epoch: 16
2026-05-03 02:42:43 INFO Epoch Done | Epoch: 16 | Time: 600.3170 | Train Loss: 0.4512 | Val Accuracy: 0.8726 | Val AUPRC: 0.9310 | Val Auroc: 0.9340 | Val F1: 0.8718 | Val Loss: 0.3843
2026-05-03 02:42:43 INFO Early Stop | Epoch: 16
2026-05-03 02:42:43 INFO Stage Done | Run Id: no_max_s101
2026-05-03 02:42:43 INFO Stage Start | Checkpoint: models/v3.1/train/no_max_s101/best_model.pth | Run Id: no_max_s101
2026-05-03 02:42:43 INFO Checkpoint Loaded | Path: models/v3.1/train/no_max_s101/best_model.pth
2026-05-03 02:42:43 INFO Decision Threshold | Mode: fixed | Value: 0.5000
2026-05-03 02:50:31 INFO Evaluation Metrics | Accuracy: 0.6166 | AUPRC: 0.6923 | Auroc: 0.6700 | F1: 0.6064 | Mcc: 0.2336 | Precision: 0.6232 | Recall: 0.5905 | Sensitivity: 0.5905 | Specificity: 0.6428 | Split: test
2026-05-03 02:50:31 INFO CSV Written | Path: logs/v3.1/evaluate/no_max_s101/evaluate.csv
2026-05-03 02:50:31 INFO Stage Done | Run Id: no_max_s101
[rank0]:[W503 02:50:32.473037783 ProcessGroupNCCL.cpp:1553] Warning: WARNING: destroy_process_group() was not called before program exit, which can leak resources. For more info, please see https://pytorch.org/docs/stable/distributed.html#shutdown (function operator())

*****************************************
Setting OMP_NUM_THREADS environment variable for each process to be 1 in default, to avoid your system being overloaded, please further tune the variable for optimal performance in your application as needed. 
*****************************************
INFO:src.pipeline.__main__:Loaded config: configs/v3-1/0430/no_max_s13.yaml
WARNING:accelerate.utils.other:[RANK 0] Detected kernel version 3.10.0, which is below the recommended minimum of 5.5.0; this can cause the process to hang. It is recommended to upgrade the kernel to the minimum version or higher.
WARNING:py.warnings:/public/home/wangar2023/grand/.venv/lib/python3.11/site-packages/torch/distributed/c10d_logger.py:83: UserWarning: barrier(): using the device under current context. You can specify `device_id` in `init_process_group` to mute this warning.
  return func(*args, **kwargs)

2026-05-03 02:51:36 INFO Pipeline Runtime | Device: cuda:0 | Distributed: True | Test Batches: 1691 | Train Batches: 812 | Valid Batches: 762 | World Size: 4
2026-05-03 02:51:36 INFO Stage Start | Run Id: no_max_s13
2026-05-03 02:51:38 INFO Train Config | Epochs: 50 | Monitor: auprc | Patience: 10
2026-05-03 02:51:38 INFO Epoch Start | Epoch: 1
2026-05-03 02:51:43 INFO Epoch Progress | Epoch: 1 | Loss: 0.7524 | LR: 4e-06 | Progress: 0% | Step: 1/812
2026-05-03 02:53:41 INFO Epoch Progress | Epoch: 1 | Loss: 0.7249 | LR: 1.30844e-05 | Progress: 25% | Step: 203/812
2026-05-03 02:55:37 INFO Epoch Progress | Epoch: 1 | Loss: 0.7149 | LR: 3.704e-05 | Progress: 50% | Step: 406/812
2026-05-03 02:57:35 INFO Epoch Progress | Epoch: 1 | Loss: 0.6881 | LR: 6.67126e-05 | Progress: 75% | Step: 609/812
2026-05-03 02:59:32 INFO Epoch Progress | Epoch: 1 | Loss: 0.6528 | LR: 9.07628e-05 | Progress: 100% | Step: 812/812
2026-05-03 03:03:16 INFO CSV Written | Epoch: 1
WARNING:py.warnings:/public/home/wangar2023/grand/.venv/lib/python3.11/site-packages/deepspeed/runtime/zero/linear.py:47: FutureWarning: `torch.cuda.amp.custom_fwd(args...)` is deprecated. Please use `torch.amp.custom_fwd(args..., device_type='cuda')` instead.
  @autocast_custom_fwd

WARNING:py.warnings:/public/home/wangar2023/grand/.venv/lib/python3.11/site-packages/deepspeed/runtime/zero/linear.py:66: FutureWarning: `torch.cuda.amp.custom_bwd(args...)` is deprecated. Please use `torch.amp.custom_bwd(args..., device_type='cuda')` instead.
  @autocast_custom_bwd

2026-05-03 03:03:21 INFO Best Saved | Epoch: 1 | Monitor: val_auprc | Value: 0.8429
2026-05-03 03:03:21 INFO Epoch Done | Epoch: 1 | Time: 697.6476 | Train Loss: 0.6537 | Val Accuracy: 0.7586 | Val AUPRC: 0.8429 | Val Auroc: 0.8459 | Val F1: 0.7402 | Val Loss: 0.5180
2026-05-03 03:03:21 INFO Epoch Start | Epoch: 2
2026-05-03 03:03:23 INFO Epoch Progress | Epoch: 2 | Loss: 0.6626 | LR: 9.08503e-05 | Progress: 0% | Step: 1/812
2026-05-03 03:05:20 INFO Epoch Progress | Epoch: 2 | Loss: 0.5049 | LR: 9.99999e-05 | Progress: 25% | Step: 203/812
2026-05-03 03:07:17 INFO Epoch Progress | Epoch: 2 | Loss: 0.4934 | LR: 9.98791e-05 | Progress: 50% | Step: 406/812
2026-05-03 03:09:14 INFO Epoch Progress | Epoch: 2 | Loss: 0.4868 | LR: 9.95152e-05 | Progress: 75% | Step: 609/812
2026-05-03 03:11:12 INFO Epoch Progress | Epoch: 2 | Loss: 0.4772 | LR: 9.89101e-05 | Progress: 100% | Step: 812/812
2026-05-03 03:14:55 INFO CSV Written | Epoch: 2
2026-05-03 03:14:56 INFO Best Saved | Epoch: 2 | Monitor: val_auprc | Value: 0.8946
2026-05-03 03:14:56 INFO Epoch Done | Epoch: 2 | Time: 694.4568 | Train Loss: 0.4759 | Val Accuracy: 0.8134 | Val AUPRC: 0.8946 | Val Auroc: 0.8955 | Val F1: 0.8201 | Val Loss: 0.4444
2026-05-03 03:14:56 INFO Epoch Start | Epoch: 3
2026-05-03 03:14:58 INFO Epoch Progress | Epoch: 3 | Loss: 0.3580 | LR: 9.89065e-05 | Progress: 0% | Step: 1/812
2026-05-03 03:16:55 INFO Epoch Progress | Epoch: 3 | Loss: 0.4334 | LR: 9.80666e-05 | Progress: 25% | Step: 203/812
2026-05-03 03:18:52 INFO Epoch Progress | Epoch: 3 | Loss: 0.4279 | LR: 9.69891e-05 | Progress: 50% | Step: 406/812
2026-05-03 03:20:49 INFO Epoch Progress | Epoch: 3 | Loss: 0.4209 | LR: 9.56895e-05 | Progress: 75% | Step: 609/812
2026-05-03 03:22:46 INFO Epoch Progress | Epoch: 3 | Loss: 0.4191 | LR: 9.41615e-05 | Progress: 100% | Step: 812/812
2026-05-03 03:26:37 INFO CSV Written | Epoch: 3
2026-05-03 03:26:38 INFO Best Saved | Epoch: 3 | Monitor: val_auprc | Value: 0.9119
2026-05-03 03:26:38 INFO Epoch Done | Epoch: 3 | Time: 701.5484 | Train Loss: 0.4194 | Val Accuracy: 0.8328 | Val AUPRC: 0.9119 | Val Auroc: 0.9131 | Val F1: 0.8352 | Val Loss: 0.4173
2026-05-03 03:26:38 INFO Epoch Start | Epoch: 4
2026-05-03 03:26:40 INFO Epoch Progress | Epoch: 4 | Loss: 0.3446 | LR: 9.41535e-05 | Progress: 0% | Step: 1/812
2026-05-03 03:28:39 INFO Epoch Progress | Epoch: 4 | Loss: 0.3863 | LR: 9.24184e-05 | Progress: 25% | Step: 203/812
2026-05-03 03:30:39 INFO Epoch Progress | Epoch: 4 | Loss: 0.3850 | LR: 9.04686e-05 | Progress: 50% | Step: 406/812
2026-05-03 03:32:38 INFO Epoch Progress | Epoch: 4 | Loss: 0.3800 | LR: 8.83216e-05 | Progress: 75% | Step: 609/812
2026-05-03 03:34:38 INFO Epoch Progress | Epoch: 4 | Loss: 0.3823 | LR: 8.59879e-05 | Progress: 100% | Step: 812/812
2026-05-03 03:38:17 INFO CSV Written | Epoch: 4
2026-05-03 03:38:17 INFO Best Saved | Epoch: 4 | Monitor: val_auprc | Value: 0.9276
2026-05-03 03:38:17 INFO Epoch Done | Epoch: 4 | Time: 698.9594 | Train Loss: 0.3821 | Val Accuracy: 0.8535 | Val AUPRC: 0.9276 | Val Auroc: 0.9287 | Val F1: 0.8546 | Val Loss: 0.3869
2026-05-03 03:38:17 INFO Epoch Start | Epoch: 5
2026-05-03 03:38:19 INFO Epoch Progress | Epoch: 5 | Loss: 0.3169 | LR: 8.5976e-05 | Progress: 0% | Step: 1/812
2026-05-03 03:40:16 INFO Epoch Progress | Epoch: 5 | Loss: 0.3541 | LR: 8.3479e-05 | Progress: 25% | Step: 203/812
2026-05-03 03:42:13 INFO Epoch Progress | Epoch: 5 | Loss: 0.3526 | LR: 8.08069e-05 | Progress: 50% | Step: 406/812
2026-05-03 03:44:11 INFO Epoch Progress | Epoch: 5 | Loss: 0.3517 | LR: 7.79847e-05 | Progress: 75% | Step: 609/812
2026-05-03 03:46:08 INFO Epoch Progress | Epoch: 5 | Loss: 0.3519 | LR: 7.50262e-05 | Progress: 100% | Step: 812/812
2026-05-03 03:49:50 INFO CSV Written | Epoch: 5
2026-05-03 03:49:50 INFO Best Saved | Epoch: 5 | Monitor: val_auprc | Value: 0.9310
2026-05-03 03:49:50 INFO Epoch Done | Epoch: 5 | Time: 693.3639 | Train Loss: 0.3519 | Val Accuracy: 0.8568 | Val AUPRC: 0.9310 | Val Auroc: 0.9340 | Val F1: 0.8631 | Val Loss: 0.3877
2026-05-03 03:49:50 INFO Epoch Start | Epoch: 6
2026-05-03 03:50:06 INFO Epoch Progress | Epoch: 6 | Loss: 1.0448 | LR: 7.50113e-05 | Progress: 1% | Step: 1/190
2026-05-03 03:51:36 INFO Epoch Progress | Epoch: 6 | Loss: 0.7047 | LR: 7.43082e-05 | Progress: 25% | Step: 48/190
2026-05-03 03:53:07 INFO Epoch Progress | Epoch: 6 | Loss: 0.6898 | LR: 7.35837e-05 | Progress: 51% | Step: 96/190
2026-05-03 03:54:37 INFO Epoch Progress | Epoch: 6 | Loss: 0.6836 | LR: 7.28527e-05 | Progress: 76% | Step: 144/190
2026-05-03 03:56:01 INFO Epoch Progress | Epoch: 6 | Loss: 0.6812 | LR: 7.21463e-05 | Progress: 100% | Step: 190/190
2026-05-03 03:59:46 INFO CSV Written | Epoch: 6
2026-05-03 03:59:46 INFO Best Saved | Epoch: 6 | Monitor: val_auprc | Value: 0.9392
2026-05-03 03:59:46 INFO Epoch Done | Epoch: 6 | Time: 595.2691 | Train Loss: 0.6792 | Val Accuracy: 0.8656 | Val AUPRC: 0.9392 | Val Auroc: 0.9396 | Val F1: 0.8691 | Val Loss: 0.4800
2026-05-03 03:59:46 INFO Epoch Start | Epoch: 7
2026-05-03 03:59:56 INFO Epoch Progress | Epoch: 7 | Loss: 0.7072 | LR: 7.21309e-05 | Progress: 1% | Step: 1/190
2026-05-03 04:01:28 INFO Epoch Progress | Epoch: 7 | Loss: 0.6738 | LR: 7.14189e-05 | Progress: 25% | Step: 48/190
2026-05-03 04:03:02 INFO Epoch Progress | Epoch: 7 | Loss: 0.6597 | LR: 7.06702e-05 | Progress: 51% | Step: 96/190
2026-05-03 04:04:35 INFO Epoch Progress | Epoch: 7 | Loss: 0.6614 | LR: 6.99159e-05 | Progress: 76% | Step: 144/190
2026-05-03 04:06:02 INFO Epoch Progress | Epoch: 7 | Loss: 0.6597 | LR: 6.91879e-05 | Progress: 100% | Step: 190/190
2026-05-03 04:09:44 INFO CSV Written | Epoch: 7
2026-05-03 04:09:44 INFO Epoch Done | Epoch: 7 | Time: 597.6134 | Train Loss: 0.6522 | Val Accuracy: 0.8655 | Val AUPRC: 0.9375 | Val Auroc: 0.9391 | Val F1: 0.8641 | Val Loss: 0.4666
2026-05-03 04:09:44 INFO Epoch Start | Epoch: 8
2026-05-03 04:09:53 INFO Epoch Progress | Epoch: 8 | Loss: 0.5802 | LR: 6.9172e-05 | Progress: 1% | Step: 1/190
2026-05-03 04:11:26 INFO Epoch Progress | Epoch: 8 | Loss: 0.6060 | LR: 6.84231e-05 | Progress: 25% | Step: 48/190
2026-05-03 04:12:59 INFO Epoch Progress | Epoch: 8 | Loss: 0.6296 | LR: 6.76534e-05 | Progress: 51% | Step: 96/190
2026-05-03 04:14:34 INFO Epoch Progress | Epoch: 8 | Loss: 0.6318 | LR: 6.68788e-05 | Progress: 76% | Step: 144/190
2026-05-03 04:16:03 INFO Epoch Progress | Epoch: 8 | Loss: 0.6389 | LR: 6.61321e-05 | Progress: 100% | Step: 190/190
2026-05-03 04:19:45 INFO CSV Written | Epoch: 8
2026-05-03 04:19:45 INFO Epoch Done | Epoch: 8 | Time: 601.0424 | Train Loss: 0.6359 | Val Accuracy: 0.8631 | Val AUPRC: 0.9357 | Val Auroc: 0.9391 | Val F1: 0.8692 | Val Loss: 0.4724
2026-05-03 04:19:45 INFO Epoch Start | Epoch: 9
2026-05-03 04:19:54 INFO Epoch Progress | Epoch: 9 | Loss: 0.6771 | LR: 6.61159e-05 | Progress: 1% | Step: 1/190
2026-05-03 04:21:27 INFO Epoch Progress | Epoch: 9 | Loss: 0.6100 | LR: 6.53487e-05 | Progress: 25% | Step: 48/190
2026-05-03 04:23:00 INFO Epoch Progress | Epoch: 9 | Loss: 0.6186 | LR: 6.45612e-05 | Progress: 51% | Step: 96/190
2026-05-03 04:24:35 INFO Epoch Progress | Epoch: 9 | Loss: 0.6282 | LR: 6.37696e-05 | Progress: 76% | Step: 144/190
2026-05-03 04:26:04 INFO Epoch Progress | Epoch: 9 | Loss: 0.6272 | LR: 6.30075e-05 | Progress: 100% | Step: 190/190
2026-05-03 04:29:46 INFO CSV Written | Epoch: 9
2026-05-03 04:29:46 INFO Epoch Done | Epoch: 9 | Time: 601.4489 | Train Loss: 0.6190 | Val Accuracy: 0.8668 | Val AUPRC: 0.9375 | Val Auroc: 0.9395 | Val F1: 0.8652 | Val Loss: 0.4337
2026-05-03 04:29:46 INFO Epoch Start | Epoch: 10
2026-05-03 04:29:54 INFO Epoch Progress | Epoch: 10 | Loss: 0.7806 | LR: 6.29909e-05 | Progress: 1% | Step: 1/190
2026-05-03 04:31:27 INFO Epoch Progress | Epoch: 10 | Loss: 0.5893 | LR: 6.22088e-05 | Progress: 25% | Step: 48/190
2026-05-03 04:33:00 INFO Epoch Progress | Epoch: 10 | Loss: 0.6046 | LR: 6.14068e-05 | Progress: 51% | Step: 96/190
2026-05-03 04:34:35 INFO Epoch Progress | Epoch: 10 | Loss: 0.6018 | LR: 6.06185e-05 | Progress: 76% | Step: 144/190
2026-05-03 04:36:04 INFO Epoch Progress | Epoch: 10 | Loss: 0.6018 | LR: 5.98443e-05 | Progress: 100% | Step: 190/190
2026-05-03 04:39:49 INFO CSV Written | Epoch: 10
2026-05-03 04:39:49 INFO Best Saved | Epoch: 10 | Monitor: val_auprc | Value: 0.9399
2026-05-03 04:39:49 INFO Epoch Done | Epoch: 10 | Time: 602.5638 | Train Loss: 0.5990 | Val Accuracy: 0.8719 | Val AUPRC: 0.9399 | Val Auroc: 0.9418 | Val F1: 0.8738 | Val Loss: 0.4198
2026-05-03 04:39:49 INFO Epoch Start | Epoch: 11
2026-05-03 04:39:59 INFO Epoch Progress | Epoch: 11 | Loss: 0.5604 | LR: 5.98274e-05 | Progress: 1% | Step: 1/190
2026-05-03 04:41:31 INFO Epoch Progress | Epoch: 11 | Loss: 0.5506 | LR: 5.90337e-05 | Progress: 25% | Step: 48/190
2026-05-03 04:43:05 INFO Epoch Progress | Epoch: 11 | Loss: 0.5720 | LR: 5.82207e-05 | Progress: 51% | Step: 96/190
2026-05-03 04:44:39 INFO Epoch Progress | Epoch: 11 | Loss: 0.5759 | LR: 5.74055e-05 | Progress: 76% | Step: 144/190
2026-05-03 04:46:07 INFO Epoch Progress | Epoch: 11 | Loss: 0.5797 | LR: 5.66224e-05 | Progress: 100% | Step: 190/190
2026-05-03 04:49:50 INFO CSV Written | Epoch: 11
2026-05-03 04:49:50 INFO Epoch Done | Epoch: 11 | Time: 600.6337 | Train Loss: 0.5763 | Val Accuracy: 0.8686 | Val AUPRC: 0.9369 | Val Auroc: 0.9391 | Val F1: 0.8680 | Val Loss: 0.4056
2026-05-03 04:49:50 INFO Epoch Start | Epoch: 12
2026-05-03 04:50:00 INFO Epoch Progress | Epoch: 12 | Loss: 0.4199 | LR: 5.66053e-05 | Progress: 1% | Step: 1/190
2026-05-03 04:51:30 INFO Epoch Progress | Epoch: 12 | Loss: 0.5321 | LR: 5.58034e-05 | Progress: 25% | Step: 48/190
2026-05-03 04:53:03 INFO Epoch Progress | Epoch: 12 | Loss: 0.5404 | LR: 5.49828e-05 | Progress: 51% | Step: 96/190
2026-05-03 04:54:37 INFO Epoch Progress | Epoch: 12 | Loss: 0.5428 | LR: 5.41609e-05 | Progress: 76% | Step: 144/190
2026-05-03 04:56:06 INFO Epoch Progress | Epoch: 12 | Loss: 0.5538 | LR: 5.33722e-05 | Progress: 100% | Step: 190/190
2026-05-03 04:59:52 INFO CSV Written | Epoch: 12
2026-05-03 04:59:52 INFO Epoch Done | Epoch: 12 | Time: 602.5671 | Train Loss: 0.5538 | Val Accuracy: 0.8711 | Val AUPRC: 0.9361 | Val Auroc: 0.9390 | Val F1: 0.8735 | Val Loss: 0.4069
2026-05-03 04:59:52 INFO Epoch Start | Epoch: 13
2026-05-03 05:00:03 INFO Epoch Progress | Epoch: 13 | Loss: 0.3737 | LR: 5.33551e-05 | Progress: 1% | Step: 1/190
2026-05-03 05:01:35 INFO Epoch Progress | Epoch: 13 | Loss: 0.5129 | LR: 5.25483e-05 | Progress: 25% | Step: 48/190
2026-05-03 05:03:10 INFO Epoch Progress | Epoch: 13 | Loss: 0.5342 | LR: 5.17237e-05 | Progress: 51% | Step: 96/190
2026-05-03 05:04:44 INFO Epoch Progress | Epoch: 13 | Loss: 0.5308 | LR: 5.08986e-05 | Progress: 76% | Step: 144/190
2026-05-03 05:06:12 INFO Epoch Progress | Epoch: 13 | Loss: 0.5310 | LR: 5.01077e-05 | Progress: 100% | Step: 190/190
2026-05-03 05:10:01 INFO CSV Written | Epoch: 13
2026-05-03 05:10:01 INFO Epoch Done | Epoch: 13 | Time: 608.6208 | Train Loss: 0.5262 | Val Accuracy: 0.8700 | Val AUPRC: 0.9369 | Val Auroc: 0.9396 | Val F1: 0.8702 | Val Loss: 0.3924
2026-05-03 05:10:01 INFO Epoch Start | Epoch: 14
2026-05-03 05:10:11 INFO Epoch Progress | Epoch: 14 | Loss: 0.5668 | LR: 5.00905e-05 | Progress: 1% | Step: 1/190
2026-05-03 05:11:44 INFO Epoch Progress | Epoch: 14 | Loss: 0.5131 | LR: 4.92823e-05 | Progress: 25% | Step: 48/190
2026-05-03 05:13:19 INFO Epoch Progress | Epoch: 14 | Loss: 0.4990 | LR: 4.84572e-05 | Progress: 51% | Step: 96/190
2026-05-03 05:14:54 INFO Epoch Progress | Epoch: 14 | Loss: 0.5044 | LR: 4.76324e-05 | Progress: 76% | Step: 144/190
2026-05-03 05:16:22 INFO Epoch Progress | Epoch: 14 | Loss: 0.5003 | LR: 4.68427e-05 | Progress: 100% | Step: 190/190
2026-05-03 05:20:12 INFO CSV Written | Epoch: 14
2026-05-03 05:20:12 INFO Epoch Done | Epoch: 14 | Time: 611.0450 | Train Loss: 0.5005 | Val Accuracy: 0.8702 | Val AUPRC: 0.9362 | Val Auroc: 0.9385 | Val F1: 0.8727 | Val Loss: 0.3886
2026-05-03 05:20:12 INFO Epoch Start | Epoch: 15
2026-05-03 05:20:23 INFO Epoch Progress | Epoch: 15 | Loss: 0.4315 | LR: 4.68255e-05 | Progress: 1% | Step: 1/190
2026-05-03 05:21:55 INFO Epoch Progress | Epoch: 15 | Loss: 0.4896 | LR: 4.60194e-05 | Progress: 25% | Step: 48/190
2026-05-03 05:23:30 INFO Epoch Progress | Epoch: 15 | Loss: 0.4827 | LR: 4.51972e-05 | Progress: 51% | Step: 96/190
2026-05-03 05:25:05 INFO Epoch Progress | Epoch: 15 | Loss: 0.4798 | LR: 4.43764e-05 | Progress: 76% | Step: 144/190
2026-05-03 05:26:33 INFO Epoch Progress | Epoch: 15 | Loss: 0.4797 | LR: 4.35911e-05 | Progress: 100% | Step: 190/190
2026-05-03 05:30:22 INFO CSV Written | Epoch: 15
2026-05-03 05:30:22 INFO Epoch Done | Epoch: 15 | Time: 609.6941 | Train Loss: 0.4739 | Val Accuracy: 0.8729 | Val AUPRC: 0.9363 | Val Auroc: 0.9394 | Val F1: 0.8747 | Val Loss: 0.3818
2026-05-03 05:30:22 INFO Epoch Start | Epoch: 16
2026-05-03 05:30:32 INFO Epoch Progress | Epoch: 16 | Loss: 0.4591 | LR: 4.35741e-05 | Progress: 1% | Step: 1/190
2026-05-03 05:32:04 INFO Epoch Progress | Epoch: 16 | Loss: 0.4455 | LR: 4.27735e-05 | Progress: 25% | Step: 48/190
2026-05-03 05:33:38 INFO Epoch Progress | Epoch: 16 | Loss: 0.4398 | LR: 4.19578e-05 | Progress: 51% | Step: 96/190
2026-05-03 05:35:12 INFO Epoch Progress | Epoch: 16 | Loss: 0.4502 | LR: 4.11443e-05 | Progress: 76% | Step: 144/190
2026-05-03 05:36:40 INFO Epoch Progress | Epoch: 16 | Loss: 0.4528 | LR: 4.0367e-05 | Progress: 100% | Step: 190/190
2026-05-03 05:40:24 INFO CSV Written | Epoch: 16
2026-05-03 05:40:24 INFO Epoch Done | Epoch: 16 | Time: 602.2862 | Train Loss: 0.4514 | Val Accuracy: 0.8728 | Val AUPRC: 0.9348 | Val Auroc: 0.9380 | Val F1: 0.8753 | Val Loss: 0.3827
2026-05-03 05:40:24 INFO Epoch Start | Epoch: 17
2026-05-03 05:40:34 INFO Epoch Progress | Epoch: 17 | Loss: 0.4025 | LR: 4.03501e-05 | Progress: 1% | Step: 1/190
2026-05-03 05:42:08 INFO Epoch Progress | Epoch: 17 | Loss: 0.4246 | LR: 3.95584e-05 | Progress: 25% | Step: 48/190
2026-05-03 05:43:42 INFO Epoch Progress | Epoch: 17 | Loss: 0.4252 | LR: 3.87527e-05 | Progress: 51% | Step: 96/190
2026-05-03 05:45:17 INFO Epoch Progress | Epoch: 17 | Loss: 0.4224 | LR: 3.795e-05 | Progress: 76% | Step: 144/190
2026-05-03 05:46:46 INFO Epoch Progress | Epoch: 17 | Loss: 0.4313 | LR: 3.71839e-05 | Progress: 100% | Step: 190/190
2026-05-03 05:50:30 INFO CSV Written | Epoch: 17
2026-05-03 05:50:30 INFO Epoch Done | Epoch: 17 | Time: 606.0218 | Train Loss: 0.4252 | Val Accuracy: 0.8733 | Val AUPRC: 0.9349 | Val Auroc: 0.9375 | Val F1: 0.8751 | Val Loss: 0.3797
2026-05-03 05:50:30 INFO Epoch Start | Epoch: 18
2026-05-03 05:50:40 INFO Epoch Progress | Epoch: 18 | Loss: 0.4057 | LR: 3.71673e-05 | Progress: 1% | Step: 1/190
2026-05-03 05:52:12 INFO Epoch Progress | Epoch: 18 | Loss: 0.4145 | LR: 3.63879e-05 | Progress: 25% | Step: 48/190
2026-05-03 05:53:47 INFO Epoch Progress | Epoch: 18 | Loss: 0.4081 | LR: 3.55956e-05 | Progress: 51% | Step: 96/190
2026-05-03 05:55:21 INFO Epoch Progress | Epoch: 18 | Loss: 0.4102 | LR: 3.48072e-05 | Progress: 76% | Step: 144/190
2026-05-03 05:56:50 INFO Epoch Progress | Epoch: 18 | Loss: 0.4101 | LR: 3.40556e-05 | Progress: 100% | Step: 190/190
2026-05-03 06:00:37 INFO CSV Written | Epoch: 18
2026-05-03 06:00:37 INFO Epoch Done | Epoch: 18 | Time: 607.2853 | Train Loss: 0.4039 | Val Accuracy: 0.8729 | Val AUPRC: 0.9311 | Val Auroc: 0.9367 | Val F1: 0.8756 | Val Loss: 0.3841
2026-05-03 06:00:37 INFO Epoch Start | Epoch: 19
2026-05-03 06:00:47 INFO Epoch Progress | Epoch: 19 | Loss: 0.3584 | LR: 3.40393e-05 | Progress: 1% | Step: 1/190
2026-05-03 06:02:20 INFO Epoch Progress | Epoch: 19 | Loss: 0.3531 | LR: 3.32755e-05 | Progress: 25% | Step: 48/190
2026-05-03 06:03:54 INFO Epoch Progress | Epoch: 19 | Loss: 0.3785 | LR: 3.25e-05 | Progress: 51% | Step: 96/190
2026-05-03 06:05:27 INFO Epoch Progress | Epoch: 19 | Loss: 0.3902 | LR: 3.17292e-05 | Progress: 76% | Step: 144/190
2026-05-03 06:06:54 INFO Epoch Progress | Epoch: 19 | Loss: 0.3939 | LR: 3.09953e-05 | Progress: 100% | Step: 190/190
2026-05-03 06:10:42 INFO CSV Written | Epoch: 19
2026-05-03 06:10:42 INFO Epoch Done | Epoch: 19 | Time: 604.5677 | Train Loss: 0.3861 | Val Accuracy: 0.8754 | Val AUPRC: 0.9260 | Val Auroc: 0.9322 | Val F1: 0.8757 | Val Loss: 0.3876
2026-05-03 06:10:42 INFO Epoch Start | Epoch: 20
2026-05-03 06:10:52 INFO Epoch Progress | Epoch: 20 | Loss: 0.3280 | LR: 3.09794e-05 | Progress: 1% | Step: 1/190
2026-05-03 06:12:25 INFO Epoch Progress | Epoch: 20 | Loss: 0.3493 | LR: 3.02345e-05 | Progress: 25% | Step: 48/190
2026-05-03 06:14:00 INFO Epoch Progress | Epoch: 20 | Loss: 0.3637 | LR: 2.94947e-05 | Progress: 51% | Step: 96/190
2026-05-03 06:15:35 INFO Epoch Progress | Epoch: 20 | Loss: 0.3697 | LR: 2.87448e-05 | Progress: 76% | Step: 144/190
2026-05-03 06:17:03 INFO Epoch Progress | Epoch: 20 | Loss: 0.3756 | LR: 2.80315e-05 | Progress: 100% | Step: 190/190
2026-05-03 06:20:50 INFO CSV Written | Epoch: 20
2026-05-03 06:20:50 INFO Epoch Done | Epoch: 20 | Time: 607.7170 | Train Loss: 0.3686 | Val Accuracy: 0.8757 | Val AUPRC: 0.9262 | Val Auroc: 0.9308 | Val F1: 0.8760 | Val Loss: 0.3865
2026-05-03 06:20:50 INFO Early Stop | Epoch: 20
2026-05-03 06:20:50 INFO Stage Done | Run Id: no_max_s13
2026-05-03 06:20:50 INFO Stage Start | Checkpoint: models/v3.1/train/no_max_s13/best_model.pth | Run Id: no_max_s13
2026-05-03 06:20:50 INFO Checkpoint Loaded | Path: models/v3.1/train/no_max_s13/best_model.pth
2026-05-03 06:20:50 INFO Decision Threshold | Mode: fixed | Value: 0.5000
2026-05-03 06:28:37 INFO Evaluation Metrics | Accuracy: 0.6129 | AUPRC: 0.6872 | Auroc: 0.6666 | F1: 0.6133 | Mcc: 0.2258 | Precision: 0.6128 | Recall: 0.6137 | Sensitivity: 0.6137 | Specificity: 0.6120 | Split: test
2026-05-03 06:28:37 INFO CSV Written | Path: logs/v3.1/evaluate/no_max_s13/evaluate.csv
2026-05-03 06:28:37 INFO Stage Done | Run Id: no_max_s13
[rank0]:[W503 06:28:38.504673166 ProcessGroupNCCL.cpp:1553] Warning: WARNING: destroy_process_group() was not called before program exit, which can leak resources. For more info, please see https://pytorch.org/docs/stable/distributed.html#shutdown (function operator())

*****************************************
Setting OMP_NUM_THREADS environment variable for each process to be 1 in default, to avoid your system being overloaded, please further tune the variable for optimal performance in your application as needed. 
*****************************************
INFO:src.pipeline.__main__:Loaded config: configs/v3-1/0430/no_max_s47.yaml
WARNING:accelerate.utils.other:[RANK 0] Detected kernel version 3.10.0, which is below the recommended minimum of 5.5.0; this can cause the process to hang. It is recommended to upgrade the kernel to the minimum version or higher.
WARNING:py.warnings:/public/home/wangar2023/grand/.venv/lib/python3.11/site-packages/torch/distributed/c10d_logger.py:83: UserWarning: barrier(): using the device under current context. You can specify `device_id` in `init_process_group` to mute this warning.
  return func(*args, **kwargs)

2026-05-03 06:29:42 INFO Pipeline Runtime | Device: cuda:0 | Distributed: True | Test Batches: 1691 | Train Batches: 812 | Valid Batches: 762 | World Size: 4
2026-05-03 06:29:42 INFO Stage Start | Run Id: no_max_s47
2026-05-03 06:29:45 INFO Train Config | Epochs: 50 | Monitor: auprc | Patience: 10
2026-05-03 06:29:45 INFO Epoch Start | Epoch: 1
2026-05-03 06:29:50 INFO Epoch Progress | Epoch: 1 | Loss: 0.7594 | LR: 4e-06 | Progress: 0% | Step: 1/812
2026-05-03 06:31:48 INFO Epoch Progress | Epoch: 1 | Loss: 0.7308 | LR: 1.30844e-05 | Progress: 25% | Step: 203/812
2026-05-03 06:33:46 INFO Epoch Progress | Epoch: 1 | Loss: 0.7203 | LR: 3.704e-05 | Progress: 50% | Step: 406/812
2026-05-03 06:35:44 INFO Epoch Progress | Epoch: 1 | Loss: 0.6936 | LR: 6.67126e-05 | Progress: 75% | Step: 609/812
2026-05-03 06:37:42 INFO Epoch Progress | Epoch: 1 | Loss: 0.6566 | LR: 9.07628e-05 | Progress: 100% | Step: 812/812
2026-05-03 06:41:33 INFO CSV Written | Epoch: 1
WARNING:py.warnings:/public/home/wangar2023/grand/.venv/lib/python3.11/site-packages/deepspeed/runtime/zero/linear.py:47: FutureWarning: `torch.cuda.amp.custom_fwd(args...)` is deprecated. Please use `torch.amp.custom_fwd(args..., device_type='cuda')` instead.
  @autocast_custom_fwd

WARNING:py.warnings:/public/home/wangar2023/grand/.venv/lib/python3.11/site-packages/deepspeed/runtime/zero/linear.py:66: FutureWarning: `torch.cuda.amp.custom_bwd(args...)` is deprecated. Please use `torch.amp.custom_bwd(args..., device_type='cuda')` instead.
  @autocast_custom_bwd

2026-05-03 06:41:38 INFO Best Saved | Epoch: 1 | Monitor: val_auprc | Value: 0.8366
2026-05-03 06:41:38 INFO Epoch Done | Epoch: 1 | Time: 708.1257 | Train Loss: 0.6582 | Val Accuracy: 0.7682 | Val AUPRC: 0.8366 | Val Auroc: 0.8478 | Val F1: 0.7797 | Val Loss: 0.5135
2026-05-03 06:41:38 INFO Epoch Start | Epoch: 2
2026-05-03 06:41:41 INFO Epoch Progress | Epoch: 2 | Loss: 0.5717 | LR: 9.08503e-05 | Progress: 0% | Step: 1/812
2026-05-03 06:43:38 INFO Epoch Progress | Epoch: 2 | Loss: 0.5077 | LR: 9.99999e-05 | Progress: 25% | Step: 203/812
2026-05-03 06:45:36 INFO Epoch Progress | Epoch: 2 | Loss: 0.4989 | LR: 9.98791e-05 | Progress: 50% | Step: 406/812
2026-05-03 06:47:35 INFO Epoch Progress | Epoch: 2 | Loss: 0.4867 | LR: 9.95152e-05 | Progress: 75% | Step: 609/812
2026-05-03 06:49:32 INFO Epoch Progress | Epoch: 2 | Loss: 0.4810 | LR: 9.89101e-05 | Progress: 100% | Step: 812/812
2026-05-03 06:53:15 INFO CSV Written | Epoch: 2
2026-05-03 06:53:15 INFO Best Saved | Epoch: 2 | Monitor: val_auprc | Value: 0.8972
2026-05-03 06:53:15 INFO Epoch Done | Epoch: 2 | Time: 696.7103 | Train Loss: 0.4775 | Val Accuracy: 0.8134 | Val AUPRC: 0.8972 | Val Auroc: 0.8971 | Val F1: 0.8094 | Val Loss: 0.4461
2026-05-03 06:53:15 INFO Epoch Start | Epoch: 3
2026-05-03 06:53:18 INFO Epoch Progress | Epoch: 3 | Loss: 0.3328 | LR: 9.89065e-05 | Progress: 0% | Step: 1/812
2026-05-03 06:55:17 INFO Epoch Progress | Epoch: 3 | Loss: 0.4374 | LR: 9.80666e-05 | Progress: 25% | Step: 203/812
2026-05-03 06:57:15 INFO Epoch Progress | Epoch: 3 | Loss: 0.4307 | LR: 9.69949e-05 | Progress: 50% | Step: 406/812
2026-05-03 06:59:13 INFO Epoch Progress | Epoch: 3 | Loss: 0.4240 | LR: 9.56965e-05 | Progress: 75% | Step: 609/812
2026-05-03 07:01:12 INFO Epoch Progress | Epoch: 3 | Loss: 0.4215 | LR: 9.41696e-05 | Progress: 100% | Step: 812/812
2026-05-03 07:04:57 INFO CSV Written | Epoch: 3
2026-05-03 07:04:57 INFO Best Saved | Epoch: 3 | Monitor: val_auprc | Value: 0.9166
2026-05-03 07:04:57 INFO Epoch Done | Epoch: 3 | Time: 701.1841 | Train Loss: 0.4221 | Val Accuracy: 0.8370 | Val AUPRC: 0.9166 | Val Auroc: 0.9173 | Val F1: 0.8389 | Val Loss: 0.4080
2026-05-03 07:04:57 INFO Epoch Start | Epoch: 4
2026-05-03 07:04:59 INFO Epoch Progress | Epoch: 4 | Loss: 0.3295 | LR: 9.41615e-05 | Progress: 0% | Step: 1/812
2026-05-03 07:06:58 INFO Epoch Progress | Epoch: 4 | Loss: 0.3798 | LR: 9.24275e-05 | Progress: 25% | Step: 203/812
2026-05-03 07:08:57 INFO Epoch Progress | Epoch: 4 | Loss: 0.3814 | LR: 9.04787e-05 | Progress: 50% | Step: 406/812
2026-05-03 07:10:55 INFO Epoch Progress | Epoch: 4 | Loss: 0.3821 | LR: 8.83326e-05 | Progress: 75% | Step: 609/812
2026-05-03 07:12:54 INFO Epoch Progress | Epoch: 4 | Loss: 0.3830 | LR: 8.59999e-05 | Progress: 100% | Step: 812/812
2026-05-03 07:16:36 INFO CSV Written | Epoch: 4
2026-05-03 07:16:36 INFO Best Saved | Epoch: 4 | Monitor: val_auprc | Value: 0.9220
2026-05-03 07:16:36 INFO Epoch Done | Epoch: 4 | Time: 699.1489 | Train Loss: 0.3831 | Val Accuracy: 0.8461 | Val AUPRC: 0.9220 | Val Auroc: 0.9239 | Val F1: 0.8494 | Val Loss: 0.3966
2026-05-03 07:16:36 INFO Epoch Start | Epoch: 5
2026-05-03 07:16:39 INFO Epoch Progress | Epoch: 5 | Loss: 0.3635 | LR: 8.59879e-05 | Progress: 0% | Step: 1/812
2026-05-03 07:18:37 INFO Epoch Progress | Epoch: 5 | Loss: 0.3529 | LR: 8.34917e-05 | Progress: 25% | Step: 203/812
2026-05-03 07:20:36 INFO Epoch Progress | Epoch: 5 | Loss: 0.3550 | LR: 8.08204e-05 | Progress: 50% | Step: 406/812
2026-05-03 07:22:36 INFO Epoch Progress | Epoch: 5 | Loss: 0.3563 | LR: 7.79989e-05 | Progress: 75% | Step: 609/812
2026-05-03 07:24:35 INFO Epoch Progress | Epoch: 5 | Loss: 0.3550 | LR: 7.5041e-05 | Progress: 100% | Step: 812/812
2026-05-03 07:28:22 INFO CSV Written | Epoch: 5
2026-05-03 07:28:23 INFO Best Saved | Epoch: 5 | Monitor: val_auprc | Value: 0.9308
2026-05-03 07:28:23 INFO Epoch Done | Epoch: 5 | Time: 705.9559 | Train Loss: 0.3538 | Val Accuracy: 0.8566 | Val AUPRC: 0.9308 | Val Auroc: 0.9326 | Val F1: 0.8602 | Val Loss: 0.3846
2026-05-03 07:28:23 INFO Epoch Start | Epoch: 6
2026-05-03 07:28:36 INFO Epoch Progress | Epoch: 6 | Loss: 0.7151 | LR: 7.50262e-05 | Progress: 1% | Step: 1/190
2026-05-03 07:30:09 INFO Epoch Progress | Epoch: 6 | Loss: 0.7017 | LR: 7.43233e-05 | Progress: 25% | Step: 48/190
2026-05-03 07:31:42 INFO Epoch Progress | Epoch: 6 | Loss: 0.6888 | LR: 7.35988e-05 | Progress: 51% | Step: 96/190
2026-05-03 07:33:15 INFO Epoch Progress | Epoch: 6 | Loss: 0.6850 | LR: 7.2868e-05 | Progress: 76% | Step: 144/190
2026-05-03 07:34:42 INFO Epoch Progress | Epoch: 6 | Loss: 0.6829 | LR: 7.21618e-05 | Progress: 100% | Step: 190/190
2026-05-03 07:38:29 INFO CSV Written | Epoch: 6
2026-05-03 07:38:29 INFO Best Saved | Epoch: 6 | Monitor: val_auprc | Value: 0.9370
2026-05-03 07:38:29 INFO Epoch Done | Epoch: 6 | Time: 605.8911 | Train Loss: 0.6813 | Val Accuracy: 0.8656 | Val AUPRC: 0.9370 | Val Auroc: 0.9388 | Val F1: 0.8681 | Val Loss: 0.4926
2026-05-03 07:38:29 INFO Epoch Start | Epoch: 7
2026-05-03 07:38:39 INFO Epoch Progress | Epoch: 7 | Loss: 0.6662 | LR: 7.21463e-05 | Progress: 1% | Step: 1/190
2026-05-03 07:40:11 INFO Epoch Progress | Epoch: 7 | Loss: 0.6480 | LR: 7.14189e-05 | Progress: 25% | Step: 48/190
2026-05-03 07:41:46 INFO Epoch Progress | Epoch: 7 | Loss: 0.6512 | LR: 7.06702e-05 | Progress: 51% | Step: 96/190
2026-05-03 07:43:20 INFO Epoch Progress | Epoch: 7 | Loss: 0.6600 | LR: 6.99159e-05 | Progress: 76% | Step: 144/190
2026-05-03 07:44:49 INFO Epoch Progress | Epoch: 7 | Loss: 0.6592 | LR: 6.91879e-05 | Progress: 100% | Step: 190/190
2026-05-03 07:48:33 INFO CSV Written | Epoch: 7
2026-05-03 07:48:33 INFO Epoch Done | Epoch: 7 | Time: 604.0831 | Train Loss: 0.6560 | Val Accuracy: 0.8669 | Val AUPRC: 0.9367 | Val Auroc: 0.9386 | Val F1: 0.8677 | Val Loss: 0.4764
2026-05-03 07:48:33 INFO Epoch Start | Epoch: 8
2026-05-03 07:48:43 INFO Epoch Progress | Epoch: 8 | Loss: 0.6308 | LR: 6.9172e-05 | Progress: 1% | Step: 1/190
2026-05-03 07:50:16 INFO Epoch Progress | Epoch: 8 | Loss: 0.6247 | LR: 6.84231e-05 | Progress: 25% | Step: 48/190
2026-05-03 07:51:50 INFO Epoch Progress | Epoch: 8 | Loss: 0.6397 | LR: 6.76534e-05 | Progress: 51% | Step: 96/190
2026-05-03 07:53:25 INFO Epoch Progress | Epoch: 8 | Loss: 0.6395 | LR: 6.68788e-05 | Progress: 76% | Step: 144/190
2026-05-03 07:54:54 INFO Epoch Progress | Epoch: 8 | Loss: 0.6415 | LR: 6.61321e-05 | Progress: 100% | Step: 190/190
2026-05-03 07:58:35 INFO CSV Written | Epoch: 8
2026-05-03 07:58:35 INFO Epoch Done | Epoch: 8 | Time: 602.4425 | Train Loss: 0.6389 | Val Accuracy: 0.8652 | Val AUPRC: 0.9353 | Val Auroc: 0.9379 | Val F1: 0.8659 | Val Loss: 0.4677
2026-05-03 07:58:35 INFO Epoch Start | Epoch: 9
2026-05-03 07:58:45 INFO Epoch Progress | Epoch: 9 | Loss: 0.6155 | LR: 6.61159e-05 | Progress: 1% | Step: 1/190
2026-05-03 08:00:18 INFO Epoch Progress | Epoch: 9 | Loss: 0.6243 | LR: 6.53487e-05 | Progress: 25% | Step: 48/190
2026-05-03 08:01:52 INFO Epoch Progress | Epoch: 9 | Loss: 0.6207 | LR: 6.45612e-05 | Progress: 51% | Step: 96/190
2026-05-03 08:03:28 INFO Epoch Progress | Epoch: 9 | Loss: 0.6223 | LR: 6.37696e-05 | Progress: 76% | Step: 144/190
2026-05-03 08:04:56 INFO Epoch Progress | Epoch: 9 | Loss: 0.6241 | LR: 6.30075e-05 | Progress: 100% | Step: 190/190
2026-05-03 08:08:40 INFO CSV Written | Epoch: 9
2026-05-03 08:08:40 INFO Epoch Done | Epoch: 9 | Time: 604.8994 | Train Loss: 0.6231 | Val Accuracy: 0.8652 | Val AUPRC: 0.9366 | Val Auroc: 0.9387 | Val F1: 0.8684 | Val Loss: 0.4597
2026-05-03 08:08:40 INFO Epoch Start | Epoch: 10
2026-05-03 08:08:51 INFO Epoch Progress | Epoch: 10 | Loss: 0.6362 | LR: 6.29909e-05 | Progress: 1% | Step: 1/190
2026-05-03 08:10:22 INFO Epoch Progress | Epoch: 10 | Loss: 0.5969 | LR: 6.22088e-05 | Progress: 25% | Step: 48/190
2026-05-03 08:11:57 INFO Epoch Progress | Epoch: 10 | Loss: 0.6034 | LR: 6.14236e-05 | Progress: 51% | Step: 96/190
2026-05-03 08:13:31 INFO Epoch Progress | Epoch: 10 | Loss: 0.5989 | LR: 6.06185e-05 | Progress: 76% | Step: 144/190
2026-05-03 08:14:59 INFO Epoch Progress | Epoch: 10 | Loss: 0.6049 | LR: 5.98443e-05 | Progress: 100% | Step: 190/190
2026-05-03 08:18:43 INFO CSV Written | Epoch: 10
2026-05-03 08:18:43 INFO Epoch Done | Epoch: 10 | Time: 602.9089 | Train Loss: 0.6029 | Val Accuracy: 0.8677 | Val AUPRC: 0.9367 | Val Auroc: 0.9380 | Val F1: 0.8681 | Val Loss: 0.4347
2026-05-03 08:18:43 INFO Epoch Start | Epoch: 11
2026-05-03 08:18:53 INFO Epoch Progress | Epoch: 11 | Loss: 0.4780 | LR: 5.98274e-05 | Progress: 1% | Step: 1/190
2026-05-03 08:20:26 INFO Epoch Progress | Epoch: 11 | Loss: 0.5588 | LR: 5.90337e-05 | Progress: 25% | Step: 48/190
2026-05-03 08:22:00 INFO Epoch Progress | Epoch: 11 | Loss: 0.5825 | LR: 5.82207e-05 | Progress: 51% | Step: 96/190
2026-05-03 08:23:35 INFO Epoch Progress | Epoch: 11 | Loss: 0.5769 | LR: 5.74055e-05 | Progress: 76% | Step: 144/190
2026-05-03 08:25:03 INFO Epoch Progress | Epoch: 11 | Loss: 0.5775 | LR: 5.66224e-05 | Progress: 100% | Step: 190/190
2026-05-03 08:28:50 INFO CSV Written | Epoch: 11
2026-05-03 08:28:50 INFO Best Saved | Epoch: 11 | Monitor: val_auprc | Value: 0.9372
2026-05-03 08:28:50 INFO Epoch Done | Epoch: 11 | Time: 606.2735 | Train Loss: 0.5805 | Val Accuracy: 0.8672 | Val AUPRC: 0.9372 | Val Auroc: 0.9390 | Val F1: 0.8670 | Val Loss: 0.4232
2026-05-03 08:28:50 INFO Epoch Start | Epoch: 12
2026-05-03 08:29:01 INFO Epoch Progress | Epoch: 12 | Loss: 0.4717 | LR: 5.66053e-05 | Progress: 1% | Step: 1/190
2026-05-03 08:30:30 INFO Epoch Progress | Epoch: 12 | Loss: 0.5385 | LR: 5.58034e-05 | Progress: 25% | Step: 48/190
2026-05-03 08:32:04 INFO Epoch Progress | Epoch: 12 | Loss: 0.5467 | LR: 5.49828e-05 | Progress: 51% | Step: 96/190
2026-05-03 08:33:37 INFO Epoch Progress | Epoch: 12 | Loss: 0.5553 | LR: 5.41609e-05 | Progress: 76% | Step: 144/190
2026-05-03 08:35:05 INFO Epoch Progress | Epoch: 12 | Loss: 0.5541 | LR: 5.33722e-05 | Progress: 100% | Step: 190/190
2026-05-03 08:38:48 INFO CSV Written | Epoch: 12
2026-05-03 08:38:48 INFO Epoch Done | Epoch: 12 | Time: 597.8497 | Train Loss: 0.5539 | Val Accuracy: 0.8690 | Val AUPRC: 0.9366 | Val Auroc: 0.9384 | Val F1: 0.8695 | Val Loss: 0.4062
2026-05-03 08:38:48 INFO Epoch Start | Epoch: 13
2026-05-03 08:38:58 INFO Epoch Progress | Epoch: 13 | Loss: 0.4774 | LR: 5.33551e-05 | Progress: 1% | Step: 1/190
2026-05-03 08:40:30 INFO Epoch Progress | Epoch: 13 | Loss: 0.5198 | LR: 5.25483e-05 | Progress: 25% | Step: 48/190
2026-05-03 08:42:02 INFO Epoch Progress | Epoch: 13 | Loss: 0.5262 | LR: 5.17237e-05 | Progress: 51% | Step: 96/190
2026-05-03 08:43:33 INFO Epoch Progress | Epoch: 13 | Loss: 0.5300 | LR: 5.08986e-05 | Progress: 76% | Step: 144/190
2026-05-03 08:45:01 INFO Epoch Progress | Epoch: 13 | Loss: 0.5307 | LR: 5.01077e-05 | Progress: 100% | Step: 190/190
2026-05-03 08:48:44 INFO CSV Written | Epoch: 13
2026-05-03 08:48:44 INFO Epoch Done | Epoch: 13 | Time: 596.5756 | Train Loss: 0.5309 | Val Accuracy: 0.8694 | Val AUPRC: 0.9353 | Val Auroc: 0.9377 | Val F1: 0.8682 | Val Loss: 0.4004
2026-05-03 08:48:44 INFO Epoch Start | Epoch: 14
2026-05-03 08:48:53 INFO Epoch Progress | Epoch: 14 | Loss: 0.5244 | LR: 5.00905e-05 | Progress: 1% | Step: 1/190
2026-05-03 08:50:26 INFO Epoch Progress | Epoch: 14 | Loss: 0.4892 | LR: 4.92823e-05 | Progress: 25% | Step: 48/190
2026-05-03 08:52:01 INFO Epoch Progress | Epoch: 14 | Loss: 0.5107 | LR: 4.84572e-05 | Progress: 51% | Step: 96/190
2026-05-03 08:53:35 INFO Epoch Progress | Epoch: 14 | Loss: 0.5019 | LR: 4.76324e-05 | Progress: 76% | Step: 144/190
2026-05-03 08:55:03 INFO Epoch Progress | Epoch: 14 | Loss: 0.5040 | LR: 4.68427e-05 | Progress: 100% | Step: 190/190
2026-05-03 08:58:48 INFO CSV Written | Epoch: 14
2026-05-03 08:58:48 INFO Epoch Done | Epoch: 14 | Time: 604.1119 | Train Loss: 0.5031 | Val Accuracy: 0.8688 | Val AUPRC: 0.9336 | Val Auroc: 0.9374 | Val F1: 0.8705 | Val Loss: 0.3916
2026-05-03 08:58:48 INFO Epoch Start | Epoch: 15
2026-05-03 08:58:57 INFO Epoch Progress | Epoch: 15 | Loss: 0.6270 | LR: 4.68255e-05 | Progress: 1% | Step: 1/190
2026-05-03 09:00:31 INFO Epoch Progress | Epoch: 15 | Loss: 0.4477 | LR: 4.60194e-05 | Progress: 25% | Step: 48/190
2026-05-03 09:02:04 INFO Epoch Progress | Epoch: 15 | Loss: 0.4560 | LR: 4.51972e-05 | Progress: 51% | Step: 96/190
2026-05-03 09:03:38 INFO Epoch Progress | Epoch: 15 | Loss: 0.4713 | LR: 4.43764e-05 | Progress: 76% | Step: 144/190
2026-05-03 09:05:06 INFO Epoch Progress | Epoch: 15 | Loss: 0.4791 | LR: 4.35911e-05 | Progress: 100% | Step: 190/190
2026-05-03 09:08:51 INFO CSV Written | Epoch: 15
2026-05-03 09:08:51 INFO Epoch Done | Epoch: 15 | Time: 602.3255 | Train Loss: 0.4812 | Val Accuracy: 0.8676 | Val AUPRC: 0.9334 | Val Auroc: 0.9368 | Val F1: 0.8688 | Val Loss: 0.3922
2026-05-03 09:08:51 INFO Epoch Start | Epoch: 16
2026-05-03 09:09:01 INFO Epoch Progress | Epoch: 16 | Loss: 0.5452 | LR: 4.35741e-05 | Progress: 1% | Step: 1/190
2026-05-03 09:10:33 INFO Epoch Progress | Epoch: 16 | Loss: 0.4311 | LR: 4.27735e-05 | Progress: 25% | Step: 48/190
2026-05-03 09:12:07 INFO Epoch Progress | Epoch: 16 | Loss: 0.4476 | LR: 4.19578e-05 | Progress: 51% | Step: 96/190
2026-05-03 09:13:42 INFO Epoch Progress | Epoch: 16 | Loss: 0.4577 | LR: 4.11443e-05 | Progress: 76% | Step: 144/190
2026-05-03 09:15:10 INFO Epoch Progress | Epoch: 16 | Loss: 0.4580 | LR: 4.0367e-05 | Progress: 100% | Step: 190/190
2026-05-03 09:18:54 INFO CSV Written | Epoch: 16
2026-05-03 09:18:54 INFO Epoch Done | Epoch: 16 | Time: 603.3593 | Train Loss: 0.4571 | Val Accuracy: 0.8694 | Val AUPRC: 0.9297 | Val Auroc: 0.9329 | Val F1: 0.8705 | Val Loss: 0.3897
2026-05-03 09:18:54 INFO Epoch Start | Epoch: 17
2026-05-03 09:19:04 INFO Epoch Progress | Epoch: 17 | Loss: 0.3935 | LR: 4.03501e-05 | Progress: 1% | Step: 1/190
2026-05-03 09:20:36 INFO Epoch Progress | Epoch: 17 | Loss: 0.4020 | LR: 3.95584e-05 | Progress: 25% | Step: 48/190
2026-05-03 09:22:09 INFO Epoch Progress | Epoch: 17 | Loss: 0.4267 | LR: 3.87527e-05 | Progress: 51% | Step: 96/190
2026-05-03 09:23:42 INFO Epoch Progress | Epoch: 17 | Loss: 0.4300 | LR: 3.795e-05 | Progress: 76% | Step: 144/190
2026-05-03 09:25:11 INFO Epoch Progress | Epoch: 17 | Loss: 0.4346 | LR: 3.71839e-05 | Progress: 100% | Step: 190/190
2026-05-03 09:28:50 INFO CSV Written | Epoch: 17
2026-05-03 09:28:50 INFO Epoch Done | Epoch: 17 | Time: 596.1542 | Train Loss: 0.4341 | Val Accuracy: 0.8694 | Val AUPRC: 0.9281 | Val Auroc: 0.9325 | Val F1: 0.8694 | Val Loss: 0.3892
2026-05-03 09:28:50 INFO Epoch Start | Epoch: 18
2026-05-03 09:29:00 INFO Epoch Progress | Epoch: 18 | Loss: 0.2692 | LR: 3.71673e-05 | Progress: 1% | Step: 1/190
2026-05-03 09:30:32 INFO Epoch Progress | Epoch: 18 | Loss: 0.4030 | LR: 3.63879e-05 | Progress: 25% | Step: 48/190
2026-05-03 09:32:07 INFO Epoch Progress | Epoch: 18 | Loss: 0.4059 | LR: 3.55956e-05 | Progress: 51% | Step: 96/190
2026-05-03 09:33:41 INFO Epoch Progress | Epoch: 18 | Loss: 0.4189 | LR: 3.48072e-05 | Progress: 76% | Step: 144/190
2026-05-03 09:35:09 INFO Epoch Progress | Epoch: 18 | Loss: 0.4178 | LR: 3.40556e-05 | Progress: 100% | Step: 190/190
2026-05-03 09:38:57 INFO CSV Written | Epoch: 18
2026-05-03 09:38:57 INFO Epoch Done | Epoch: 18 | Time: 606.9707 | Train Loss: 0.4127 | Val Accuracy: 0.8695 | Val AUPRC: 0.9247 | Val Auroc: 0.9278 | Val F1: 0.8703 | Val Loss: 0.3937
2026-05-03 09:38:57 INFO Epoch Start | Epoch: 19
2026-05-03 09:39:07 INFO Epoch Progress | Epoch: 19 | Loss: 0.5514 | LR: 3.40393e-05 | Progress: 1% | Step: 1/190
2026-05-03 09:40:38 INFO Epoch Progress | Epoch: 19 | Loss: 0.4035 | LR: 3.32755e-05 | Progress: 25% | Step: 48/190
2026-05-03 09:42:10 INFO Epoch Progress | Epoch: 19 | Loss: 0.3975 | LR: 3.25e-05 | Progress: 51% | Step: 96/190
2026-05-03 09:43:43 INFO Epoch Progress | Epoch: 19 | Loss: 0.4010 | LR: 3.17292e-05 | Progress: 76% | Step: 144/190
2026-05-03 09:45:09 INFO Epoch Progress | Epoch: 19 | Loss: 0.3933 | LR: 3.09953e-05 | Progress: 100% | Step: 190/190
2026-05-03 09:48:56 INFO CSV Written | Epoch: 19
2026-05-03 09:48:56 INFO Epoch Done | Epoch: 19 | Time: 598.4309 | Train Loss: 0.3960 | Val Accuracy: 0.8709 | Val AUPRC: 0.9237 | Val Auroc: 0.9305 | Val F1: 0.8711 | Val Loss: 0.3918
2026-05-03 09:48:56 INFO Epoch Start | Epoch: 20
2026-05-03 09:49:06 INFO Epoch Progress | Epoch: 20 | Loss: 0.3589 | LR: 3.09794e-05 | Progress: 1% | Step: 1/190
2026-05-03 09:50:37 INFO Epoch Progress | Epoch: 20 | Loss: 0.3626 | LR: 3.02345e-05 | Progress: 25% | Step: 48/190
2026-05-03 09:52:08 INFO Epoch Progress | Epoch: 20 | Loss: 0.3589 | LR: 2.9479e-05 | Progress: 51% | Step: 96/190
2026-05-03 09:53:39 INFO Epoch Progress | Epoch: 20 | Loss: 0.3683 | LR: 2.87448e-05 | Progress: 76% | Step: 144/190
2026-05-03 09:55:04 INFO Epoch Progress | Epoch: 20 | Loss: 0.3761 | LR: 2.80315e-05 | Progress: 100% | Step: 190/190
2026-05-03 09:58:48 INFO CSV Written | Epoch: 20
2026-05-03 09:58:48 INFO Epoch Done | Epoch: 20 | Time: 592.6421 | Train Loss: 0.3741 | Val Accuracy: 0.8720 | Val AUPRC: 0.9178 | Val Auroc: 0.9250 | Val F1: 0.8731 | Val Loss: 0.3933
2026-05-03 09:58:48 INFO Epoch Start | Epoch: 21
2026-05-03 09:58:59 INFO Epoch Progress | Epoch: 21 | Loss: 0.4655 | LR: 2.80161e-05 | Progress: 1% | Step: 1/190
2026-05-03 10:00:31 INFO Epoch Progress | Epoch: 21 | Loss: 0.3386 | LR: 2.72931e-05 | Progress: 25% | Step: 48/190
2026-05-03 10:02:05 INFO Epoch Progress | Epoch: 21 | Loss: 0.3548 | LR: 2.65609e-05 | Progress: 51% | Step: 96/190
2026-05-03 10:03:40 INFO Epoch Progress | Epoch: 21 | Loss: 0.3548 | LR: 2.5835e-05 | Progress: 76% | Step: 144/190
2026-05-03 10:05:09 INFO Epoch Progress | Epoch: 21 | Loss: 0.3572 | LR: 2.51456e-05 | Progress: 100% | Step: 190/190
2026-05-03 10:08:51 INFO CSV Written | Epoch: 21
2026-05-03 10:08:51 INFO Epoch Done | Epoch: 21 | Time: 602.8092 | Train Loss: 0.3612 | Val Accuracy: 0.8714 | Val AUPRC: 0.9179 | Val Auroc: 0.9275 | Val F1: 0.8721 | Val Loss: 0.3992
2026-05-03 10:08:51 INFO Early Stop | Epoch: 21
2026-05-03 10:08:51 INFO Stage Done | Run Id: no_max_s47
2026-05-03 10:08:51 INFO Stage Start | Checkpoint: models/v3.1/train/no_max_s47/best_model.pth | Run Id: no_max_s47
2026-05-03 10:08:51 INFO Checkpoint Loaded | Path: models/v3.1/train/no_max_s47/best_model.pth
2026-05-03 10:08:51 INFO Decision Threshold | Mode: fixed | Value: 0.5000
2026-05-03 10:16:33 INFO Evaluation Metrics | Accuracy: 0.6153 | AUPRC: 0.6881 | Auroc: 0.6661 | F1: 0.5922 | Mcc: 0.2321 | Precision: 0.6302 | Recall: 0.5585 | Sensitivity: 0.5585 | Specificity: 0.6721 | Split: test
2026-05-03 10:16:33 INFO CSV Written | Path: logs/v3.1/evaluate/no_max_s47/evaluate.csv
2026-05-03 10:16:33 INFO Stage Done | Run Id: no_max_s47
[rank0]:[W503 10:16:34.868047814 ProcessGroupNCCL.cpp:1553] Warning: WARNING: destroy_process_group() was not called before program exit, which can leak resources. For more info, please see https://pytorch.org/docs/stable/distributed.html#shutdown (function operator())
