Warning: torch was built against CUDA 12.8, but using toolkit 12.5 at /public/software/CUDA/cuda-12.5.
Set GRAND_CUDA_VERSION or CUDA_HOME to an exact-match toolkit to avoid DS_SKIP_CUDA_CHECK=1.

*****************************************
Setting OMP_NUM_THREADS environment variable for each process to be 1 in default, to avoid your system being overloaded, please further tune the variable for optimal performance in your application as needed. 
*****************************************
INFO:src.pipeline.__main__:Loaded config: configs/v3-1/0506/contact_sketch_s101.yaml
WARNING:accelerate.utils.other:[RANK 0] Detected kernel version 3.10.0, which is below the recommended minimum of 5.5.0; this can cause the process to hang. It is recommended to upgrade the kernel to the minimum version or higher.
WARNING:py.warnings:/public/home/wangar2023/grand/.venv/lib/python3.11/site-packages/torch/distributed/c10d_logger.py:83: UserWarning: barrier(): using the device under current context. You can specify `device_id` in `init_process_group` to mute this warning.
  return func(*args, **kwargs)

2026-05-07 15:50:57 INFO Pipeline Runtime | Device: cuda:0 | Distributed: True | Test Batches: 1691 | Train Batches: 812 | Valid Batches: 762 | World Size: 4
2026-05-07 15:50:57 INFO Stage Start | Run Id: contact_sketch_s101
2026-05-07 15:51:00 INFO Train Config | Epochs: 50 | Monitor: auprc | Patience: 10
2026-05-07 15:51:00 INFO Epoch Start | Epoch: 1
2026-05-07 15:51:05 INFO Epoch Progress | Epoch: 1 | Loss: 0.9114 | LR: 4e-06 | Progress: 0% | Step: 1/812
2026-05-07 15:52:38 INFO Epoch Progress | Epoch: 1 | Loss: 0.7430 | LR: 1.30844e-05 | Progress: 25% | Step: 203/812
2026-05-07 15:54:11 INFO Epoch Progress | Epoch: 1 | Loss: 0.7275 | LR: 3.704e-05 | Progress: 50% | Step: 406/812
2026-05-07 15:55:43 INFO Epoch Progress | Epoch: 1 | Loss: 0.7005 | LR: 6.67126e-05 | Progress: 75% | Step: 609/812
2026-05-07 15:57:16 INFO Epoch Progress | Epoch: 1 | Loss: 0.6624 | LR: 9.07628e-05 | Progress: 100% | Step: 812/812
2026-05-07 16:00:17 INFO CSV Written | Epoch: 1
WARNING:py.warnings:/public/home/wangar2023/grand/.venv/lib/python3.11/site-packages/deepspeed/runtime/zero/linear.py:47: FutureWarning: `torch.cuda.amp.custom_fwd(args...)` is deprecated. Please use `torch.amp.custom_fwd(args..., device_type='cuda')` instead.
  @autocast_custom_fwd

WARNING:py.warnings:/public/home/wangar2023/grand/.venv/lib/python3.11/site-packages/deepspeed/runtime/zero/linear.py:66: FutureWarning: `torch.cuda.amp.custom_bwd(args...)` is deprecated. Please use `torch.amp.custom_bwd(args..., device_type='cuda')` instead.
  @autocast_custom_bwd

2026-05-07 16:00:25 INFO Best Saved | Epoch: 1 | Monitor: val_auprc | Value: 0.8458
2026-05-07 16:00:25 INFO Epoch Done | Epoch: 1 | Time: 557.1014 | Train Loss: 0.6610 | Val Accuracy: 0.7650 | Val AUPRC: 0.8458 | Val Auroc: 0.8517 | Val F1: 0.7543 | Val Loss: 0.5083
2026-05-07 16:00:25 INFO Epoch Start | Epoch: 2
2026-05-07 16:00:27 INFO Epoch Progress | Epoch: 2 | Loss: 0.3867 | LR: 9.08503e-05 | Progress: 0% | Step: 1/812
2026-05-07 16:01:59 INFO Epoch Progress | Epoch: 2 | Loss: 0.5030 | LR: 9.99999e-05 | Progress: 25% | Step: 203/812
2026-05-07 16:03:33 INFO Epoch Progress | Epoch: 2 | Loss: 0.4868 | LR: 9.98791e-05 | Progress: 50% | Step: 406/812
2026-05-07 16:05:07 INFO Epoch Progress | Epoch: 2 | Loss: 0.4831 | LR: 9.95152e-05 | Progress: 75% | Step: 609/812
2026-05-07 16:06:39 INFO Epoch Progress | Epoch: 2 | Loss: 0.4779 | LR: 9.89101e-05 | Progress: 100% | Step: 812/812
2026-05-07 16:09:40 INFO CSV Written | Epoch: 2
2026-05-07 16:09:40 INFO Best Saved | Epoch: 2 | Monitor: val_auprc | Value: 0.8985
2026-05-07 16:09:40 INFO Epoch Done | Epoch: 2 | Time: 554.8706 | Train Loss: 0.4773 | Val Accuracy: 0.8146 | Val AUPRC: 0.8985 | Val Auroc: 0.8971 | Val F1: 0.8092 | Val Loss: 0.4444
2026-05-07 16:09:40 INFO Epoch Start | Epoch: 3
2026-05-07 16:09:42 INFO Epoch Progress | Epoch: 3 | Loss: 0.4116 | LR: 9.89065e-05 | Progress: 0% | Step: 1/812
2026-05-07 16:11:15 INFO Epoch Progress | Epoch: 3 | Loss: 0.4325 | LR: 9.80666e-05 | Progress: 25% | Step: 203/812
2026-05-07 16:12:48 INFO Epoch Progress | Epoch: 3 | Loss: 0.4326 | LR: 9.69949e-05 | Progress: 50% | Step: 406/812
2026-05-07 16:14:23 INFO Epoch Progress | Epoch: 3 | Loss: 0.4271 | LR: 9.56895e-05 | Progress: 75% | Step: 609/812
2026-05-07 16:15:56 INFO Epoch Progress | Epoch: 3 | Loss: 0.4249 | LR: 9.41615e-05 | Progress: 100% | Step: 812/812
2026-05-07 16:18:55 INFO CSV Written | Epoch: 3
2026-05-07 16:18:55 INFO Best Saved | Epoch: 3 | Monitor: val_auprc | Value: 0.9140
2026-05-07 16:18:55 INFO Epoch Done | Epoch: 3 | Time: 554.1372 | Train Loss: 0.4238 | Val Accuracy: 0.8323 | Val AUPRC: 0.9140 | Val Auroc: 0.9138 | Val F1: 0.8302 | Val Loss: 0.4184
2026-05-07 16:18:55 INFO Epoch Start | Epoch: 4
2026-05-07 16:18:57 INFO Epoch Progress | Epoch: 4 | Loss: 0.4695 | LR: 9.41535e-05 | Progress: 0% | Step: 1/812
2026-05-07 16:20:29 INFO Epoch Progress | Epoch: 4 | Loss: 0.3927 | LR: 9.24184e-05 | Progress: 25% | Step: 203/812
2026-05-07 16:22:02 INFO Epoch Progress | Epoch: 4 | Loss: 0.3909 | LR: 9.04686e-05 | Progress: 50% | Step: 406/812
2026-05-07 16:23:36 INFO Epoch Progress | Epoch: 4 | Loss: 0.3878 | LR: 8.83216e-05 | Progress: 75% | Step: 609/812
2026-05-07 16:25:08 INFO Epoch Progress | Epoch: 4 | Loss: 0.3871 | LR: 8.59879e-05 | Progress: 100% | Step: 812/812
2026-05-07 16:28:06 INFO CSV Written | Epoch: 4
2026-05-07 16:28:06 INFO Best Saved | Epoch: 4 | Monitor: val_auprc | Value: 0.9234
2026-05-07 16:28:06 INFO Epoch Done | Epoch: 4 | Time: 551.3343 | Train Loss: 0.3880 | Val Accuracy: 0.8440 | Val AUPRC: 0.9234 | Val Auroc: 0.9243 | Val F1: 0.8406 | Val Loss: 0.3974
2026-05-07 16:28:06 INFO Epoch Start | Epoch: 5
2026-05-07 16:28:08 INFO Epoch Progress | Epoch: 5 | Loss: 0.2768 | LR: 8.5976e-05 | Progress: 0% | Step: 1/812
2026-05-07 16:29:40 INFO Epoch Progress | Epoch: 5 | Loss: 0.3571 | LR: 8.3479e-05 | Progress: 25% | Step: 203/812
2026-05-07 16:31:13 INFO Epoch Progress | Epoch: 5 | Loss: 0.3529 | LR: 8.08069e-05 | Progress: 50% | Step: 406/812
2026-05-07 16:32:45 INFO Epoch Progress | Epoch: 5 | Loss: 0.3575 | LR: 7.79847e-05 | Progress: 75% | Step: 609/812
2026-05-07 16:34:18 INFO Epoch Progress | Epoch: 5 | Loss: 0.3596 | LR: 7.5041e-05 | Progress: 100% | Step: 812/812
2026-05-07 16:37:21 INFO CSV Written | Epoch: 5
2026-05-07 16:37:21 INFO Best Saved | Epoch: 5 | Monitor: val_auprc | Value: 0.9305
2026-05-07 16:37:21 INFO Epoch Done | Epoch: 5 | Time: 554.6031 | Train Loss: 0.3567 | Val Accuracy: 0.8586 | Val AUPRC: 0.9305 | Val Auroc: 0.9321 | Val F1: 0.8562 | Val Loss: 0.3862
2026-05-07 16:37:21 INFO Epoch Start | Epoch: 6
2026-05-07 16:37:34 INFO Epoch Progress | Epoch: 6 | Loss: 0.9525 | LR: 7.50262e-05 | Progress: 1% | Step: 1/190
2026-05-07 16:38:46 INFO Epoch Progress | Epoch: 6 | Loss: 0.7013 | LR: 7.43233e-05 | Progress: 25% | Step: 48/190
2026-05-07 16:39:57 INFO Epoch Progress | Epoch: 6 | Loss: 0.6889 | LR: 7.35988e-05 | Progress: 51% | Step: 96/190
2026-05-07 16:41:10 INFO Epoch Progress | Epoch: 6 | Loss: 0.6887 | LR: 7.2868e-05 | Progress: 76% | Step: 144/190
2026-05-07 16:42:18 INFO Epoch Progress | Epoch: 6 | Loss: 0.6843 | LR: 7.21618e-05 | Progress: 100% | Step: 190/190
2026-05-07 16:45:18 INFO CSV Written | Epoch: 6
2026-05-07 16:45:18 INFO Best Saved | Epoch: 6 | Monitor: val_auprc | Value: 0.9376
2026-05-07 16:45:18 INFO Epoch Done | Epoch: 6 | Time: 476.5609 | Train Loss: 0.6821 | Val Accuracy: 0.8678 | Val AUPRC: 0.9376 | Val Auroc: 0.9381 | Val F1: 0.8685 | Val Loss: 0.4845
2026-05-07 16:45:18 INFO Epoch Start | Epoch: 7
2026-05-07 16:45:28 INFO Epoch Progress | Epoch: 7 | Loss: 0.7195 | LR: 7.21463e-05 | Progress: 1% | Step: 1/190
2026-05-07 16:46:39 INFO Epoch Progress | Epoch: 7 | Loss: 0.6538 | LR: 7.14189e-05 | Progress: 25% | Step: 48/190
2026-05-07 16:47:51 INFO Epoch Progress | Epoch: 7 | Loss: 0.6569 | LR: 7.06702e-05 | Progress: 51% | Step: 96/190
2026-05-07 16:49:02 INFO Epoch Progress | Epoch: 7 | Loss: 0.6562 | LR: 6.99159e-05 | Progress: 76% | Step: 144/190
2026-05-07 16:50:10 INFO Epoch Progress | Epoch: 7 | Loss: 0.6577 | LR: 6.91879e-05 | Progress: 100% | Step: 190/190
2026-05-07 16:53:13 INFO CSV Written | Epoch: 7
2026-05-07 16:53:13 INFO Epoch Done | Epoch: 7 | Time: 474.4364 | Train Loss: 0.6565 | Val Accuracy: 0.8636 | Val AUPRC: 0.9360 | Val Auroc: 0.9366 | Val F1: 0.8616 | Val Loss: 0.4759
2026-05-07 16:53:13 INFO Epoch Start | Epoch: 8
2026-05-07 16:53:23 INFO Epoch Progress | Epoch: 8 | Loss: 0.6240 | LR: 6.9172e-05 | Progress: 1% | Step: 1/190
2026-05-07 16:54:35 INFO Epoch Progress | Epoch: 8 | Loss: 0.6327 | LR: 6.84231e-05 | Progress: 25% | Step: 48/190
2026-05-07 16:55:48 INFO Epoch Progress | Epoch: 8 | Loss: 0.6355 | LR: 6.76534e-05 | Progress: 51% | Step: 96/190
2026-05-07 16:57:01 INFO Epoch Progress | Epoch: 8 | Loss: 0.6391 | LR: 6.68788e-05 | Progress: 76% | Step: 144/190
2026-05-07 16:58:10 INFO Epoch Progress | Epoch: 8 | Loss: 0.6411 | LR: 6.61321e-05 | Progress: 100% | Step: 190/190
2026-05-07 17:01:14 INFO CSV Written | Epoch: 8
2026-05-07 17:01:14 INFO Epoch Done | Epoch: 8 | Time: 481.1515 | Train Loss: 0.6449 | Val Accuracy: 0.8670 | Val AUPRC: 0.9374 | Val Auroc: 0.9390 | Val F1: 0.8659 | Val Loss: 0.4774
2026-05-07 17:01:14 INFO Epoch Start | Epoch: 9
2026-05-07 17:01:25 INFO Epoch Progress | Epoch: 9 | Loss: 0.5838 | LR: 6.61159e-05 | Progress: 1% | Step: 1/190
2026-05-07 17:02:36 INFO Epoch Progress | Epoch: 9 | Loss: 0.6205 | LR: 6.53487e-05 | Progress: 25% | Step: 48/190
2026-05-07 17:03:49 INFO Epoch Progress | Epoch: 9 | Loss: 0.6328 | LR: 6.45612e-05 | Progress: 51% | Step: 96/190
2026-05-07 17:05:01 INFO Epoch Progress | Epoch: 9 | Loss: 0.6324 | LR: 6.37696e-05 | Progress: 76% | Step: 144/190
2026-05-07 17:06:09 INFO Epoch Progress | Epoch: 9 | Loss: 0.6298 | LR: 6.30075e-05 | Progress: 100% | Step: 190/190
2026-05-07 17:09:14 INFO CSV Written | Epoch: 9
2026-05-07 17:09:14 INFO Best Saved | Epoch: 9 | Monitor: val_auprc | Value: 0.9376
2026-05-07 17:09:14 INFO Epoch Done | Epoch: 9 | Time: 480.2694 | Train Loss: 0.6269 | Val Accuracy: 0.8678 | Val AUPRC: 0.9376 | Val Auroc: 0.9385 | Val F1: 0.8687 | Val Loss: 0.4412
2026-05-07 17:09:14 INFO Epoch Start | Epoch: 10
2026-05-07 17:09:25 INFO Epoch Progress | Epoch: 10 | Loss: 0.6486 | LR: 6.29909e-05 | Progress: 1% | Step: 1/190
2026-05-07 17:10:35 INFO Epoch Progress | Epoch: 10 | Loss: 0.6018 | LR: 6.22088e-05 | Progress: 25% | Step: 48/190
2026-05-07 17:11:47 INFO Epoch Progress | Epoch: 10 | Loss: 0.6106 | LR: 6.14068e-05 | Progress: 51% | Step: 96/190
2026-05-07 17:12:59 INFO Epoch Progress | Epoch: 10 | Loss: 0.6106 | LR: 6.06017e-05 | Progress: 76% | Step: 144/190
2026-05-07 17:14:06 INFO Epoch Progress | Epoch: 10 | Loss: 0.6142 | LR: 5.98274e-05 | Progress: 100% | Step: 190/190
2026-05-07 17:17:11 INFO CSV Written | Epoch: 10
2026-05-07 17:17:11 INFO Epoch Done | Epoch: 10 | Time: 476.9206 | Train Loss: 0.6106 | Val Accuracy: 0.8663 | Val AUPRC: 0.9367 | Val Auroc: 0.9388 | Val F1: 0.8658 | Val Loss: 0.4399
2026-05-07 17:17:11 INFO Epoch Start | Epoch: 11
2026-05-07 17:17:22 INFO Epoch Progress | Epoch: 11 | Loss: 0.5762 | LR: 5.98105e-05 | Progress: 1% | Step: 1/190
2026-05-07 17:18:33 INFO Epoch Progress | Epoch: 11 | Loss: 0.5860 | LR: 5.90168e-05 | Progress: 25% | Step: 48/190
2026-05-07 17:19:45 INFO Epoch Progress | Epoch: 11 | Loss: 0.5969 | LR: 5.82038e-05 | Progress: 51% | Step: 96/190
2026-05-07 17:20:56 INFO Epoch Progress | Epoch: 11 | Loss: 0.5916 | LR: 5.73885e-05 | Progress: 76% | Step: 144/190
2026-05-07 17:22:04 INFO Epoch Progress | Epoch: 11 | Loss: 0.5939 | LR: 5.66053e-05 | Progress: 100% | Step: 190/190
2026-05-07 17:25:06 INFO CSV Written | Epoch: 11
2026-05-07 17:25:06 INFO Epoch Done | Epoch: 11 | Time: 474.6111 | Train Loss: 0.5906 | Val Accuracy: 0.8651 | Val AUPRC: 0.9364 | Val Auroc: 0.9379 | Val F1: 0.8612 | Val Loss: 0.4261
2026-05-07 17:25:06 INFO Epoch Start | Epoch: 12
2026-05-07 17:25:15 INFO Epoch Progress | Epoch: 12 | Loss: 0.4809 | LR: 5.65883e-05 | Progress: 1% | Step: 1/190
2026-05-07 17:26:27 INFO Epoch Progress | Epoch: 12 | Loss: 0.5604 | LR: 5.57863e-05 | Progress: 25% | Step: 48/190
2026-05-07 17:27:38 INFO Epoch Progress | Epoch: 12 | Loss: 0.5688 | LR: 5.49657e-05 | Progress: 51% | Step: 96/190
2026-05-07 17:28:50 INFO Epoch Progress | Epoch: 12 | Loss: 0.5715 | LR: 5.41438e-05 | Progress: 76% | Step: 144/190
2026-05-07 17:29:57 INFO Epoch Progress | Epoch: 12 | Loss: 0.5698 | LR: 5.33551e-05 | Progress: 100% | Step: 190/190
2026-05-07 17:33:00 INFO CSV Written | Epoch: 12
2026-05-07 17:33:00 INFO Epoch Done | Epoch: 12 | Time: 474.4363 | Train Loss: 0.5655 | Val Accuracy: 0.8668 | Val AUPRC: 0.9367 | Val Auroc: 0.9378 | Val F1: 0.8644 | Val Loss: 0.4157
2026-05-07 17:33:00 INFO Epoch Start | Epoch: 13
2026-05-07 17:33:10 INFO Epoch Progress | Epoch: 13 | Loss: 0.5046 | LR: 5.33379e-05 | Progress: 1% | Step: 1/190
2026-05-07 17:34:21 INFO Epoch Progress | Epoch: 13 | Loss: 0.5056 | LR: 5.25311e-05 | Progress: 25% | Step: 48/190
2026-05-07 17:35:31 INFO Epoch Progress | Epoch: 13 | Loss: 0.5419 | LR: 5.17065e-05 | Progress: 51% | Step: 96/190
2026-05-07 17:36:43 INFO Epoch Progress | Epoch: 13 | Loss: 0.5393 | LR: 5.08814e-05 | Progress: 76% | Step: 144/190
2026-05-07 17:37:50 INFO Epoch Progress | Epoch: 13 | Loss: 0.5434 | LR: 5.00905e-05 | Progress: 100% | Step: 190/190
2026-05-07 17:40:52 INFO CSV Written | Epoch: 13
2026-05-07 17:40:52 INFO Epoch Done | Epoch: 13 | Time: 471.7585 | Train Loss: 0.5376 | Val Accuracy: 0.8707 | Val AUPRC: 0.9365 | Val Auroc: 0.9393 | Val F1: 0.8699 | Val Loss: 0.3970
2026-05-07 17:40:52 INFO Epoch Start | Epoch: 14
2026-05-07 17:41:02 INFO Epoch Progress | Epoch: 14 | Loss: 0.4419 | LR: 5.00733e-05 | Progress: 1% | Step: 1/190
2026-05-07 17:42:14 INFO Epoch Progress | Epoch: 14 | Loss: 0.4893 | LR: 4.92651e-05 | Progress: 25% | Step: 48/190
2026-05-07 17:43:26 INFO Epoch Progress | Epoch: 14 | Loss: 0.4928 | LR: 4.844e-05 | Progress: 51% | Step: 96/190
2026-05-07 17:44:37 INFO Epoch Progress | Epoch: 14 | Loss: 0.5017 | LR: 4.76153e-05 | Progress: 76% | Step: 144/190
2026-05-07 17:45:45 INFO Epoch Progress | Epoch: 14 | Loss: 0.5058 | LR: 4.68255e-05 | Progress: 100% | Step: 190/190
2026-05-07 17:48:51 INFO CSV Written | Epoch: 14
2026-05-07 17:48:51 INFO Epoch Done | Epoch: 14 | Time: 478.4099 | Train Loss: 0.5092 | Val Accuracy: 0.8682 | Val AUPRC: 0.9348 | Val Auroc: 0.9368 | Val F1: 0.8686 | Val Loss: 0.3958
2026-05-07 17:48:51 INFO Epoch Start | Epoch: 15
2026-05-07 17:49:01 INFO Epoch Progress | Epoch: 15 | Loss: 0.6955 | LR: 4.68083e-05 | Progress: 1% | Step: 1/190
2026-05-07 17:50:12 INFO Epoch Progress | Epoch: 15 | Loss: 0.5066 | LR: 4.60023e-05 | Progress: 25% | Step: 48/190
2026-05-07 17:51:24 INFO Epoch Progress | Epoch: 15 | Loss: 0.4931 | LR: 4.51801e-05 | Progress: 51% | Step: 96/190
2026-05-07 17:52:35 INFO Epoch Progress | Epoch: 15 | Loss: 0.4918 | LR: 4.43593e-05 | Progress: 76% | Step: 144/190
2026-05-07 17:53:42 INFO Epoch Progress | Epoch: 15 | Loss: 0.4884 | LR: 4.35911e-05 | Progress: 100% | Step: 190/190
2026-05-07 17:56:51 INFO CSV Written | Epoch: 15
2026-05-07 17:56:51 INFO Epoch Done | Epoch: 15 | Time: 480.2308 | Train Loss: 0.4868 | Val Accuracy: 0.8712 | Val AUPRC: 0.9375 | Val Auroc: 0.9394 | Val F1: 0.8711 | Val Loss: 0.3868
2026-05-07 17:56:51 INFO Epoch Start | Epoch: 16
2026-05-07 17:57:02 INFO Epoch Progress | Epoch: 16 | Loss: 0.4384 | LR: 4.35741e-05 | Progress: 1% | Step: 1/190
2026-05-07 17:58:13 INFO Epoch Progress | Epoch: 16 | Loss: 0.4521 | LR: 4.27735e-05 | Progress: 25% | Step: 48/190
2026-05-07 17:59:25 INFO Epoch Progress | Epoch: 16 | Loss: 0.4561 | LR: 4.19578e-05 | Progress: 51% | Step: 96/190
2026-05-07 18:00:37 INFO Epoch Progress | Epoch: 16 | Loss: 0.4673 | LR: 4.11443e-05 | Progress: 76% | Step: 144/190
2026-05-07 18:01:44 INFO Epoch Progress | Epoch: 16 | Loss: 0.4678 | LR: 4.0367e-05 | Progress: 100% | Step: 190/190
2026-05-07 18:04:57 INFO CSV Written | Epoch: 16
2026-05-07 18:04:57 INFO Epoch Done | Epoch: 16 | Time: 486.5057 | Train Loss: 0.4603 | Val Accuracy: 0.8682 | Val AUPRC: 0.9325 | Val Auroc: 0.9339 | Val F1: 0.8689 | Val Loss: 0.3917
2026-05-07 18:04:57 INFO Epoch Start | Epoch: 17
2026-05-07 18:05:06 INFO Epoch Progress | Epoch: 17 | Loss: 0.5958 | LR: 4.03501e-05 | Progress: 1% | Step: 1/190
2026-05-07 18:06:18 INFO Epoch Progress | Epoch: 17 | Loss: 0.4323 | LR: 3.95584e-05 | Progress: 25% | Step: 48/190
2026-05-07 18:07:30 INFO Epoch Progress | Epoch: 17 | Loss: 0.4383 | LR: 3.87527e-05 | Progress: 51% | Step: 96/190
2026-05-07 18:08:42 INFO Epoch Progress | Epoch: 17 | Loss: 0.4416 | LR: 3.795e-05 | Progress: 76% | Step: 144/190
2026-05-07 18:09:49 INFO Epoch Progress | Epoch: 17 | Loss: 0.4375 | LR: 3.71839e-05 | Progress: 100% | Step: 190/190
2026-05-07 18:13:05 INFO CSV Written | Epoch: 17
2026-05-07 18:13:05 INFO Epoch Done | Epoch: 17 | Time: 487.2235 | Train Loss: 0.4373 | Val Accuracy: 0.8696 | Val AUPRC: 0.9329 | Val Auroc: 0.9338 | Val F1: 0.8680 | Val Loss: 0.3890
2026-05-07 18:13:05 INFO Epoch Start | Epoch: 18
2026-05-07 18:13:15 INFO Epoch Progress | Epoch: 18 | Loss: 0.3372 | LR: 3.71673e-05 | Progress: 1% | Step: 1/190
2026-05-07 18:14:26 INFO Epoch Progress | Epoch: 18 | Loss: 0.4201 | LR: 3.63879e-05 | Progress: 25% | Step: 48/190
2026-05-07 18:15:38 INFO Epoch Progress | Epoch: 18 | Loss: 0.4141 | LR: 3.56121e-05 | Progress: 51% | Step: 96/190
2026-05-07 18:16:50 INFO Epoch Progress | Epoch: 18 | Loss: 0.4121 | LR: 3.48236e-05 | Progress: 76% | Step: 144/190
2026-05-07 18:17:58 INFO Epoch Progress | Epoch: 18 | Loss: 0.4095 | LR: 3.40719e-05 | Progress: 100% | Step: 190/190
2026-05-07 18:21:11 INFO CSV Written | Epoch: 18
2026-05-07 18:21:11 INFO Epoch Done | Epoch: 18 | Time: 485.9327 | Train Loss: 0.4122 | Val Accuracy: 0.8718 | Val AUPRC: 0.9324 | Val Auroc: 0.9336 | Val F1: 0.8701 | Val Loss: 0.3870
2026-05-07 18:21:11 INFO Epoch Start | Epoch: 19
2026-05-07 18:21:21 INFO Epoch Progress | Epoch: 19 | Loss: 0.3936 | LR: 3.40556e-05 | Progress: 1% | Step: 1/190
2026-05-07 18:22:33 INFO Epoch Progress | Epoch: 19 | Loss: 0.3969 | LR: 3.32917e-05 | Progress: 25% | Step: 48/190
2026-05-07 18:23:44 INFO Epoch Progress | Epoch: 19 | Loss: 0.3885 | LR: 3.25161e-05 | Progress: 51% | Step: 96/190
2026-05-07 18:24:56 INFO Epoch Progress | Epoch: 19 | Loss: 0.3880 | LR: 3.17452e-05 | Progress: 76% | Step: 144/190
2026-05-07 18:26:03 INFO Epoch Progress | Epoch: 19 | Loss: 0.3916 | LR: 3.10112e-05 | Progress: 100% | Step: 190/190
2026-05-07 18:29:11 INFO CSV Written | Epoch: 19
2026-05-07 18:29:11 INFO Epoch Done | Epoch: 19 | Time: 480.7624 | Train Loss: 0.3901 | Val Accuracy: 0.8719 | Val AUPRC: 0.9311 | Val Auroc: 0.9318 | Val F1: 0.8706 | Val Loss: 0.3883
2026-05-07 18:29:11 INFO Early Stop | Epoch: 19
2026-05-07 18:29:11 INFO Stage Done | Run Id: contact_sketch_s101
2026-05-07 18:29:11 INFO Stage Start | Checkpoint: models/v3.1/train/contact_sketch_s101/best_model.pth | Run Id: contact_sketch_s101
2026-05-07 18:29:11 INFO Checkpoint Loaded | Path: models/v3.1/train/contact_sketch_s101/best_model.pth
2026-05-07 18:29:11 INFO Decision Threshold | Mode: fixed | Value: 0.5000
2026-05-07 18:35:54 INFO Evaluation Metrics | Accuracy: 0.6088 | AUPRC: 0.6830 | Auroc: 0.6573 | F1: 0.5967 | Mcc: 0.2180 | Precision: 0.6159 | Recall: 0.5786 | Sensitivity: 0.5786 | Specificity: 0.6390 | Split: test
2026-05-07 18:35:54 INFO CSV Written | Path: logs/v3.1/evaluate/contact_sketch_s101/evaluate.csv
2026-05-07 18:35:54 INFO Stage Done | Run Id: contact_sketch_s101
[rank0]:[W507 18:35:54.756217354 ProcessGroupNCCL.cpp:1553] Warning: WARNING: destroy_process_group() was not called before program exit, which can leak resources. For more info, please see https://pytorch.org/docs/stable/distributed.html#shutdown (function operator())

*****************************************
Setting OMP_NUM_THREADS environment variable for each process to be 1 in default, to avoid your system being overloaded, please further tune the variable for optimal performance in your application as needed. 
*****************************************
INFO:src.pipeline.__main__:Loaded config: configs/v3-1/0506/contact_sketch_s13.yaml
WARNING:accelerate.utils.other:[RANK 0] Detected kernel version 3.10.0, which is below the recommended minimum of 5.5.0; this can cause the process to hang. It is recommended to upgrade the kernel to the minimum version or higher.
WARNING:py.warnings:/public/home/wangar2023/grand/.venv/lib/python3.11/site-packages/torch/distributed/c10d_logger.py:83: UserWarning: barrier(): using the device under current context. You can specify `device_id` in `init_process_group` to mute this warning.
  return func(*args, **kwargs)

2026-05-07 18:37:00 INFO Pipeline Runtime | Device: cuda:0 | Distributed: True | Test Batches: 1691 | Train Batches: 812 | Valid Batches: 762 | World Size: 4
2026-05-07 18:37:00 INFO Stage Start | Run Id: contact_sketch_s13
2026-05-07 18:37:03 INFO Train Config | Epochs: 50 | Monitor: auprc | Patience: 10
2026-05-07 18:37:03 INFO Epoch Start | Epoch: 1
2026-05-07 18:37:07 INFO Epoch Progress | Epoch: 1 | Loss: 0.7261 | LR: 4e-06 | Progress: 0% | Step: 1/812
2026-05-07 18:38:40 INFO Epoch Progress | Epoch: 1 | Loss: 0.7320 | LR: 1.30844e-05 | Progress: 25% | Step: 203/812
2026-05-07 18:40:12 INFO Epoch Progress | Epoch: 1 | Loss: 0.7223 | LR: 3.704e-05 | Progress: 50% | Step: 406/812
2026-05-07 18:41:46 INFO Epoch Progress | Epoch: 1 | Loss: 0.7004 | LR: 6.67126e-05 | Progress: 75% | Step: 609/812
2026-05-07 18:43:18 INFO Epoch Progress | Epoch: 1 | Loss: 0.6696 | LR: 9.07628e-05 | Progress: 100% | Step: 812/812
2026-05-07 18:46:20 INFO CSV Written | Epoch: 1
WARNING:py.warnings:/public/home/wangar2023/grand/.venv/lib/python3.11/site-packages/deepspeed/runtime/zero/linear.py:47: FutureWarning: `torch.cuda.amp.custom_fwd(args...)` is deprecated. Please use `torch.amp.custom_fwd(args..., device_type='cuda')` instead.
  @autocast_custom_fwd

WARNING:py.warnings:/public/home/wangar2023/grand/.venv/lib/python3.11/site-packages/deepspeed/runtime/zero/linear.py:66: FutureWarning: `torch.cuda.amp.custom_bwd(args...)` is deprecated. Please use `torch.amp.custom_bwd(args..., device_type='cuda')` instead.
  @autocast_custom_bwd

2026-05-07 18:46:26 INFO Best Saved | Epoch: 1 | Monitor: val_auprc | Value: 0.8389
2026-05-07 18:46:26 INFO Epoch Done | Epoch: 1 | Time: 557.2186 | Train Loss: 0.6686 | Val Accuracy: 0.7499 | Val AUPRC: 0.8389 | Val Auroc: 0.8412 | Val F1: 0.7232 | Val Loss: 0.5300
2026-05-07 18:46:26 INFO Epoch Start | Epoch: 2
2026-05-07 18:46:28 INFO Epoch Progress | Epoch: 2 | Loss: 0.6491 | LR: 9.08503e-05 | Progress: 0% | Step: 1/812
2026-05-07 18:48:01 INFO Epoch Progress | Epoch: 2 | Loss: 0.5195 | LR: 9.99999e-05 | Progress: 25% | Step: 203/812
2026-05-07 18:49:34 INFO Epoch Progress | Epoch: 2 | Loss: 0.5035 | LR: 9.98791e-05 | Progress: 50% | Step: 406/812
2026-05-07 18:51:08 INFO Epoch Progress | Epoch: 2 | Loss: 0.4964 | LR: 9.95152e-05 | Progress: 75% | Step: 609/812
2026-05-07 18:52:41 INFO Epoch Progress | Epoch: 2 | Loss: 0.4866 | LR: 9.89101e-05 | Progress: 100% | Step: 812/812
2026-05-07 18:55:41 INFO CSV Written | Epoch: 2
2026-05-07 18:55:41 INFO Best Saved | Epoch: 2 | Monitor: val_auprc | Value: 0.8938
2026-05-07 18:55:41 INFO Epoch Done | Epoch: 2 | Time: 554.7415 | Train Loss: 0.4845 | Val Accuracy: 0.8164 | Val AUPRC: 0.8938 | Val Auroc: 0.8958 | Val F1: 0.8184 | Val Loss: 0.4433
2026-05-07 18:55:41 INFO Epoch Start | Epoch: 3
2026-05-07 18:55:43 INFO Epoch Progress | Epoch: 3 | Loss: 0.3505 | LR: 9.89065e-05 | Progress: 0% | Step: 1/812
2026-05-07 18:57:17 INFO Epoch Progress | Epoch: 3 | Loss: 0.4394 | LR: 9.80666e-05 | Progress: 25% | Step: 203/812
2026-05-07 18:58:50 INFO Epoch Progress | Epoch: 3 | Loss: 0.4352 | LR: 9.69891e-05 | Progress: 50% | Step: 406/812
2026-05-07 19:00:24 INFO Epoch Progress | Epoch: 3 | Loss: 0.4279 | LR: 9.56895e-05 | Progress: 75% | Step: 609/812
2026-05-07 19:01:58 INFO Epoch Progress | Epoch: 3 | Loss: 0.4268 | LR: 9.41615e-05 | Progress: 100% | Step: 812/812
2026-05-07 19:05:01 INFO CSV Written | Epoch: 3
2026-05-07 19:05:01 INFO Best Saved | Epoch: 3 | Monitor: val_auprc | Value: 0.9055
2026-05-07 19:05:01 INFO Epoch Done | Epoch: 3 | Time: 559.5136 | Train Loss: 0.4266 | Val Accuracy: 0.8270 | Val AUPRC: 0.9055 | Val Auroc: 0.9092 | Val F1: 0.8232 | Val Loss: 0.4311
2026-05-07 19:05:01 INFO Epoch Start | Epoch: 4
2026-05-07 19:05:03 INFO Epoch Progress | Epoch: 4 | Loss: 0.3363 | LR: 9.41535e-05 | Progress: 0% | Step: 1/812
2026-05-07 19:06:36 INFO Epoch Progress | Epoch: 4 | Loss: 0.4014 | LR: 9.24184e-05 | Progress: 25% | Step: 203/812
2026-05-07 19:08:10 INFO Epoch Progress | Epoch: 4 | Loss: 0.3944 | LR: 9.04686e-05 | Progress: 50% | Step: 406/812
2026-05-07 19:09:43 INFO Epoch Progress | Epoch: 4 | Loss: 0.3875 | LR: 8.83216e-05 | Progress: 75% | Step: 609/812
2026-05-07 19:11:17 INFO Epoch Progress | Epoch: 4 | Loss: 0.3891 | LR: 8.59879e-05 | Progress: 100% | Step: 812/812
2026-05-07 19:14:19 INFO CSV Written | Epoch: 4
2026-05-07 19:14:19 INFO Best Saved | Epoch: 4 | Monitor: val_auprc | Value: 0.9219
2026-05-07 19:14:19 INFO Epoch Done | Epoch: 4 | Time: 557.5810 | Train Loss: 0.3893 | Val Accuracy: 0.8471 | Val AUPRC: 0.9219 | Val Auroc: 0.9236 | Val F1: 0.8455 | Val Loss: 0.4011
2026-05-07 19:14:19 INFO Epoch Start | Epoch: 5
2026-05-07 19:14:21 INFO Epoch Progress | Epoch: 5 | Loss: 0.3063 | LR: 8.5976e-05 | Progress: 0% | Step: 1/812
2026-05-07 19:15:54 INFO Epoch Progress | Epoch: 5 | Loss: 0.3577 | LR: 8.3479e-05 | Progress: 25% | Step: 203/812
2026-05-07 19:17:27 INFO Epoch Progress | Epoch: 5 | Loss: 0.3582 | LR: 8.08069e-05 | Progress: 50% | Step: 406/812
2026-05-07 19:19:02 INFO Epoch Progress | Epoch: 5 | Loss: 0.3571 | LR: 7.79847e-05 | Progress: 75% | Step: 609/812
2026-05-07 19:20:35 INFO Epoch Progress | Epoch: 5 | Loss: 0.3594 | LR: 7.50262e-05 | Progress: 100% | Step: 812/812
2026-05-07 19:23:36 INFO CSV Written | Epoch: 5
2026-05-07 19:23:36 INFO Best Saved | Epoch: 5 | Monitor: val_auprc | Value: 0.9304
2026-05-07 19:23:36 INFO Epoch Done | Epoch: 5 | Time: 557.0550 | Train Loss: 0.3586 | Val Accuracy: 0.8568 | Val AUPRC: 0.9304 | Val Auroc: 0.9326 | Val F1: 0.8590 | Val Loss: 0.3850
2026-05-07 19:23:36 INFO Epoch Start | Epoch: 6
2026-05-07 19:23:50 INFO Epoch Progress | Epoch: 6 | Loss: 0.9209 | LR: 7.50113e-05 | Progress: 1% | Step: 1/190
2026-05-07 19:25:04 INFO Epoch Progress | Epoch: 6 | Loss: 0.7043 | LR: 7.43082e-05 | Progress: 25% | Step: 48/190
2026-05-07 19:26:20 INFO Epoch Progress | Epoch: 6 | Loss: 0.6929 | LR: 7.35837e-05 | Progress: 51% | Step: 96/190
2026-05-07 19:27:36 INFO Epoch Progress | Epoch: 6 | Loss: 0.6873 | LR: 7.28527e-05 | Progress: 76% | Step: 144/190
2026-05-07 19:28:46 INFO Epoch Progress | Epoch: 6 | Loss: 0.6842 | LR: 7.21463e-05 | Progress: 100% | Step: 190/190
2026-05-07 19:32:02 INFO CSV Written | Epoch: 6
2026-05-07 19:32:02 INFO Best Saved | Epoch: 6 | Monitor: val_auprc | Value: 0.9380
2026-05-07 19:32:02 INFO Epoch Done | Epoch: 6 | Time: 505.6737 | Train Loss: 0.6825 | Val Accuracy: 0.8645 | Val AUPRC: 0.9380 | Val Auroc: 0.9387 | Val F1: 0.8645 | Val Loss: 0.4943
2026-05-07 19:32:02 INFO Epoch Start | Epoch: 7
2026-05-07 19:32:14 INFO Epoch Progress | Epoch: 7 | Loss: 0.7051 | LR: 7.21309e-05 | Progress: 1% | Step: 1/190
2026-05-07 19:33:29 INFO Epoch Progress | Epoch: 7 | Loss: 0.6726 | LR: 7.14189e-05 | Progress: 25% | Step: 48/190
2026-05-07 19:34:46 INFO Epoch Progress | Epoch: 7 | Loss: 0.6639 | LR: 7.06702e-05 | Progress: 51% | Step: 96/190
2026-05-07 19:36:05 INFO Epoch Progress | Epoch: 7 | Loss: 0.6646 | LR: 6.99159e-05 | Progress: 76% | Step: 144/190
2026-05-07 19:37:17 INFO Epoch Progress | Epoch: 7 | Loss: 0.6619 | LR: 6.91879e-05 | Progress: 100% | Step: 190/190
2026-05-07 19:40:36 INFO CSV Written | Epoch: 7
2026-05-07 19:40:36 INFO Epoch Done | Epoch: 7 | Time: 513.9855 | Train Loss: 0.6595 | Val Accuracy: 0.8659 | Val AUPRC: 0.9369 | Val Auroc: 0.9384 | Val F1: 0.8663 | Val Loss: 0.4710
2026-05-07 19:40:36 INFO Epoch Start | Epoch: 8
2026-05-07 19:40:47 INFO Epoch Progress | Epoch: 8 | Loss: 0.6374 | LR: 6.9172e-05 | Progress: 1% | Step: 1/190
2026-05-07 19:42:01 INFO Epoch Progress | Epoch: 8 | Loss: 0.6165 | LR: 6.84231e-05 | Progress: 25% | Step: 48/190
2026-05-07 19:43:18 INFO Epoch Progress | Epoch: 8 | Loss: 0.6399 | LR: 6.76534e-05 | Progress: 51% | Step: 96/190
2026-05-07 19:44:35 INFO Epoch Progress | Epoch: 8 | Loss: 0.6463 | LR: 6.68788e-05 | Progress: 76% | Step: 144/190
2026-05-07 19:45:47 INFO Epoch Progress | Epoch: 8 | Loss: 0.6488 | LR: 6.61321e-05 | Progress: 100% | Step: 190/190
2026-05-07 19:49:04 INFO CSV Written | Epoch: 8
2026-05-07 19:49:04 INFO Epoch Done | Epoch: 8 | Time: 507.5294 | Train Loss: 0.6460 | Val Accuracy: 0.8660 | Val AUPRC: 0.9376 | Val Auroc: 0.9399 | Val F1: 0.8657 | Val Loss: 0.4785
2026-05-07 19:49:04 INFO Epoch Start | Epoch: 9
2026-05-07 19:49:15 INFO Epoch Progress | Epoch: 9 | Loss: 0.6687 | LR: 6.61159e-05 | Progress: 1% | Step: 1/190
2026-05-07 19:50:31 INFO Epoch Progress | Epoch: 9 | Loss: 0.6226 | LR: 6.53487e-05 | Progress: 25% | Step: 48/190
2026-05-07 19:51:50 INFO Epoch Progress | Epoch: 9 | Loss: 0.6291 | LR: 6.45612e-05 | Progress: 51% | Step: 96/190
2026-05-07 19:53:09 INFO Epoch Progress | Epoch: 9 | Loss: 0.6323 | LR: 6.37696e-05 | Progress: 76% | Step: 144/190
2026-05-07 19:54:22 INFO Epoch Progress | Epoch: 9 | Loss: 0.6314 | LR: 6.30075e-05 | Progress: 100% | Step: 190/190
2026-05-07 19:57:45 INFO CSV Written | Epoch: 9
2026-05-07 19:57:45 INFO Best Saved | Epoch: 9 | Monitor: val_auprc | Value: 0.9384
2026-05-07 19:57:45 INFO Epoch Done | Epoch: 9 | Time: 521.1208 | Train Loss: 0.6322 | Val Accuracy: 0.8691 | Val AUPRC: 0.9384 | Val Auroc: 0.9399 | Val F1: 0.8692 | Val Loss: 0.4430
2026-05-07 19:57:45 INFO Epoch Start | Epoch: 10
2026-05-07 19:57:55 INFO Epoch Progress | Epoch: 10 | Loss: 0.6579 | LR: 6.29909e-05 | Progress: 1% | Step: 1/190
2026-05-07 19:59:12 INFO Epoch Progress | Epoch: 10 | Loss: 0.6194 | LR: 6.22088e-05 | Progress: 25% | Step: 48/190
2026-05-07 20:00:30 INFO Epoch Progress | Epoch: 10 | Loss: 0.6234 | LR: 6.14068e-05 | Progress: 51% | Step: 96/190
2026-05-07 20:01:47 INFO Epoch Progress | Epoch: 10 | Loss: 0.6179 | LR: 6.06017e-05 | Progress: 76% | Step: 144/190
2026-05-07 20:03:00 INFO Epoch Progress | Epoch: 10 | Loss: 0.6156 | LR: 5.98274e-05 | Progress: 100% | Step: 190/190
2026-05-07 20:06:20 INFO CSV Written | Epoch: 10
2026-05-07 20:06:20 INFO Epoch Done | Epoch: 10 | Time: 514.8310 | Train Loss: 0.6139 | Val Accuracy: 0.8642 | Val AUPRC: 0.9367 | Val Auroc: 0.9381 | Val F1: 0.8632 | Val Loss: 0.4454
2026-05-07 20:06:20 INFO Epoch Start | Epoch: 11
2026-05-07 20:06:32 INFO Epoch Progress | Epoch: 11 | Loss: 0.6436 | LR: 5.98105e-05 | Progress: 1% | Step: 1/190
2026-05-07 20:07:47 INFO Epoch Progress | Epoch: 11 | Loss: 0.5748 | LR: 5.90168e-05 | Progress: 25% | Step: 48/190
2026-05-07 20:09:03 INFO Epoch Progress | Epoch: 11 | Loss: 0.5928 | LR: 5.82038e-05 | Progress: 51% | Step: 96/190
2026-05-07 20:10:19 INFO Epoch Progress | Epoch: 11 | Loss: 0.5993 | LR: 5.73885e-05 | Progress: 76% | Step: 144/190
2026-05-07 20:11:31 INFO Epoch Progress | Epoch: 11 | Loss: 0.6038 | LR: 5.66053e-05 | Progress: 100% | Step: 190/190
2026-05-07 20:14:51 INFO CSV Written | Epoch: 11
2026-05-07 20:14:51 INFO Epoch Done | Epoch: 11 | Time: 511.1276 | Train Loss: 0.5997 | Val Accuracy: 0.8686 | Val AUPRC: 0.9382 | Val Auroc: 0.9405 | Val F1: 0.8657 | Val Loss: 0.4237
2026-05-07 20:14:51 INFO Epoch Start | Epoch: 12
2026-05-07 20:15:02 INFO Epoch Progress | Epoch: 12 | Loss: 0.4419 | LR: 5.65883e-05 | Progress: 1% | Step: 1/190
2026-05-07 20:16:17 INFO Epoch Progress | Epoch: 12 | Loss: 0.5647 | LR: 5.57863e-05 | Progress: 25% | Step: 48/190
2026-05-07 20:17:33 INFO Epoch Progress | Epoch: 12 | Loss: 0.5723 | LR: 5.49828e-05 | Progress: 51% | Step: 96/190
2026-05-07 20:18:48 INFO Epoch Progress | Epoch: 12 | Loss: 0.5776 | LR: 5.41609e-05 | Progress: 76% | Step: 144/190
2026-05-07 20:20:00 INFO Epoch Progress | Epoch: 12 | Loss: 0.5808 | LR: 5.33722e-05 | Progress: 100% | Step: 190/190
2026-05-07 20:23:19 INFO CSV Written | Epoch: 12
2026-05-07 20:23:19 INFO Epoch Done | Epoch: 12 | Time: 507.6068 | Train Loss: 0.5749 | Val Accuracy: 0.8698 | Val AUPRC: 0.9360 | Val Auroc: 0.9392 | Val F1: 0.8710 | Val Loss: 0.4145
2026-05-07 20:23:19 INFO Epoch Start | Epoch: 13
2026-05-07 20:23:29 INFO Epoch Progress | Epoch: 13 | Loss: 0.4497 | LR: 5.33551e-05 | Progress: 1% | Step: 1/190
2026-05-07 20:24:46 INFO Epoch Progress | Epoch: 13 | Loss: 0.5602 | LR: 5.25483e-05 | Progress: 25% | Step: 48/190
2026-05-07 20:26:03 INFO Epoch Progress | Epoch: 13 | Loss: 0.5682 | LR: 5.17237e-05 | Progress: 51% | Step: 96/190
2026-05-07 20:27:20 INFO Epoch Progress | Epoch: 13 | Loss: 0.5681 | LR: 5.08986e-05 | Progress: 76% | Step: 144/190
2026-05-07 20:28:33 INFO Epoch Progress | Epoch: 13 | Loss: 0.5609 | LR: 5.01077e-05 | Progress: 100% | Step: 190/190
2026-05-07 20:31:51 INFO CSV Written | Epoch: 13
2026-05-07 20:31:51 INFO Epoch Done | Epoch: 13 | Time: 512.1623 | Train Loss: 0.5566 | Val Accuracy: 0.8709 | Val AUPRC: 0.9355 | Val Auroc: 0.9387 | Val F1: 0.8715 | Val Loss: 0.3996
2026-05-07 20:31:51 INFO Epoch Start | Epoch: 14
2026-05-07 20:32:02 INFO Epoch Progress | Epoch: 14 | Loss: 0.5729 | LR: 5.00905e-05 | Progress: 1% | Step: 1/190
2026-05-07 20:33:18 INFO Epoch Progress | Epoch: 14 | Loss: 0.5278 | LR: 4.92823e-05 | Progress: 25% | Step: 48/190
2026-05-07 20:34:36 INFO Epoch Progress | Epoch: 14 | Loss: 0.5331 | LR: 4.84572e-05 | Progress: 51% | Step: 96/190
2026-05-07 20:35:53 INFO Epoch Progress | Epoch: 14 | Loss: 0.5386 | LR: 4.76324e-05 | Progress: 76% | Step: 144/190
2026-05-07 20:37:06 INFO Epoch Progress | Epoch: 14 | Loss: 0.5314 | LR: 4.68427e-05 | Progress: 100% | Step: 190/190
2026-05-07 20:40:23 INFO CSV Written | Epoch: 14
2026-05-07 20:40:23 INFO Epoch Done | Epoch: 14 | Time: 512.0452 | Train Loss: 0.5284 | Val Accuracy: 0.8698 | Val AUPRC: 0.9341 | Val Auroc: 0.9384 | Val F1: 0.8693 | Val Loss: 0.3935
2026-05-07 20:40:23 INFO Epoch Start | Epoch: 15
2026-05-07 20:40:34 INFO Epoch Progress | Epoch: 15 | Loss: 0.4947 | LR: 4.68255e-05 | Progress: 1% | Step: 1/190
2026-05-07 20:41:51 INFO Epoch Progress | Epoch: 15 | Loss: 0.5116 | LR: 4.60194e-05 | Progress: 25% | Step: 48/190
2026-05-07 20:43:07 INFO Epoch Progress | Epoch: 15 | Loss: 0.4971 | LR: 4.51972e-05 | Progress: 51% | Step: 96/190
2026-05-07 20:44:25 INFO Epoch Progress | Epoch: 15 | Loss: 0.5011 | LR: 4.43764e-05 | Progress: 76% | Step: 144/190
2026-05-07 20:45:37 INFO Epoch Progress | Epoch: 15 | Loss: 0.4998 | LR: 4.35911e-05 | Progress: 100% | Step: 190/190
2026-05-07 20:48:57 INFO CSV Written | Epoch: 15
2026-05-07 20:48:57 INFO Epoch Done | Epoch: 15 | Time: 514.2562 | Train Loss: 0.5042 | Val Accuracy: 0.8708 | Val AUPRC: 0.9323 | Val Auroc: 0.9374 | Val F1: 0.8716 | Val Loss: 0.3888
2026-05-07 20:48:57 INFO Epoch Start | Epoch: 16
2026-05-07 20:49:09 INFO Epoch Progress | Epoch: 16 | Loss: 0.4033 | LR: 4.35741e-05 | Progress: 1% | Step: 1/190
2026-05-07 20:50:25 INFO Epoch Progress | Epoch: 16 | Loss: 0.4827 | LR: 4.27735e-05 | Progress: 25% | Step: 48/190
2026-05-07 20:51:43 INFO Epoch Progress | Epoch: 16 | Loss: 0.4751 | LR: 4.19578e-05 | Progress: 51% | Step: 96/190
2026-05-07 20:53:00 INFO Epoch Progress | Epoch: 16 | Loss: 0.4818 | LR: 4.11443e-05 | Progress: 76% | Step: 144/190
2026-05-07 20:54:12 INFO Epoch Progress | Epoch: 16 | Loss: 0.4867 | LR: 4.0367e-05 | Progress: 100% | Step: 190/190
2026-05-07 20:57:33 INFO CSV Written | Epoch: 16
2026-05-07 20:57:33 INFO Epoch Done | Epoch: 16 | Time: 515.7752 | Train Loss: 0.4858 | Val Accuracy: 0.8747 | Val AUPRC: 0.9350 | Val Auroc: 0.9386 | Val F1: 0.8762 | Val Loss: 0.3835
2026-05-07 20:57:33 INFO Epoch Start | Epoch: 17
2026-05-07 20:57:44 INFO Epoch Progress | Epoch: 17 | Loss: 0.3452 | LR: 4.03501e-05 | Progress: 1% | Step: 1/190
2026-05-07 20:59:00 INFO Epoch Progress | Epoch: 17 | Loss: 0.4437 | LR: 3.95584e-05 | Progress: 25% | Step: 48/190
2026-05-07 21:00:18 INFO Epoch Progress | Epoch: 17 | Loss: 0.4468 | LR: 3.87527e-05 | Progress: 51% | Step: 96/190
2026-05-07 21:01:36 INFO Epoch Progress | Epoch: 17 | Loss: 0.4456 | LR: 3.795e-05 | Progress: 76% | Step: 144/190
2026-05-07 21:02:48 INFO Epoch Progress | Epoch: 17 | Loss: 0.4557 | LR: 3.71839e-05 | Progress: 100% | Step: 190/190
2026-05-07 21:06:09 INFO CSV Written | Epoch: 17
2026-05-07 21:06:09 INFO Epoch Done | Epoch: 17 | Time: 515.6328 | Train Loss: 0.4588 | Val Accuracy: 0.8732 | Val AUPRC: 0.9331 | Val Auroc: 0.9366 | Val F1: 0.8761 | Val Loss: 0.3854
2026-05-07 21:06:09 INFO Epoch Start | Epoch: 18
2026-05-07 21:06:20 INFO Epoch Progress | Epoch: 18 | Loss: 0.3425 | LR: 3.71673e-05 | Progress: 1% | Step: 1/190
2026-05-07 21:07:36 INFO Epoch Progress | Epoch: 18 | Loss: 0.4432 | LR: 3.63879e-05 | Progress: 25% | Step: 48/190
2026-05-07 21:08:54 INFO Epoch Progress | Epoch: 18 | Loss: 0.4284 | LR: 3.55956e-05 | Progress: 51% | Step: 96/190
2026-05-07 21:10:12 INFO Epoch Progress | Epoch: 18 | Loss: 0.4358 | LR: 3.48072e-05 | Progress: 76% | Step: 144/190
2026-05-07 21:11:24 INFO Epoch Progress | Epoch: 18 | Loss: 0.4392 | LR: 3.40556e-05 | Progress: 100% | Step: 190/190
2026-05-07 21:14:43 INFO CSV Written | Epoch: 18
2026-05-07 21:14:43 INFO Epoch Done | Epoch: 18 | Time: 514.3766 | Train Loss: 0.4413 | Val Accuracy: 0.8729 | Val AUPRC: 0.9331 | Val Auroc: 0.9371 | Val F1: 0.8747 | Val Loss: 0.3836
2026-05-07 21:14:43 INFO Epoch Start | Epoch: 19
2026-05-07 21:14:55 INFO Epoch Progress | Epoch: 19 | Loss: 0.4097 | LR: 3.40393e-05 | Progress: 1% | Step: 1/190
2026-05-07 21:16:09 INFO Epoch Progress | Epoch: 19 | Loss: 0.3948 | LR: 3.32755e-05 | Progress: 25% | Step: 48/190
2026-05-07 21:17:25 INFO Epoch Progress | Epoch: 19 | Loss: 0.4223 | LR: 3.25e-05 | Progress: 51% | Step: 96/190
2026-05-07 21:18:41 INFO Epoch Progress | Epoch: 19 | Loss: 0.4277 | LR: 3.17292e-05 | Progress: 76% | Step: 144/190
2026-05-07 21:19:52 INFO Epoch Progress | Epoch: 19 | Loss: 0.4267 | LR: 3.09953e-05 | Progress: 100% | Step: 190/190
2026-05-07 21:23:12 INFO CSV Written | Epoch: 19
2026-05-07 21:23:12 INFO Epoch Done | Epoch: 19 | Time: 509.1941 | Train Loss: 0.4206 | Val Accuracy: 0.8694 | Val AUPRC: 0.9290 | Val Auroc: 0.9326 | Val F1: 0.8688 | Val Loss: 0.3905
2026-05-07 21:23:12 INFO Early Stop | Epoch: 19
2026-05-07 21:23:12 INFO Stage Done | Run Id: contact_sketch_s13
2026-05-07 21:23:12 INFO Stage Start | Checkpoint: models/v3.1/train/contact_sketch_s13/best_model.pth | Run Id: contact_sketch_s13
2026-05-07 21:23:12 INFO Checkpoint Loaded | Path: models/v3.1/train/contact_sketch_s13/best_model.pth
2026-05-07 21:23:12 INFO Decision Threshold | Mode: fixed | Value: 0.5000
2026-05-07 21:30:06 INFO Evaluation Metrics | Accuracy: 0.6125 | AUPRC: 0.6851 | Auroc: 0.6630 | F1: 0.5949 | Mcc: 0.2260 | Precision: 0.6234 | Recall: 0.5689 | Sensitivity: 0.5689 | Specificity: 0.6562 | Split: test
2026-05-07 21:30:06 INFO CSV Written | Path: logs/v3.1/evaluate/contact_sketch_s13/evaluate.csv
2026-05-07 21:30:06 INFO Stage Done | Run Id: contact_sketch_s13
[rank0]:[W507 21:30:07.058628913 ProcessGroupNCCL.cpp:1553] Warning: WARNING: destroy_process_group() was not called before program exit, which can leak resources. For more info, please see https://pytorch.org/docs/stable/distributed.html#shutdown (function operator())

*****************************************
Setting OMP_NUM_THREADS environment variable for each process to be 1 in default, to avoid your system being overloaded, please further tune the variable for optimal performance in your application as needed. 
*****************************************
INFO:src.pipeline.__main__:Loaded config: configs/v3-1/0506/contact_sketch_s47.yaml
WARNING:accelerate.utils.other:[RANK 0] Detected kernel version 3.10.0, which is below the recommended minimum of 5.5.0; this can cause the process to hang. It is recommended to upgrade the kernel to the minimum version or higher.
WARNING:py.warnings:/public/home/wangar2023/grand/.venv/lib/python3.11/site-packages/torch/distributed/c10d_logger.py:83: UserWarning: barrier(): using the device under current context. You can specify `device_id` in `init_process_group` to mute this warning.
  return func(*args, **kwargs)

2026-05-07 21:31:06 INFO Pipeline Runtime | Device: cuda:0 | Distributed: True | Test Batches: 1691 | Train Batches: 812 | Valid Batches: 762 | World Size: 4
2026-05-07 21:31:06 INFO Stage Start | Run Id: contact_sketch_s47
2026-05-07 21:31:09 INFO Train Config | Epochs: 50 | Monitor: auprc | Patience: 10
2026-05-07 21:31:09 INFO Epoch Start | Epoch: 1
2026-05-07 21:31:13 INFO Epoch Progress | Epoch: 1 | Loss: 0.6918 | LR: 4e-06 | Progress: 0% | Step: 1/812
2026-05-07 21:32:47 INFO Epoch Progress | Epoch: 1 | Loss: 0.7353 | LR: 1.30844e-05 | Progress: 25% | Step: 203/812
2026-05-07 21:34:20 INFO Epoch Progress | Epoch: 1 | Loss: 0.7180 | LR: 3.704e-05 | Progress: 50% | Step: 406/812
2026-05-07 21:35:53 INFO Epoch Progress | Epoch: 1 | Loss: 0.6818 | LR: 6.67126e-05 | Progress: 75% | Step: 609/812
2026-05-07 21:37:26 INFO Epoch Progress | Epoch: 1 | Loss: 0.6452 | LR: 9.07628e-05 | Progress: 100% | Step: 812/812
2026-05-07 21:40:31 INFO CSV Written | Epoch: 1
WARNING:py.warnings:/public/home/wangar2023/grand/.venv/lib/python3.11/site-packages/deepspeed/runtime/zero/linear.py:47: FutureWarning: `torch.cuda.amp.custom_fwd(args...)` is deprecated. Please use `torch.amp.custom_fwd(args..., device_type='cuda')` instead.
  @autocast_custom_fwd

WARNING:py.warnings:/public/home/wangar2023/grand/.venv/lib/python3.11/site-packages/deepspeed/runtime/zero/linear.py:66: FutureWarning: `torch.cuda.amp.custom_bwd(args...)` is deprecated. Please use `torch.amp.custom_bwd(args..., device_type='cuda')` instead.
  @autocast_custom_bwd

2026-05-07 21:40:36 INFO Best Saved | Epoch: 1 | Monitor: val_auprc | Value: 0.8517
2026-05-07 21:40:36 INFO Epoch Done | Epoch: 1 | Time: 561.7074 | Train Loss: 0.6437 | Val Accuracy: 0.7751 | Val AUPRC: 0.8517 | Val Auroc: 0.8564 | Val F1: 0.7849 | Val Loss: 0.5006
2026-05-07 21:40:36 INFO Epoch Start | Epoch: 2
2026-05-07 21:40:38 INFO Epoch Progress | Epoch: 2 | Loss: 0.4580 | LR: 9.08503e-05 | Progress: 0% | Step: 1/812
2026-05-07 21:42:11 INFO Epoch Progress | Epoch: 2 | Loss: 0.4983 | LR: 9.99999e-05 | Progress: 25% | Step: 203/812
2026-05-07 21:43:44 INFO Epoch Progress | Epoch: 2 | Loss: 0.4926 | LR: 9.98791e-05 | Progress: 50% | Step: 406/812
2026-05-07 21:45:18 INFO Epoch Progress | Epoch: 2 | Loss: 0.4815 | LR: 9.95152e-05 | Progress: 75% | Step: 609/812
2026-05-07 21:46:51 INFO Epoch Progress | Epoch: 2 | Loss: 0.4753 | LR: 9.89101e-05 | Progress: 100% | Step: 812/812
2026-05-07 21:49:48 INFO CSV Written | Epoch: 2
2026-05-07 21:49:48 INFO Best Saved | Epoch: 2 | Monitor: val_auprc | Value: 0.8997
2026-05-07 21:49:48 INFO Epoch Done | Epoch: 2 | Time: 551.9527 | Train Loss: 0.4725 | Val Accuracy: 0.8169 | Val AUPRC: 0.8997 | Val Auroc: 0.8992 | Val F1: 0.8155 | Val Loss: 0.4475
2026-05-07 21:49:48 INFO Epoch Start | Epoch: 3
2026-05-07 21:49:50 INFO Epoch Progress | Epoch: 3 | Loss: 0.2942 | LR: 9.89065e-05 | Progress: 0% | Step: 1/812
2026-05-07 21:51:22 INFO Epoch Progress | Epoch: 3 | Loss: 0.4302 | LR: 9.80666e-05 | Progress: 25% | Step: 203/812
2026-05-07 21:52:54 INFO Epoch Progress | Epoch: 3 | Loss: 0.4268 | LR: 9.69891e-05 | Progress: 50% | Step: 406/812
2026-05-07 21:54:26 INFO Epoch Progress | Epoch: 3 | Loss: 0.4209 | LR: 9.56895e-05 | Progress: 75% | Step: 609/812
2026-05-07 21:55:59 INFO Epoch Progress | Epoch: 3 | Loss: 0.4177 | LR: 9.41615e-05 | Progress: 100% | Step: 812/812
2026-05-07 21:58:57 INFO CSV Written | Epoch: 3
2026-05-07 21:58:57 INFO Best Saved | Epoch: 3 | Monitor: val_auprc | Value: 0.9161
2026-05-07 21:58:57 INFO Epoch Done | Epoch: 3 | Time: 549.1741 | Train Loss: 0.4203 | Val Accuracy: 0.8385 | Val AUPRC: 0.9161 | Val Auroc: 0.9177 | Val F1: 0.8399 | Val Loss: 0.4066
2026-05-07 21:58:57 INFO Epoch Start | Epoch: 4
2026-05-07 21:58:59 INFO Epoch Progress | Epoch: 4 | Loss: 0.3531 | LR: 9.41535e-05 | Progress: 0% | Step: 1/812
2026-05-07 22:00:32 INFO Epoch Progress | Epoch: 4 | Loss: 0.3835 | LR: 9.24184e-05 | Progress: 25% | Step: 203/812
2026-05-07 22:02:05 INFO Epoch Progress | Epoch: 4 | Loss: 0.3830 | LR: 9.04686e-05 | Progress: 50% | Step: 406/812
2026-05-07 22:03:38 INFO Epoch Progress | Epoch: 4 | Loss: 0.3869 | LR: 8.83216e-05 | Progress: 75% | Step: 609/812
2026-05-07 22:05:11 INFO Epoch Progress | Epoch: 4 | Loss: 0.3861 | LR: 8.59879e-05 | Progress: 100% | Step: 812/812
2026-05-07 22:08:12 INFO CSV Written | Epoch: 4
2026-05-07 22:08:12 INFO Best Saved | Epoch: 4 | Monitor: val_auprc | Value: 0.9247
2026-05-07 22:08:12 INFO Epoch Done | Epoch: 4 | Time: 554.1819 | Train Loss: 0.3831 | Val Accuracy: 0.8478 | Val AUPRC: 0.9247 | Val Auroc: 0.9263 | Val F1: 0.8474 | Val Loss: 0.3915
2026-05-07 22:08:12 INFO Epoch Start | Epoch: 5
2026-05-07 22:08:14 INFO Epoch Progress | Epoch: 5 | Loss: 0.3149 | LR: 8.5976e-05 | Progress: 0% | Step: 1/812
2026-05-07 22:09:46 INFO Epoch Progress | Epoch: 5 | Loss: 0.3527 | LR: 8.3479e-05 | Progress: 25% | Step: 203/812
2026-05-07 22:11:18 INFO Epoch Progress | Epoch: 5 | Loss: 0.3529 | LR: 8.08069e-05 | Progress: 50% | Step: 406/812
2026-05-07 22:12:51 INFO Epoch Progress | Epoch: 5 | Loss: 0.3536 | LR: 7.79847e-05 | Progress: 75% | Step: 609/812
2026-05-07 22:14:24 INFO Epoch Progress | Epoch: 5 | Loss: 0.3541 | LR: 7.50262e-05 | Progress: 100% | Step: 812/812
2026-05-07 22:17:26 INFO CSV Written | Epoch: 5
2026-05-07 22:17:26 INFO Best Saved | Epoch: 5 | Monitor: val_auprc | Value: 0.9313
2026-05-07 22:17:26 INFO Epoch Done | Epoch: 5 | Time: 553.8873 | Train Loss: 0.3526 | Val Accuracy: 0.8577 | Val AUPRC: 0.9313 | Val Auroc: 0.9333 | Val F1: 0.8611 | Val Loss: 0.3852
2026-05-07 22:17:26 INFO Epoch Start | Epoch: 6
2026-05-07 22:17:39 INFO Epoch Progress | Epoch: 6 | Loss: 0.8219 | LR: 7.50113e-05 | Progress: 1% | Step: 1/190
2026-05-07 22:18:52 INFO Epoch Progress | Epoch: 6 | Loss: 0.7009 | LR: 7.43082e-05 | Progress: 25% | Step: 48/190
2026-05-07 22:20:04 INFO Epoch Progress | Epoch: 6 | Loss: 0.6866 | LR: 7.35837e-05 | Progress: 51% | Step: 96/190
2026-05-07 22:21:16 INFO Epoch Progress | Epoch: 6 | Loss: 0.6814 | LR: 7.2868e-05 | Progress: 76% | Step: 144/190
2026-05-07 22:22:25 INFO Epoch Progress | Epoch: 6 | Loss: 0.6796 | LR: 7.21618e-05 | Progress: 100% | Step: 190/190
2026-05-07 22:25:30 INFO CSV Written | Epoch: 6
2026-05-07 22:25:31 INFO Best Saved | Epoch: 6 | Monitor: val_auprc | Value: 0.9385
2026-05-07 22:25:31 INFO Epoch Done | Epoch: 6 | Time: 484.2817 | Train Loss: 0.6779 | Val Accuracy: 0.8672 | Val AUPRC: 0.9385 | Val Auroc: 0.9395 | Val F1: 0.8680 | Val Loss: 0.4859
2026-05-07 22:25:31 INFO Epoch Start | Epoch: 7
2026-05-07 22:25:41 INFO Epoch Progress | Epoch: 7 | Loss: 0.7064 | LR: 7.21463e-05 | Progress: 1% | Step: 1/190
2026-05-07 22:26:53 INFO Epoch Progress | Epoch: 7 | Loss: 0.6497 | LR: 7.14189e-05 | Progress: 25% | Step: 48/190
2026-05-07 22:28:06 INFO Epoch Progress | Epoch: 7 | Loss: 0.6544 | LR: 7.06702e-05 | Progress: 51% | Step: 96/190
2026-05-07 22:29:20 INFO Epoch Progress | Epoch: 7 | Loss: 0.6577 | LR: 6.99159e-05 | Progress: 76% | Step: 144/190
2026-05-07 22:30:28 INFO Epoch Progress | Epoch: 7 | Loss: 0.6574 | LR: 6.91879e-05 | Progress: 100% | Step: 190/190
2026-05-07 22:33:32 INFO CSV Written | Epoch: 7
2026-05-07 22:33:32 INFO Epoch Done | Epoch: 7 | Time: 481.5271 | Train Loss: 0.6529 | Val Accuracy: 0.8643 | Val AUPRC: 0.9382 | Val Auroc: 0.9390 | Val F1: 0.8664 | Val Loss: 0.4723
2026-05-07 22:33:32 INFO Epoch Start | Epoch: 8
2026-05-07 22:33:41 INFO Epoch Progress | Epoch: 8 | Loss: 0.6352 | LR: 6.9172e-05 | Progress: 1% | Step: 1/190
2026-05-07 22:34:54 INFO Epoch Progress | Epoch: 8 | Loss: 0.6240 | LR: 6.84231e-05 | Progress: 25% | Step: 48/190
2026-05-07 22:36:07 INFO Epoch Progress | Epoch: 8 | Loss: 0.6371 | LR: 6.76534e-05 | Progress: 51% | Step: 96/190
2026-05-07 22:37:21 INFO Epoch Progress | Epoch: 8 | Loss: 0.6405 | LR: 6.68788e-05 | Progress: 76% | Step: 144/190
2026-05-07 22:38:29 INFO Epoch Progress | Epoch: 8 | Loss: 0.6417 | LR: 6.61321e-05 | Progress: 100% | Step: 190/190
2026-05-07 22:41:38 INFO CSV Written | Epoch: 8
2026-05-07 22:41:38 INFO Epoch Done | Epoch: 8 | Time: 485.4415 | Train Loss: 0.6369 | Val Accuracy: 0.8654 | Val AUPRC: 0.9358 | Val Auroc: 0.9378 | Val F1: 0.8645 | Val Loss: 0.4667
2026-05-07 22:41:38 INFO Epoch Start | Epoch: 9
2026-05-07 22:41:47 INFO Epoch Progress | Epoch: 9 | Loss: 0.6458 | LR: 6.61159e-05 | Progress: 1% | Step: 1/190
2026-05-07 22:43:00 INFO Epoch Progress | Epoch: 9 | Loss: 0.6073 | LR: 6.53487e-05 | Progress: 25% | Step: 48/190
2026-05-07 22:44:13 INFO Epoch Progress | Epoch: 9 | Loss: 0.6232 | LR: 6.45612e-05 | Progress: 51% | Step: 96/190
2026-05-07 22:45:27 INFO Epoch Progress | Epoch: 9 | Loss: 0.6278 | LR: 6.37696e-05 | Progress: 76% | Step: 144/190
2026-05-07 22:46:36 INFO Epoch Progress | Epoch: 9 | Loss: 0.6279 | LR: 6.30075e-05 | Progress: 100% | Step: 190/190
2026-05-07 22:49:45 INFO CSV Written | Epoch: 9
2026-05-07 22:49:45 INFO Epoch Done | Epoch: 9 | Time: 486.8611 | Train Loss: 0.6217 | Val Accuracy: 0.8682 | Val AUPRC: 0.9376 | Val Auroc: 0.9396 | Val F1: 0.8681 | Val Loss: 0.4613
2026-05-07 22:49:45 INFO Epoch Start | Epoch: 10
2026-05-07 22:49:56 INFO Epoch Progress | Epoch: 10 | Loss: 0.5884 | LR: 6.29909e-05 | Progress: 1% | Step: 1/190
2026-05-07 22:51:07 INFO Epoch Progress | Epoch: 10 | Loss: 0.6060 | LR: 6.22255e-05 | Progress: 25% | Step: 48/190
2026-05-07 22:52:21 INFO Epoch Progress | Epoch: 10 | Loss: 0.6068 | LR: 6.14236e-05 | Progress: 51% | Step: 96/190
2026-05-07 22:53:33 INFO Epoch Progress | Epoch: 10 | Loss: 0.6038 | LR: 6.06185e-05 | Progress: 76% | Step: 144/190
2026-05-07 22:54:42 INFO Epoch Progress | Epoch: 10 | Loss: 0.6091 | LR: 5.98443e-05 | Progress: 100% | Step: 190/190
2026-05-07 22:57:49 INFO CSV Written | Epoch: 10
2026-05-07 22:57:50 INFO Best Saved | Epoch: 10 | Monitor: val_auprc | Value: 0.9390
2026-05-07 22:57:50 INFO Epoch Done | Epoch: 10 | Time: 484.9255 | Train Loss: 0.6027 | Val Accuracy: 0.8692 | Val AUPRC: 0.9390 | Val Auroc: 0.9409 | Val F1: 0.8710 | Val Loss: 0.4256
2026-05-07 22:57:50 INFO Epoch Start | Epoch: 11
2026-05-07 22:57:59 INFO Epoch Progress | Epoch: 11 | Loss: 0.4987 | LR: 5.98274e-05 | Progress: 1% | Step: 1/190
2026-05-07 22:59:12 INFO Epoch Progress | Epoch: 11 | Loss: 0.5770 | LR: 5.90337e-05 | Progress: 25% | Step: 48/190
2026-05-07 23:00:24 INFO Epoch Progress | Epoch: 11 | Loss: 0.5880 | LR: 5.82207e-05 | Progress: 51% | Step: 96/190
2026-05-07 23:01:37 INFO Epoch Progress | Epoch: 11 | Loss: 0.5864 | LR: 5.74055e-05 | Progress: 76% | Step: 144/190
2026-05-07 23:02:45 INFO Epoch Progress | Epoch: 11 | Loss: 0.5898 | LR: 5.66224e-05 | Progress: 100% | Step: 190/190
2026-05-07 23:05:59 INFO CSV Written | Epoch: 11
2026-05-07 23:05:59 INFO Epoch Done | Epoch: 11 | Time: 488.9084 | Train Loss: 0.5828 | Val Accuracy: 0.8692 | Val AUPRC: 0.9382 | Val Auroc: 0.9408 | Val F1: 0.8691 | Val Loss: 0.4142
2026-05-07 23:05:59 INFO Epoch Start | Epoch: 12
2026-05-07 23:06:09 INFO Epoch Progress | Epoch: 12 | Loss: 0.5296 | LR: 5.66053e-05 | Progress: 1% | Step: 1/190
2026-05-07 23:07:21 INFO Epoch Progress | Epoch: 12 | Loss: 0.5518 | LR: 5.58034e-05 | Progress: 25% | Step: 48/190
2026-05-07 23:08:33 INFO Epoch Progress | Epoch: 12 | Loss: 0.5472 | LR: 5.49828e-05 | Progress: 51% | Step: 96/190
2026-05-07 23:09:46 INFO Epoch Progress | Epoch: 12 | Loss: 0.5583 | LR: 5.41609e-05 | Progress: 76% | Step: 144/190
2026-05-07 23:10:55 INFO Epoch Progress | Epoch: 12 | Loss: 0.5583 | LR: 5.33722e-05 | Progress: 100% | Step: 190/190
2026-05-07 23:14:06 INFO CSV Written | Epoch: 12
2026-05-07 23:14:06 INFO Epoch Done | Epoch: 12 | Time: 487.1956 | Train Loss: 0.5546 | Val Accuracy: 0.8711 | Val AUPRC: 0.9359 | Val Auroc: 0.9394 | Val F1: 0.8723 | Val Loss: 0.4005
2026-05-07 23:14:06 INFO Epoch Start | Epoch: 13
2026-05-07 23:14:15 INFO Epoch Progress | Epoch: 13 | Loss: 0.3683 | LR: 5.33551e-05 | Progress: 1% | Step: 1/190
2026-05-07 23:15:28 INFO Epoch Progress | Epoch: 13 | Loss: 0.5158 | LR: 5.25483e-05 | Progress: 25% | Step: 48/190
2026-05-07 23:16:40 INFO Epoch Progress | Epoch: 13 | Loss: 0.5211 | LR: 5.17237e-05 | Progress: 51% | Step: 96/190
2026-05-07 23:17:53 INFO Epoch Progress | Epoch: 13 | Loss: 0.5287 | LR: 5.08986e-05 | Progress: 76% | Step: 144/190
2026-05-07 23:19:01 INFO Epoch Progress | Epoch: 13 | Loss: 0.5368 | LR: 5.01077e-05 | Progress: 100% | Step: 190/190
2026-05-07 23:22:13 INFO CSV Written | Epoch: 13
2026-05-07 23:22:13 INFO Epoch Done | Epoch: 13 | Time: 487.3386 | Train Loss: 0.5304 | Val Accuracy: 0.8689 | Val AUPRC: 0.9363 | Val Auroc: 0.9387 | Val F1: 0.8688 | Val Loss: 0.4007
2026-05-07 23:22:13 INFO Epoch Start | Epoch: 14
2026-05-07 23:22:24 INFO Epoch Progress | Epoch: 14 | Loss: 0.4339 | LR: 5.00905e-05 | Progress: 1% | Step: 1/190
2026-05-07 23:23:36 INFO Epoch Progress | Epoch: 14 | Loss: 0.5220 | LR: 4.92823e-05 | Progress: 25% | Step: 48/190
2026-05-07 23:24:49 INFO Epoch Progress | Epoch: 14 | Loss: 0.5170 | LR: 4.84572e-05 | Progress: 51% | Step: 96/190
2026-05-07 23:26:01 INFO Epoch Progress | Epoch: 14 | Loss: 0.5119 | LR: 4.76324e-05 | Progress: 76% | Step: 144/190
2026-05-07 23:27:10 INFO Epoch Progress | Epoch: 14 | Loss: 0.5069 | LR: 4.68427e-05 | Progress: 100% | Step: 190/190
2026-05-07 23:30:26 INFO CSV Written | Epoch: 14
2026-05-07 23:30:26 INFO Epoch Done | Epoch: 14 | Time: 492.2941 | Train Loss: 0.5039 | Val Accuracy: 0.8720 | Val AUPRC: 0.9355 | Val Auroc: 0.9391 | Val F1: 0.8709 | Val Loss: 0.3869
2026-05-07 23:30:26 INFO Epoch Start | Epoch: 15
2026-05-07 23:30:36 INFO Epoch Progress | Epoch: 15 | Loss: 0.6354 | LR: 4.68255e-05 | Progress: 1% | Step: 1/190
2026-05-07 23:31:49 INFO Epoch Progress | Epoch: 15 | Loss: 0.4617 | LR: 4.60194e-05 | Progress: 25% | Step: 48/190
2026-05-07 23:33:01 INFO Epoch Progress | Epoch: 15 | Loss: 0.4747 | LR: 4.51972e-05 | Progress: 51% | Step: 96/190
2026-05-07 23:34:15 INFO Epoch Progress | Epoch: 15 | Loss: 0.4808 | LR: 4.43764e-05 | Progress: 76% | Step: 144/190
2026-05-07 23:35:24 INFO Epoch Progress | Epoch: 15 | Loss: 0.4832 | LR: 4.35911e-05 | Progress: 100% | Step: 190/190
2026-05-07 23:38:40 INFO CSV Written | Epoch: 15
2026-05-07 23:38:40 INFO Epoch Done | Epoch: 15 | Time: 494.8900 | Train Loss: 0.4768 | Val Accuracy: 0.8724 | Val AUPRC: 0.9339 | Val Auroc: 0.9380 | Val F1: 0.8731 | Val Loss: 0.3847
2026-05-07 23:38:40 INFO Epoch Start | Epoch: 16
2026-05-07 23:38:51 INFO Epoch Progress | Epoch: 16 | Loss: 0.5164 | LR: 4.35741e-05 | Progress: 1% | Step: 1/190
2026-05-07 23:40:03 INFO Epoch Progress | Epoch: 16 | Loss: 0.4412 | LR: 4.27735e-05 | Progress: 25% | Step: 48/190
2026-05-07 23:41:15 INFO Epoch Progress | Epoch: 16 | Loss: 0.4476 | LR: 4.19578e-05 | Progress: 51% | Step: 96/190
2026-05-07 23:42:28 INFO Epoch Progress | Epoch: 16 | Loss: 0.4574 | LR: 4.11443e-05 | Progress: 76% | Step: 144/190
2026-05-07 23:43:36 INFO Epoch Progress | Epoch: 16 | Loss: 0.4581 | LR: 4.0367e-05 | Progress: 100% | Step: 190/190
2026-05-07 23:46:51 INFO CSV Written | Epoch: 16
2026-05-07 23:46:51 INFO Epoch Done | Epoch: 16 | Time: 490.2229 | Train Loss: 0.4509 | Val Accuracy: 0.8731 | Val AUPRC: 0.9325 | Val Auroc: 0.9377 | Val F1: 0.8722 | Val Loss: 0.3857
2026-05-07 23:46:51 INFO Epoch Start | Epoch: 17
2026-05-07 23:47:02 INFO Epoch Progress | Epoch: 17 | Loss: 0.3180 | LR: 4.03501e-05 | Progress: 1% | Step: 1/190
2026-05-07 23:48:13 INFO Epoch Progress | Epoch: 17 | Loss: 0.4150 | LR: 3.95752e-05 | Progress: 25% | Step: 48/190
2026-05-07 23:49:25 INFO Epoch Progress | Epoch: 17 | Loss: 0.4309 | LR: 3.87694e-05 | Progress: 51% | Step: 96/190
2026-05-07 23:50:38 INFO Epoch Progress | Epoch: 17 | Loss: 0.4267 | LR: 3.79667e-05 | Progress: 76% | Step: 144/190
2026-05-07 23:51:47 INFO Epoch Progress | Epoch: 17 | Loss: 0.4334 | LR: 3.72005e-05 | Progress: 100% | Step: 190/190
2026-05-07 23:55:04 INFO CSV Written | Epoch: 17
2026-05-07 23:55:04 INFO Epoch Done | Epoch: 17 | Time: 492.9910 | Train Loss: 0.4263 | Val Accuracy: 0.8726 | Val AUPRC: 0.9332 | Val Auroc: 0.9360 | Val F1: 0.8719 | Val Loss: 0.3847
2026-05-07 23:55:04 INFO Epoch Start | Epoch: 18
2026-05-07 23:55:14 INFO Epoch Progress | Epoch: 18 | Loss: 0.3605 | LR: 3.71839e-05 | Progress: 1% | Step: 1/190
2026-05-07 23:56:25 INFO Epoch Progress | Epoch: 18 | Loss: 0.3979 | LR: 3.64044e-05 | Progress: 25% | Step: 48/190
2026-05-07 23:57:38 INFO Epoch Progress | Epoch: 18 | Loss: 0.3964 | LR: 3.56121e-05 | Progress: 51% | Step: 96/190
2026-05-07 23:58:51 INFO Epoch Progress | Epoch: 18 | Loss: 0.4068 | LR: 3.48236e-05 | Progress: 76% | Step: 144/190
2026-05-07 23:59:59 INFO Epoch Progress | Epoch: 18 | Loss: 0.4175 | LR: 3.40719e-05 | Progress: 100% | Step: 190/190
2026-05-08 00:03:17 INFO CSV Written | Epoch: 18
2026-05-08 00:03:17 INFO Epoch Done | Epoch: 18 | Time: 493.7439 | Train Loss: 0.4105 | Val Accuracy: 0.8732 | Val AUPRC: 0.9299 | Val Auroc: 0.9371 | Val F1: 0.8720 | Val Loss: 0.3826
2026-05-08 00:03:17 INFO Epoch Start | Epoch: 19
2026-05-08 00:03:29 INFO Epoch Progress | Epoch: 19 | Loss: 0.4681 | LR: 3.40556e-05 | Progress: 1% | Step: 1/190
2026-05-08 00:04:40 INFO Epoch Progress | Epoch: 19 | Loss: 0.3993 | LR: 3.32917e-05 | Progress: 25% | Step: 48/190
2026-05-08 00:05:53 INFO Epoch Progress | Epoch: 19 | Loss: 0.3866 | LR: 3.25161e-05 | Progress: 51% | Step: 96/190
2026-05-08 00:07:05 INFO Epoch Progress | Epoch: 19 | Loss: 0.3914 | LR: 3.17452e-05 | Progress: 76% | Step: 144/190
2026-05-08 00:08:13 INFO Epoch Progress | Epoch: 19 | Loss: 0.3914 | LR: 3.10112e-05 | Progress: 100% | Step: 190/190
2026-05-08 00:11:30 INFO CSV Written | Epoch: 19
2026-05-08 00:11:30 INFO Epoch Done | Epoch: 19 | Time: 492.6730 | Train Loss: 0.3850 | Val Accuracy: 0.8727 | Val AUPRC: 0.9267 | Val Auroc: 0.9318 | Val F1: 0.8721 | Val Loss: 0.3900
2026-05-08 00:11:30 INFO Epoch Start | Epoch: 20
2026-05-08 00:11:41 INFO Epoch Progress | Epoch: 20 | Loss: 0.3261 | LR: 3.09953e-05 | Progress: 1% | Step: 1/190
2026-05-08 00:12:53 INFO Epoch Progress | Epoch: 20 | Loss: 0.3652 | LR: 3.02503e-05 | Progress: 25% | Step: 48/190
2026-05-08 00:14:06 INFO Epoch Progress | Epoch: 20 | Loss: 0.3692 | LR: 2.94947e-05 | Progress: 51% | Step: 96/190
2026-05-08 00:15:19 INFO Epoch Progress | Epoch: 20 | Loss: 0.3791 | LR: 2.87448e-05 | Progress: 76% | Step: 144/190
2026-05-08 00:16:27 INFO Epoch Progress | Epoch: 20 | Loss: 0.3774 | LR: 2.80315e-05 | Progress: 100% | Step: 190/190
2026-05-08 00:19:45 INFO CSV Written | Epoch: 20
2026-05-08 00:19:45 INFO Epoch Done | Epoch: 20 | Time: 494.9202 | Train Loss: 0.3719 | Val Accuracy: 0.8725 | Val AUPRC: 0.9277 | Val Auroc: 0.9332 | Val F1: 0.8724 | Val Loss: 0.3885
2026-05-08 00:19:45 INFO Early Stop | Epoch: 20
2026-05-08 00:19:45 INFO Stage Done | Run Id: contact_sketch_s47
2026-05-08 00:19:45 INFO Stage Start | Checkpoint: models/v3.1/train/contact_sketch_s47/best_model.pth | Run Id: contact_sketch_s47
2026-05-08 00:19:45 INFO Checkpoint Loaded | Path: models/v3.1/train/contact_sketch_s47/best_model.pth
2026-05-08 00:19:45 INFO Decision Threshold | Mode: fixed | Value: 0.5000
2026-05-08 00:26:36 INFO Evaluation Metrics | Accuracy: 0.6096 | AUPRC: 0.6792 | Auroc: 0.6602 | F1: 0.6054 | Mcc: 0.2192 | Precision: 0.6121 | Recall: 0.5989 | Sensitivity: 0.5989 | Specificity: 0.6202 | Split: test
2026-05-08 00:26:36 INFO CSV Written | Path: logs/v3.1/evaluate/contact_sketch_s47/evaluate.csv
2026-05-08 00:26:36 INFO Stage Done | Run Id: contact_sketch_s47
[rank0]:[W508 00:26:37.999200201 ProcessGroupNCCL.cpp:1553] Warning: WARNING: destroy_process_group() was not called before program exit, which can leak resources. For more info, please see https://pytorch.org/docs/stable/distributed.html#shutdown (function operator())

*****************************************
Setting OMP_NUM_THREADS environment variable for each process to be 1 in default, to avoid your system being overloaded, please further tune the variable for optimal performance in your application as needed. 
*****************************************
INFO:src.pipeline.__main__:Loaded config: configs/v3-1/0506/pair_context_gated_s101.yaml
WARNING:accelerate.utils.other:[RANK 0] Detected kernel version 3.10.0, which is below the recommended minimum of 5.5.0; this can cause the process to hang. It is recommended to upgrade the kernel to the minimum version or higher.
WARNING:py.warnings:/public/home/wangar2023/grand/.venv/lib/python3.11/site-packages/torch/distributed/c10d_logger.py:83: UserWarning: barrier(): using the device under current context. You can specify `device_id` in `init_process_group` to mute this warning.
  return func(*args, **kwargs)

2026-05-08 00:27:39 INFO Pipeline Runtime | Device: cuda:0 | Distributed: True | Test Batches: 1691 | Train Batches: 812 | Valid Batches: 762 | World Size: 4
2026-05-08 00:27:39 INFO Stage Start | Run Id: pair_context_gated_s101
2026-05-08 00:27:42 INFO Train Config | Epochs: 50 | Monitor: auprc | Patience: 10
2026-05-08 00:27:42 INFO Epoch Start | Epoch: 1
2026-05-08 00:27:46 INFO Epoch Progress | Epoch: 1 | Loss: 0.8748 | LR: 4e-06 | Progress: 0% | Step: 1/812
2026-05-08 00:29:14 INFO Epoch Progress | Epoch: 1 | Loss: 0.7267 | LR: 1.30844e-05 | Progress: 25% | Step: 203/812
2026-05-08 00:30:42 INFO Epoch Progress | Epoch: 1 | Loss: 0.6699 | LR: 3.68989e-05 | Progress: 50% | Step: 406/812
2026-05-08 00:32:10 INFO Epoch Progress | Epoch: 1 | Loss: 0.6266 | LR: 6.65711e-05 | Progress: 75% | Step: 609/812
2026-05-08 00:33:38 INFO Epoch Progress | Epoch: 1 | Loss: 0.5962 | LR: 9.0675e-05 | Progress: 100% | Step: 812/812
2026-05-08 00:36:38 INFO CSV Written | Epoch: 1
WARNING:py.warnings:/public/home/wangar2023/grand/.venv/lib/python3.11/site-packages/deepspeed/runtime/zero/linear.py:47: FutureWarning: `torch.cuda.amp.custom_fwd(args...)` is deprecated. Please use `torch.amp.custom_fwd(args..., device_type='cuda')` instead.
  @autocast_custom_fwd

WARNING:py.warnings:/public/home/wangar2023/grand/.venv/lib/python3.11/site-packages/deepspeed/runtime/zero/linear.py:66: FutureWarning: `torch.cuda.amp.custom_bwd(args...)` is deprecated. Please use `torch.amp.custom_bwd(args..., device_type='cuda')` instead.
  @autocast_custom_bwd

2026-05-08 00:36:44 INFO Best Saved | Epoch: 1 | Monitor: val_auprc | Value: 0.8737
2026-05-08 00:36:44 INFO Epoch Done | Epoch: 1 | Time: 536.1851 | Train Loss: 0.5952 | Val Accuracy: 0.7726 | Val AUPRC: 0.8737 | Val Auroc: 0.8690 | Val F1: 0.7509 | Val Loss: 0.4974
2026-05-08 00:36:44 INFO Epoch Start | Epoch: 2
2026-05-08 00:36:46 INFO Epoch Progress | Epoch: 2 | Loss: 0.3894 | LR: 9.07628e-05 | Progress: 0% | Step: 1/812
2026-05-08 00:38:14 INFO Epoch Progress | Epoch: 2 | Loss: 0.4872 | LR: 9.99993e-05 | Progress: 25% | Step: 203/812
2026-05-08 00:39:43 INFO Epoch Progress | Epoch: 2 | Loss: 0.4736 | LR: 9.98803e-05 | Progress: 50% | Step: 406/812
2026-05-08 00:41:13 INFO Epoch Progress | Epoch: 2 | Loss: 0.4715 | LR: 9.95176e-05 | Progress: 75% | Step: 609/812
2026-05-08 00:42:42 INFO Epoch Progress | Epoch: 2 | Loss: 0.4654 | LR: 9.89136e-05 | Progress: 100% | Step: 812/812
2026-05-08 00:45:41 INFO CSV Written | Epoch: 2
2026-05-08 00:45:41 INFO Best Saved | Epoch: 2 | Monitor: val_auprc | Value: 0.9074
2026-05-08 00:45:41 INFO Epoch Done | Epoch: 2 | Time: 536.6283 | Train Loss: 0.4619 | Val Accuracy: 0.8204 | Val AUPRC: 0.9074 | Val Auroc: 0.9029 | Val F1: 0.8206 | Val Loss: 0.4321
2026-05-08 00:45:41 INFO Epoch Start | Epoch: 3
2026-05-08 00:45:43 INFO Epoch Progress | Epoch: 3 | Loss: 0.3858 | LR: 9.89101e-05 | Progress: 0% | Step: 1/812
2026-05-08 00:47:11 INFO Epoch Progress | Epoch: 3 | Loss: 0.4181 | LR: 9.80714e-05 | Progress: 25% | Step: 203/812
2026-05-08 00:48:39 INFO Epoch Progress | Epoch: 3 | Loss: 0.4168 | LR: 9.69949e-05 | Progress: 50% | Step: 406/812
2026-05-08 00:50:07 INFO Epoch Progress | Epoch: 3 | Loss: 0.4120 | LR: 9.56895e-05 | Progress: 75% | Step: 609/812
2026-05-08 00:51:36 INFO Epoch Progress | Epoch: 3 | Loss: 0.4107 | LR: 9.41696e-05 | Progress: 100% | Step: 812/812
2026-05-08 00:54:36 INFO CSV Written | Epoch: 3
2026-05-08 00:54:36 INFO Best Saved | Epoch: 3 | Monitor: val_auprc | Value: 0.9195
2026-05-08 00:54:36 INFO Epoch Done | Epoch: 3 | Time: 534.8286 | Train Loss: 0.4099 | Val Accuracy: 0.8371 | Val AUPRC: 0.9195 | Val Auroc: 0.9188 | Val F1: 0.8342 | Val Loss: 0.4109
2026-05-08 00:54:36 INFO Epoch Start | Epoch: 4
2026-05-08 00:54:38 INFO Epoch Progress | Epoch: 4 | Loss: 0.5031 | LR: 9.41615e-05 | Progress: 0% | Step: 1/812
2026-05-08 00:56:06 INFO Epoch Progress | Epoch: 4 | Loss: 0.3770 | LR: 9.24275e-05 | Progress: 25% | Step: 203/812
2026-05-08 00:57:35 INFO Epoch Progress | Epoch: 4 | Loss: 0.3763 | LR: 9.04787e-05 | Progress: 50% | Step: 406/812
2026-05-08 00:59:04 INFO Epoch Progress | Epoch: 4 | Loss: 0.3719 | LR: 8.83326e-05 | Progress: 75% | Step: 609/812
2026-05-08 01:00:33 INFO Epoch Progress | Epoch: 4 | Loss: 0.3697 | LR: 8.59999e-05 | Progress: 100% | Step: 812/812
2026-05-08 01:03:35 INFO CSV Written | Epoch: 4
2026-05-08 01:03:35 INFO Best Saved | Epoch: 4 | Monitor: val_auprc | Value: 0.9343
2026-05-08 01:03:35 INFO Epoch Done | Epoch: 4 | Time: 538.7727 | Train Loss: 0.3690 | Val Accuracy: 0.8527 | Val AUPRC: 0.9343 | Val Auroc: 0.9333 | Val F1: 0.8475 | Val Loss: 0.3862
2026-05-08 01:03:35 INFO Epoch Start | Epoch: 5
2026-05-08 01:03:37 INFO Epoch Progress | Epoch: 5 | Loss: 0.3253 | LR: 8.59879e-05 | Progress: 0% | Step: 1/812
2026-05-08 01:05:05 INFO Epoch Progress | Epoch: 5 | Loss: 0.3351 | LR: 8.34917e-05 | Progress: 25% | Step: 203/812
2026-05-08 01:06:33 INFO Epoch Progress | Epoch: 5 | Loss: 0.3300 | LR: 8.08204e-05 | Progress: 50% | Step: 406/812
2026-05-08 01:08:01 INFO Epoch Progress | Epoch: 5 | Loss: 0.3361 | LR: 7.79989e-05 | Progress: 75% | Step: 609/812
2026-05-08 01:09:29 INFO Epoch Progress | Epoch: 5 | Loss: 0.3378 | LR: 7.5041e-05 | Progress: 100% | Step: 812/812
2026-05-08 01:12:26 INFO CSV Written | Epoch: 5
2026-05-08 01:12:27 INFO Best Saved | Epoch: 5 | Monitor: val_auprc | Value: 0.9416
2026-05-08 01:12:27 INFO Epoch Done | Epoch: 5 | Time: 531.3839 | Train Loss: 0.3378 | Val Accuracy: 0.8645 | Val AUPRC: 0.9416 | Val Auroc: 0.9410 | Val F1: 0.8631 | Val Loss: 0.3646
2026-05-08 01:12:27 INFO Epoch Start | Epoch: 6
2026-05-08 01:12:40 INFO Epoch Progress | Epoch: 6 | Loss: 0.9036 | LR: 7.50262e-05 | Progress: 1% | Step: 1/190
2026-05-08 01:13:52 INFO Epoch Progress | Epoch: 6 | Loss: 0.6740 | LR: 7.43233e-05 | Progress: 25% | Step: 48/190
2026-05-08 01:15:02 INFO Epoch Progress | Epoch: 6 | Loss: 0.6574 | LR: 7.35988e-05 | Progress: 51% | Step: 96/190
2026-05-08 01:16:13 INFO Epoch Progress | Epoch: 6 | Loss: 0.6565 | LR: 7.2868e-05 | Progress: 76% | Step: 144/190
2026-05-08 01:17:19 INFO Epoch Progress | Epoch: 6 | Loss: 0.6549 | LR: 7.21618e-05 | Progress: 100% | Step: 190/190
2026-05-08 01:20:25 INFO CSV Written | Epoch: 6
2026-05-08 01:20:25 INFO Best Saved | Epoch: 6 | Monitor: val_auprc | Value: 0.9447
2026-05-08 01:20:25 INFO Epoch Done | Epoch: 6 | Time: 478.2584 | Train Loss: 0.6543 | Val Accuracy: 0.8725 | Val AUPRC: 0.9447 | Val Auroc: 0.9454 | Val F1: 0.8713 | Val Loss: 0.4355
2026-05-08 01:20:25 INFO Epoch Start | Epoch: 7
2026-05-08 01:20:36 INFO Epoch Progress | Epoch: 7 | Loss: 0.6928 | LR: 7.21463e-05 | Progress: 1% | Step: 1/190
2026-05-08 01:21:45 INFO Epoch Progress | Epoch: 7 | Loss: 0.6069 | LR: 7.14189e-05 | Progress: 25% | Step: 48/190
2026-05-08 01:22:55 INFO Epoch Progress | Epoch: 7 | Loss: 0.6133 | LR: 7.06702e-05 | Progress: 51% | Step: 96/190
2026-05-08 01:24:05 INFO Epoch Progress | Epoch: 7 | Loss: 0.6164 | LR: 6.99159e-05 | Progress: 76% | Step: 144/190
2026-05-08 01:25:11 INFO Epoch Progress | Epoch: 7 | Loss: 0.6197 | LR: 6.92038e-05 | Progress: 100% | Step: 190/190
2026-05-08 01:28:13 INFO CSV Written | Epoch: 7
2026-05-08 01:28:13 INFO Epoch Done | Epoch: 7 | Time: 467.9767 | Train Loss: 0.6156 | Val Accuracy: 0.8696 | Val AUPRC: 0.9403 | Val Auroc: 0.9430 | Val F1: 0.8711 | Val Loss: 0.4314
2026-05-08 01:28:13 INFO Epoch Start | Epoch: 8
2026-05-08 01:28:24 INFO Epoch Progress | Epoch: 8 | Loss: 0.5248 | LR: 6.91879e-05 | Progress: 1% | Step: 1/190
2026-05-08 01:29:34 INFO Epoch Progress | Epoch: 8 | Loss: 0.5895 | LR: 6.84391e-05 | Progress: 25% | Step: 48/190
2026-05-08 01:30:45 INFO Epoch Progress | Epoch: 8 | Loss: 0.5901 | LR: 6.76694e-05 | Progress: 51% | Step: 96/190
2026-05-08 01:31:55 INFO Epoch Progress | Epoch: 8 | Loss: 0.5913 | LR: 6.6895e-05 | Progress: 76% | Step: 144/190
2026-05-08 01:33:02 INFO Epoch Progress | Epoch: 8 | Loss: 0.5899 | LR: 6.61484e-05 | Progress: 100% | Step: 190/190
2026-05-08 01:36:04 INFO CSV Written | Epoch: 8
2026-05-08 01:36:04 INFO Epoch Done | Epoch: 8 | Time: 470.3576 | Train Loss: 0.5884 | Val Accuracy: 0.8736 | Val AUPRC: 0.9428 | Val Auroc: 0.9438 | Val F1: 0.8745 | Val Loss: 0.4066
2026-05-08 01:36:04 INFO Epoch Start | Epoch: 9
2026-05-08 01:36:14 INFO Epoch Progress | Epoch: 9 | Loss: 0.4962 | LR: 6.61321e-05 | Progress: 1% | Step: 1/190
2026-05-08 01:37:24 INFO Epoch Progress | Epoch: 9 | Loss: 0.5315 | LR: 6.53651e-05 | Progress: 25% | Step: 48/190
2026-05-08 01:38:34 INFO Epoch Progress | Epoch: 9 | Loss: 0.5580 | LR: 6.45776e-05 | Progress: 51% | Step: 96/190
2026-05-08 01:39:44 INFO Epoch Progress | Epoch: 9 | Loss: 0.5673 | LR: 6.37861e-05 | Progress: 76% | Step: 144/190
2026-05-08 01:40:50 INFO Epoch Progress | Epoch: 9 | Loss: 0.5631 | LR: 6.30241e-05 | Progress: 100% | Step: 190/190
2026-05-08 01:43:51 INFO CSV Written | Epoch: 9
2026-05-08 01:43:51 INFO Epoch Done | Epoch: 9 | Time: 467.4312 | Train Loss: 0.5583 | Val Accuracy: 0.8748 | Val AUPRC: 0.9438 | Val Auroc: 0.9441 | Val F1: 0.8730 | Val Loss: 0.3840
2026-05-08 01:43:51 INFO Epoch Start | Epoch: 10
2026-05-08 01:44:02 INFO Epoch Progress | Epoch: 10 | Loss: 0.6019 | LR: 6.30075e-05 | Progress: 1% | Step: 1/190
2026-05-08 01:45:12 INFO Epoch Progress | Epoch: 10 | Loss: 0.4884 | LR: 6.22255e-05 | Progress: 25% | Step: 48/190
2026-05-08 01:46:22 INFO Epoch Progress | Epoch: 10 | Loss: 0.5087 | LR: 6.14236e-05 | Progress: 51% | Step: 96/190
2026-05-08 01:47:33 INFO Epoch Progress | Epoch: 10 | Loss: 0.5163 | LR: 6.06185e-05 | Progress: 76% | Step: 144/190
2026-05-08 01:48:40 INFO Epoch Progress | Epoch: 10 | Loss: 0.5209 | LR: 5.98443e-05 | Progress: 100% | Step: 190/190
2026-05-08 01:51:43 INFO CSV Written | Epoch: 10
2026-05-08 01:51:43 INFO Epoch Done | Epoch: 10 | Time: 471.8942 | Train Loss: 0.5201 | Val Accuracy: 0.8749 | Val AUPRC: 0.9435 | Val Auroc: 0.9442 | Val F1: 0.8747 | Val Loss: 0.3775
2026-05-08 01:51:43 INFO Epoch Start | Epoch: 11
2026-05-08 01:51:54 INFO Epoch Progress | Epoch: 11 | Loss: 0.4611 | LR: 5.98274e-05 | Progress: 1% | Step: 1/190
2026-05-08 01:53:04 INFO Epoch Progress | Epoch: 11 | Loss: 0.4916 | LR: 5.90337e-05 | Progress: 25% | Step: 48/190
2026-05-08 01:54:14 INFO Epoch Progress | Epoch: 11 | Loss: 0.4949 | LR: 5.82207e-05 | Progress: 51% | Step: 96/190
2026-05-08 01:55:25 INFO Epoch Progress | Epoch: 11 | Loss: 0.4936 | LR: 5.74225e-05 | Progress: 76% | Step: 144/190
2026-05-08 01:56:31 INFO Epoch Progress | Epoch: 11 | Loss: 0.4932 | LR: 5.66394e-05 | Progress: 100% | Step: 190/190
2026-05-08 01:59:33 INFO CSV Written | Epoch: 11
2026-05-08 01:59:33 INFO Epoch Done | Epoch: 11 | Time: 469.5585 | Train Loss: 0.4842 | Val Accuracy: 0.8758 | Val AUPRC: 0.9435 | Val Auroc: 0.9445 | Val F1: 0.8748 | Val Loss: 0.3693
2026-05-08 01:59:33 INFO Epoch Start | Epoch: 12
2026-05-08 01:59:44 INFO Epoch Progress | Epoch: 12 | Loss: 0.2793 | LR: 5.66224e-05 | Progress: 1% | Step: 1/190
2026-05-08 02:00:53 INFO Epoch Progress | Epoch: 12 | Loss: 0.4235 | LR: 5.58205e-05 | Progress: 25% | Step: 48/190
2026-05-08 02:02:02 INFO Epoch Progress | Epoch: 12 | Loss: 0.4408 | LR: 5.5e-05 | Progress: 51% | Step: 96/190
2026-05-08 02:03:13 INFO Epoch Progress | Epoch: 12 | Loss: 0.4440 | LR: 5.41781e-05 | Progress: 76% | Step: 144/190
2026-05-08 02:04:19 INFO Epoch Progress | Epoch: 12 | Loss: 0.4479 | LR: 5.33894e-05 | Progress: 100% | Step: 190/190
2026-05-08 02:07:21 INFO CSV Written | Epoch: 12
2026-05-08 02:07:21 INFO Epoch Done | Epoch: 12 | Time: 468.8491 | Train Loss: 0.4471 | Val Accuracy: 0.8755 | Val AUPRC: 0.9415 | Val Auroc: 0.9428 | Val F1: 0.8741 | Val Loss: 0.3699
2026-05-08 02:07:21 INFO Epoch Start | Epoch: 13
2026-05-08 02:07:32 INFO Epoch Progress | Epoch: 13 | Loss: 0.3767 | LR: 5.33722e-05 | Progress: 1% | Step: 1/190
2026-05-08 02:08:42 INFO Epoch Progress | Epoch: 13 | Loss: 0.3659 | LR: 5.25655e-05 | Progress: 25% | Step: 48/190
2026-05-08 02:09:52 INFO Epoch Progress | Epoch: 13 | Loss: 0.3967 | LR: 5.17409e-05 | Progress: 51% | Step: 96/190
2026-05-08 02:11:02 INFO Epoch Progress | Epoch: 13 | Loss: 0.3984 | LR: 5.09158e-05 | Progress: 76% | Step: 144/190
2026-05-08 02:12:08 INFO Epoch Progress | Epoch: 13 | Loss: 0.4035 | LR: 5.01249e-05 | Progress: 100% | Step: 190/190
2026-05-08 02:15:10 INFO CSV Written | Epoch: 13
2026-05-08 02:15:10 INFO Epoch Done | Epoch: 13 | Time: 468.7350 | Train Loss: 0.4041 | Val Accuracy: 0.8726 | Val AUPRC: 0.9365 | Val Auroc: 0.9372 | Val F1: 0.8715 | Val Loss: 0.3857
2026-05-08 02:15:10 INFO Epoch Start | Epoch: 14
2026-05-08 02:15:21 INFO Epoch Progress | Epoch: 14 | Loss: 0.4628 | LR: 5.01077e-05 | Progress: 1% | Step: 1/190
2026-05-08 02:16:31 INFO Epoch Progress | Epoch: 14 | Loss: 0.3728 | LR: 4.92995e-05 | Progress: 25% | Step: 48/190
2026-05-08 02:17:42 INFO Epoch Progress | Epoch: 14 | Loss: 0.3719 | LR: 4.84744e-05 | Progress: 51% | Step: 96/190
2026-05-08 02:18:52 INFO Epoch Progress | Epoch: 14 | Loss: 0.3749 | LR: 4.76496e-05 | Progress: 76% | Step: 144/190
2026-05-08 02:19:58 INFO Epoch Progress | Epoch: 14 | Loss: 0.3772 | LR: 4.68598e-05 | Progress: 100% | Step: 190/190
2026-05-08 02:23:04 INFO CSV Written | Epoch: 14
2026-05-08 02:23:04 INFO Epoch Done | Epoch: 14 | Time: 473.4575 | Train Loss: 0.3729 | Val Accuracy: 0.8794 | Val AUPRC: 0.9412 | Val Auroc: 0.9429 | Val F1: 0.8784 | Val Loss: 0.3706
2026-05-08 02:23:04 INFO Epoch Start | Epoch: 15
2026-05-08 02:23:14 INFO Epoch Progress | Epoch: 15 | Loss: 0.4031 | LR: 4.68427e-05 | Progress: 1% | Step: 1/190
2026-05-08 02:24:23 INFO Epoch Progress | Epoch: 15 | Loss: 0.3336 | LR: 4.60365e-05 | Progress: 25% | Step: 48/190
2026-05-08 02:25:31 INFO Epoch Progress | Epoch: 15 | Loss: 0.3382 | LR: 4.52144e-05 | Progress: 51% | Step: 96/190
2026-05-08 02:26:40 INFO Epoch Progress | Epoch: 15 | Loss: 0.3392 | LR: 4.43935e-05 | Progress: 76% | Step: 144/190
2026-05-08 02:27:45 INFO Epoch Progress | Epoch: 15 | Loss: 0.3394 | LR: 4.36082e-05 | Progress: 100% | Step: 190/190
2026-05-08 02:30:52 INFO CSV Written | Epoch: 15
2026-05-08 02:30:52 INFO Epoch Done | Epoch: 15 | Time: 467.9508 | Train Loss: 0.3399 | Val Accuracy: 0.8757 | Val AUPRC: 0.9360 | Val Auroc: 0.9378 | Val F1: 0.8749 | Val Loss: 0.3849
2026-05-08 02:30:52 INFO Epoch Start | Epoch: 16
2026-05-08 02:31:03 INFO Epoch Progress | Epoch: 16 | Loss: 0.4186 | LR: 4.35911e-05 | Progress: 1% | Step: 1/190
2026-05-08 02:32:12 INFO Epoch Progress | Epoch: 16 | Loss: 0.3049 | LR: 4.27905e-05 | Progress: 25% | Step: 48/190
2026-05-08 02:33:22 INFO Epoch Progress | Epoch: 16 | Loss: 0.3046 | LR: 4.19748e-05 | Progress: 51% | Step: 96/190
2026-05-08 02:34:32 INFO Epoch Progress | Epoch: 16 | Loss: 0.3116 | LR: 4.11612e-05 | Progress: 76% | Step: 144/190
2026-05-08 02:35:38 INFO Epoch Progress | Epoch: 16 | Loss: 0.3187 | LR: 4.03838e-05 | Progress: 100% | Step: 190/190
2026-05-08 02:38:41 INFO CSV Written | Epoch: 16
2026-05-08 02:38:41 INFO Epoch Done | Epoch: 16 | Time: 469.0291 | Train Loss: 0.3124 | Val Accuracy: 0.8772 | Val AUPRC: 0.9332 | Val Auroc: 0.9337 | Val F1: 0.8763 | Val Loss: 0.3932
2026-05-08 02:38:41 INFO Early Stop | Epoch: 16
2026-05-08 02:38:41 INFO Stage Done | Run Id: pair_context_gated_s101
2026-05-08 02:38:41 INFO Stage Start | Checkpoint: models/v3.1/train/pair_context_gated_s101/best_model.pth | Run Id: pair_context_gated_s101
2026-05-08 02:38:41 INFO Checkpoint Loaded | Path: models/v3.1/train/pair_context_gated_s101/best_model.pth
2026-05-08 02:38:41 INFO Decision Threshold | Mode: fixed | Value: 0.5000
2026-05-08 02:44:59 INFO Evaluation Metrics | Accuracy: 0.6216 | AUPRC: 0.7051 | Auroc: 0.6770 | F1: 0.5922 | Mcc: 0.2458 | Precision: 0.6422 | Recall: 0.5494 | Sensitivity: 0.5494 | Specificity: 0.6938 | Split: test
2026-05-08 02:44:59 INFO CSV Written | Path: logs/v3.1/evaluate/pair_context_gated_s101/evaluate.csv
2026-05-08 02:44:59 INFO Stage Done | Run Id: pair_context_gated_s101
[rank0]:[W508 02:45:00.858452267 ProcessGroupNCCL.cpp:1553] Warning: WARNING: destroy_process_group() was not called before program exit, which can leak resources. For more info, please see https://pytorch.org/docs/stable/distributed.html#shutdown (function operator())

*****************************************
Setting OMP_NUM_THREADS environment variable for each process to be 1 in default, to avoid your system being overloaded, please further tune the variable for optimal performance in your application as needed. 
*****************************************
INFO:src.pipeline.__main__:Loaded config: configs/v3-1/0506/pair_context_gated_s13.yaml
WARNING:accelerate.utils.other:[RANK 0] Detected kernel version 3.10.0, which is below the recommended minimum of 5.5.0; this can cause the process to hang. It is recommended to upgrade the kernel to the minimum version or higher.
WARNING:py.warnings:/public/home/wangar2023/grand/.venv/lib/python3.11/site-packages/torch/distributed/c10d_logger.py:83: UserWarning: barrier(): using the device under current context. You can specify `device_id` in `init_process_group` to mute this warning.
  return func(*args, **kwargs)

2026-05-08 02:45:59 INFO Pipeline Runtime | Device: cuda:0 | Distributed: True | Test Batches: 1691 | Train Batches: 812 | Valid Batches: 762 | World Size: 4
2026-05-08 02:45:59 INFO Stage Start | Run Id: pair_context_gated_s13
2026-05-08 02:46:02 INFO Train Config | Epochs: 50 | Monitor: auprc | Patience: 10
2026-05-08 02:46:02 INFO Epoch Start | Epoch: 1
2026-05-08 02:46:07 INFO Epoch Progress | Epoch: 1 | Loss: 0.7834 | LR: 4.00023e-06 | Progress: 0% | Step: 1/812
2026-05-08 02:47:37 INFO Epoch Progress | Epoch: 1 | Loss: 0.7129 | LR: 1.31716e-05 | Progress: 25% | Step: 203/812
2026-05-08 02:49:05 INFO Epoch Progress | Epoch: 1 | Loss: 0.6709 | LR: 3.704e-05 | Progress: 50% | Step: 406/812
2026-05-08 02:50:33 INFO Epoch Progress | Epoch: 1 | Loss: 0.6248 | LR: 6.67126e-05 | Progress: 75% | Step: 609/812
2026-05-08 02:52:01 INFO Epoch Progress | Epoch: 1 | Loss: 0.5949 | LR: 9.0675e-05 | Progress: 100% | Step: 812/812
2026-05-08 02:55:03 INFO CSV Written | Epoch: 1
WARNING:py.warnings:/public/home/wangar2023/grand/.venv/lib/python3.11/site-packages/deepspeed/runtime/zero/linear.py:47: FutureWarning: `torch.cuda.amp.custom_fwd(args...)` is deprecated. Please use `torch.amp.custom_fwd(args..., device_type='cuda')` instead.
  @autocast_custom_fwd

WARNING:py.warnings:/public/home/wangar2023/grand/.venv/lib/python3.11/site-packages/deepspeed/runtime/zero/linear.py:66: FutureWarning: `torch.cuda.amp.custom_bwd(args...)` is deprecated. Please use `torch.amp.custom_bwd(args..., device_type='cuda')` instead.
  @autocast_custom_bwd

2026-05-08 02:55:09 INFO Best Saved | Epoch: 1 | Monitor: val_auprc | Value: 0.8628
2026-05-08 02:55:09 INFO Epoch Done | Epoch: 1 | Time: 540.5649 | Train Loss: 0.5961 | Val Accuracy: 0.7729 | Val AUPRC: 0.8628 | Val Auroc: 0.8596 | Val F1: 0.7615 | Val Loss: 0.4978
2026-05-08 02:55:09 INFO Epoch Start | Epoch: 2
2026-05-08 02:55:11 INFO Epoch Progress | Epoch: 2 | Loss: 0.6519 | LR: 9.07628e-05 | Progress: 0% | Step: 1/812
2026-05-08 02:56:40 INFO Epoch Progress | Epoch: 2 | Loss: 0.4836 | LR: 9.99993e-05 | Progress: 25% | Step: 203/812
2026-05-08 02:58:08 INFO Epoch Progress | Epoch: 2 | Loss: 0.4741 | LR: 9.98803e-05 | Progress: 50% | Step: 406/812
2026-05-08 02:59:37 INFO Epoch Progress | Epoch: 2 | Loss: 0.4685 | LR: 9.95176e-05 | Progress: 75% | Step: 609/812
2026-05-08 03:01:06 INFO Epoch Progress | Epoch: 2 | Loss: 0.4595 | LR: 9.89136e-05 | Progress: 100% | Step: 812/812
2026-05-08 03:04:10 INFO CSV Written | Epoch: 2
2026-05-08 03:04:10 INFO Best Saved | Epoch: 2 | Monitor: val_auprc | Value: 0.9077
2026-05-08 03:04:10 INFO Epoch Done | Epoch: 2 | Time: 540.6688 | Train Loss: 0.4582 | Val Accuracy: 0.8240 | Val AUPRC: 0.9077 | Val Auroc: 0.9057 | Val F1: 0.8297 | Val Loss: 0.4284
2026-05-08 03:04:10 INFO Epoch Start | Epoch: 3
2026-05-08 03:04:12 INFO Epoch Progress | Epoch: 3 | Loss: 0.3145 | LR: 9.89101e-05 | Progress: 0% | Step: 1/812
2026-05-08 03:05:41 INFO Epoch Progress | Epoch: 3 | Loss: 0.4181 | LR: 9.80714e-05 | Progress: 25% | Step: 203/812
2026-05-08 03:07:09 INFO Epoch Progress | Epoch: 3 | Loss: 0.4096 | LR: 9.69949e-05 | Progress: 50% | Step: 406/812
2026-05-08 03:08:38 INFO Epoch Progress | Epoch: 3 | Loss: 0.4042 | LR: 9.56895e-05 | Progress: 75% | Step: 609/812
2026-05-08 03:10:06 INFO Epoch Progress | Epoch: 3 | Loss: 0.4035 | LR: 9.41615e-05 | Progress: 100% | Step: 812/812
2026-05-08 03:13:06 INFO CSV Written | Epoch: 3
2026-05-08 03:13:06 INFO Best Saved | Epoch: 3 | Monitor: val_auprc | Value: 0.9262
2026-05-08 03:13:06 INFO Epoch Done | Epoch: 3 | Time: 536.1215 | Train Loss: 0.4015 | Val Accuracy: 0.8430 | Val AUPRC: 0.9262 | Val Auroc: 0.9242 | Val F1: 0.8441 | Val Loss: 0.3970
2026-05-08 03:13:06 INFO Epoch Start | Epoch: 4
2026-05-08 03:13:08 INFO Epoch Progress | Epoch: 4 | Loss: 0.2817 | LR: 9.41535e-05 | Progress: 0% | Step: 1/812
2026-05-08 03:14:36 INFO Epoch Progress | Epoch: 4 | Loss: 0.3759 | LR: 9.24184e-05 | Progress: 25% | Step: 203/812
2026-05-08 03:16:05 INFO Epoch Progress | Epoch: 4 | Loss: 0.3712 | LR: 9.04686e-05 | Progress: 50% | Step: 406/812
2026-05-08 03:17:33 INFO Epoch Progress | Epoch: 4 | Loss: 0.3641 | LR: 8.83326e-05 | Progress: 75% | Step: 609/812
2026-05-08 03:19:01 INFO Epoch Progress | Epoch: 4 | Loss: 0.3650 | LR: 8.59999e-05 | Progress: 100% | Step: 812/812
2026-05-08 03:22:04 INFO CSV Written | Epoch: 4
2026-05-08 03:22:04 INFO Best Saved | Epoch: 4 | Monitor: val_auprc | Value: 0.9360
2026-05-08 03:22:04 INFO Epoch Done | Epoch: 4 | Time: 537.2754 | Train Loss: 0.3630 | Val Accuracy: 0.8582 | Val AUPRC: 0.9360 | Val Auroc: 0.9346 | Val F1: 0.8599 | Val Loss: 0.3813
2026-05-08 03:22:04 INFO Epoch Start | Epoch: 5
2026-05-08 03:22:06 INFO Epoch Progress | Epoch: 5 | Loss: 0.4033 | LR: 8.59879e-05 | Progress: 0% | Step: 1/812
2026-05-08 03:23:35 INFO Epoch Progress | Epoch: 5 | Loss: 0.3342 | LR: 8.34917e-05 | Progress: 25% | Step: 203/812
2026-05-08 03:25:04 INFO Epoch Progress | Epoch: 5 | Loss: 0.3292 | LR: 8.08204e-05 | Progress: 50% | Step: 406/812
2026-05-08 03:26:32 INFO Epoch Progress | Epoch: 5 | Loss: 0.3289 | LR: 7.79989e-05 | Progress: 75% | Step: 609/812
2026-05-08 03:28:01 INFO Epoch Progress | Epoch: 5 | Loss: 0.3305 | LR: 7.5041e-05 | Progress: 100% | Step: 812/812
2026-05-08 03:31:02 INFO CSV Written | Epoch: 5
2026-05-08 03:31:02 INFO Best Saved | Epoch: 5 | Monitor: val_auprc | Value: 0.9407
2026-05-08 03:31:02 INFO Epoch Done | Epoch: 5 | Time: 537.9722 | Train Loss: 0.3325 | Val Accuracy: 0.8674 | Val AUPRC: 0.9407 | Val Auroc: 0.9413 | Val F1: 0.8695 | Val Loss: 0.3705
2026-05-08 03:31:02 INFO Epoch Start | Epoch: 6
2026-05-08 03:31:15 INFO Epoch Progress | Epoch: 6 | Loss: 1.0697 | LR: 7.50262e-05 | Progress: 1% | Step: 1/190
2026-05-08 03:32:26 INFO Epoch Progress | Epoch: 6 | Loss: 0.6883 | LR: 7.43233e-05 | Progress: 25% | Step: 48/190
2026-05-08 03:33:36 INFO Epoch Progress | Epoch: 6 | Loss: 0.6693 | LR: 7.35988e-05 | Progress: 51% | Step: 96/190
2026-05-08 03:34:46 INFO Epoch Progress | Epoch: 6 | Loss: 0.6599 | LR: 7.2868e-05 | Progress: 76% | Step: 144/190
2026-05-08 03:35:52 INFO Epoch Progress | Epoch: 6 | Loss: 0.6546 | LR: 7.21618e-05 | Progress: 100% | Step: 190/190
2026-05-08 03:38:54 INFO CSV Written | Epoch: 6
2026-05-08 03:38:55 INFO Best Saved | Epoch: 6 | Monitor: val_auprc | Value: 0.9457
2026-05-08 03:38:55 INFO Epoch Done | Epoch: 6 | Time: 472.3098 | Train Loss: 0.6498 | Val Accuracy: 0.8752 | Val AUPRC: 0.9457 | Val Auroc: 0.9457 | Val F1: 0.8765 | Val Loss: 0.4204
2026-05-08 03:38:55 INFO Epoch Start | Epoch: 7
2026-05-08 03:39:05 INFO Epoch Progress | Epoch: 7 | Loss: 0.6728 | LR: 7.21463e-05 | Progress: 1% | Step: 1/190
2026-05-08 03:40:15 INFO Epoch Progress | Epoch: 7 | Loss: 0.6183 | LR: 7.14189e-05 | Progress: 25% | Step: 48/190
2026-05-08 03:41:24 INFO Epoch Progress | Epoch: 7 | Loss: 0.6117 | LR: 7.06702e-05 | Progress: 51% | Step: 96/190
2026-05-08 03:42:34 INFO Epoch Progress | Epoch: 7 | Loss: 0.6129 | LR: 6.99159e-05 | Progress: 76% | Step: 144/190
2026-05-08 03:43:40 INFO Epoch Progress | Epoch: 7 | Loss: 0.6102 | LR: 6.91879e-05 | Progress: 100% | Step: 190/190
2026-05-08 03:46:45 INFO CSV Written | Epoch: 7
2026-05-08 03:46:45 INFO Epoch Done | Epoch: 7 | Time: 469.9177 | Train Loss: 0.6075 | Val Accuracy: 0.8724 | Val AUPRC: 0.9442 | Val Auroc: 0.9443 | Val F1: 0.8734 | Val Loss: 0.4076
2026-05-08 03:46:45 INFO Epoch Start | Epoch: 8
2026-05-08 03:46:55 INFO Epoch Progress | Epoch: 8 | Loss: 0.5966 | LR: 6.9172e-05 | Progress: 1% | Step: 1/190
2026-05-08 03:48:04 INFO Epoch Progress | Epoch: 8 | Loss: 0.5553 | LR: 6.84231e-05 | Progress: 25% | Step: 48/190
2026-05-08 03:49:14 INFO Epoch Progress | Epoch: 8 | Loss: 0.5742 | LR: 6.76534e-05 | Progress: 51% | Step: 96/190
2026-05-08 03:50:25 INFO Epoch Progress | Epoch: 8 | Loss: 0.5747 | LR: 6.68788e-05 | Progress: 76% | Step: 144/190
2026-05-08 03:51:31 INFO Epoch Progress | Epoch: 8 | Loss: 0.5849 | LR: 6.61321e-05 | Progress: 100% | Step: 190/190
2026-05-08 03:54:35 INFO CSV Written | Epoch: 8
2026-05-08 03:54:35 INFO Epoch Done | Epoch: 8 | Time: 469.9232 | Train Loss: 0.5766 | Val Accuracy: 0.8774 | Val AUPRC: 0.9443 | Val Auroc: 0.9451 | Val F1: 0.8786 | Val Loss: 0.3996
2026-05-08 03:54:35 INFO Epoch Start | Epoch: 9
2026-05-08 03:54:44 INFO Epoch Progress | Epoch: 9 | Loss: 0.6422 | LR: 6.61159e-05 | Progress: 1% | Step: 1/190
2026-05-08 03:55:54 INFO Epoch Progress | Epoch: 9 | Loss: 0.5241 | LR: 6.53487e-05 | Progress: 25% | Step: 48/190
2026-05-08 03:57:05 INFO Epoch Progress | Epoch: 9 | Loss: 0.5371 | LR: 6.45612e-05 | Progress: 51% | Step: 96/190
2026-05-08 03:58:15 INFO Epoch Progress | Epoch: 9 | Loss: 0.5433 | LR: 6.37696e-05 | Progress: 76% | Step: 144/190
2026-05-08 03:59:22 INFO Epoch Progress | Epoch: 9 | Loss: 0.5436 | LR: 6.30075e-05 | Progress: 100% | Step: 190/190
2026-05-08 04:02:28 INFO CSV Written | Epoch: 9
2026-05-08 04:02:28 INFO Epoch Done | Epoch: 9 | Time: 473.1307 | Train Loss: 0.5458 | Val Accuracy: 0.8752 | Val AUPRC: 0.9452 | Val Auroc: 0.9447 | Val F1: 0.8731 | Val Loss: 0.3803
2026-05-08 04:02:28 INFO Epoch Start | Epoch: 10
2026-05-08 04:02:39 INFO Epoch Progress | Epoch: 10 | Loss: 0.6786 | LR: 6.29909e-05 | Progress: 1% | Step: 1/190
2026-05-08 04:03:48 INFO Epoch Progress | Epoch: 10 | Loss: 0.5067 | LR: 6.22088e-05 | Progress: 25% | Step: 48/190
2026-05-08 04:04:58 INFO Epoch Progress | Epoch: 10 | Loss: 0.5173 | LR: 6.14236e-05 | Progress: 51% | Step: 96/190
2026-05-08 04:06:08 INFO Epoch Progress | Epoch: 10 | Loss: 0.5132 | LR: 6.06185e-05 | Progress: 76% | Step: 144/190
2026-05-08 04:07:14 INFO Epoch Progress | Epoch: 10 | Loss: 0.5095 | LR: 5.98443e-05 | Progress: 100% | Step: 190/190
2026-05-08 04:10:18 INFO CSV Written | Epoch: 10
2026-05-08 04:10:18 INFO Epoch Done | Epoch: 10 | Time: 469.8624 | Train Loss: 0.5044 | Val Accuracy: 0.8755 | Val AUPRC: 0.9418 | Val Auroc: 0.9418 | Val F1: 0.8738 | Val Loss: 0.3738
2026-05-08 04:10:18 INFO Epoch Start | Epoch: 11
2026-05-08 04:10:28 INFO Epoch Progress | Epoch: 11 | Loss: 0.4374 | LR: 5.98274e-05 | Progress: 1% | Step: 1/190
2026-05-08 04:11:38 INFO Epoch Progress | Epoch: 11 | Loss: 0.4398 | LR: 5.90337e-05 | Progress: 25% | Step: 48/190
2026-05-08 04:12:48 INFO Epoch Progress | Epoch: 11 | Loss: 0.4600 | LR: 5.82207e-05 | Progress: 51% | Step: 96/190
2026-05-08 04:13:59 INFO Epoch Progress | Epoch: 11 | Loss: 0.4702 | LR: 5.74055e-05 | Progress: 76% | Step: 144/190
2026-05-08 04:15:05 INFO Epoch Progress | Epoch: 11 | Loss: 0.4764 | LR: 5.66224e-05 | Progress: 100% | Step: 190/190
2026-05-08 04:18:08 INFO CSV Written | Epoch: 11
2026-05-08 04:18:08 INFO Epoch Done | Epoch: 11 | Time: 470.0448 | Train Loss: 0.4673 | Val Accuracy: 0.8768 | Val AUPRC: 0.9394 | Val Auroc: 0.9407 | Val F1: 0.8767 | Val Loss: 0.3734
2026-05-08 04:18:08 INFO Epoch Start | Epoch: 12
2026-05-08 04:18:18 INFO Epoch Progress | Epoch: 12 | Loss: 0.2843 | LR: 5.66053e-05 | Progress: 1% | Step: 1/190
2026-05-08 04:19:28 INFO Epoch Progress | Epoch: 12 | Loss: 0.3977 | LR: 5.58034e-05 | Progress: 25% | Step: 48/190
2026-05-08 04:20:39 INFO Epoch Progress | Epoch: 12 | Loss: 0.4104 | LR: 5.49828e-05 | Progress: 51% | Step: 96/190
2026-05-08 04:21:50 INFO Epoch Progress | Epoch: 12 | Loss: 0.4217 | LR: 5.41609e-05 | Progress: 76% | Step: 144/190
2026-05-08 04:22:56 INFO Epoch Progress | Epoch: 12 | Loss: 0.4281 | LR: 5.33722e-05 | Progress: 100% | Step: 190/190
2026-05-08 04:26:01 INFO CSV Written | Epoch: 12
2026-05-08 04:26:01 INFO Epoch Done | Epoch: 12 | Time: 473.5564 | Train Loss: 0.4257 | Val Accuracy: 0.8766 | Val AUPRC: 0.9426 | Val Auroc: 0.9433 | Val F1: 0.8769 | Val Loss: 0.3680
2026-05-08 04:26:01 INFO Epoch Start | Epoch: 13
2026-05-08 04:26:10 INFO Epoch Progress | Epoch: 13 | Loss: 0.2538 | LR: 5.33551e-05 | Progress: 1% | Step: 1/190
2026-05-08 04:27:20 INFO Epoch Progress | Epoch: 13 | Loss: 0.3909 | LR: 5.25483e-05 | Progress: 25% | Step: 48/190
2026-05-08 04:28:29 INFO Epoch Progress | Epoch: 13 | Loss: 0.3934 | LR: 5.17237e-05 | Progress: 51% | Step: 96/190
2026-05-08 04:29:39 INFO Epoch Progress | Epoch: 13 | Loss: 0.3928 | LR: 5.09158e-05 | Progress: 76% | Step: 144/190
2026-05-08 04:30:46 INFO Epoch Progress | Epoch: 13 | Loss: 0.3899 | LR: 5.01249e-05 | Progress: 100% | Step: 190/190
2026-05-08 04:33:56 INFO CSV Written | Epoch: 13
2026-05-08 04:33:56 INFO Epoch Done | Epoch: 13 | Time: 475.0486 | Train Loss: 0.3878 | Val Accuracy: 0.8789 | Val AUPRC: 0.9399 | Val Auroc: 0.9424 | Val F1: 0.8814 | Val Loss: 0.3745
2026-05-08 04:33:56 INFO Epoch Start | Epoch: 14
2026-05-08 04:34:06 INFO Epoch Progress | Epoch: 14 | Loss: 0.5721 | LR: 5.01077e-05 | Progress: 1% | Step: 1/190
2026-05-08 04:35:16 INFO Epoch Progress | Epoch: 14 | Loss: 0.3497 | LR: 4.92995e-05 | Progress: 25% | Step: 48/190
2026-05-08 04:36:25 INFO Epoch Progress | Epoch: 14 | Loss: 0.3466 | LR: 4.84744e-05 | Progress: 51% | Step: 96/190
2026-05-08 04:37:35 INFO Epoch Progress | Epoch: 14 | Loss: 0.3614 | LR: 4.76496e-05 | Progress: 76% | Step: 144/190
2026-05-08 04:38:42 INFO Epoch Progress | Epoch: 14 | Loss: 0.3602 | LR: 4.68598e-05 | Progress: 100% | Step: 190/190
2026-05-08 04:41:47 INFO CSV Written | Epoch: 14
2026-05-08 04:41:47 INFO Epoch Done | Epoch: 14 | Time: 470.2976 | Train Loss: 0.3542 | Val Accuracy: 0.8774 | Val AUPRC: 0.9383 | Val Auroc: 0.9390 | Val F1: 0.8767 | Val Loss: 0.3804
2026-05-08 04:41:47 INFO Epoch Start | Epoch: 15
2026-05-08 04:41:57 INFO Epoch Progress | Epoch: 15 | Loss: 0.4572 | LR: 4.68427e-05 | Progress: 1% | Step: 1/190
2026-05-08 04:43:07 INFO Epoch Progress | Epoch: 15 | Loss: 0.3157 | LR: 4.60365e-05 | Progress: 25% | Step: 48/190
2026-05-08 04:44:18 INFO Epoch Progress | Epoch: 15 | Loss: 0.3148 | LR: 4.52144e-05 | Progress: 51% | Step: 96/190
2026-05-08 04:45:28 INFO Epoch Progress | Epoch: 15 | Loss: 0.3204 | LR: 4.43935e-05 | Progress: 76% | Step: 144/190
2026-05-08 04:46:34 INFO Epoch Progress | Epoch: 15 | Loss: 0.3188 | LR: 4.36082e-05 | Progress: 100% | Step: 190/190
2026-05-08 04:49:41 INFO CSV Written | Epoch: 15
2026-05-08 04:49:41 INFO Epoch Done | Epoch: 15 | Time: 474.5984 | Train Loss: 0.3221 | Val Accuracy: 0.8773 | Val AUPRC: 0.9120 | Val Auroc: 0.9302 | Val F1: 0.8799 | Val Loss: 0.4106
2026-05-08 04:49:41 INFO Epoch Start | Epoch: 16
2026-05-08 04:49:52 INFO Epoch Progress | Epoch: 16 | Loss: 0.3056 | LR: 4.35911e-05 | Progress: 1% | Step: 1/190
2026-05-08 04:51:01 INFO Epoch Progress | Epoch: 16 | Loss: 0.2983 | LR: 4.27905e-05 | Progress: 25% | Step: 48/190
2026-05-08 04:52:10 INFO Epoch Progress | Epoch: 16 | Loss: 0.2946 | LR: 4.19748e-05 | Progress: 51% | Step: 96/190
2026-05-08 04:53:21 INFO Epoch Progress | Epoch: 16 | Loss: 0.3010 | LR: 4.11612e-05 | Progress: 76% | Step: 144/190
2026-05-08 04:54:27 INFO Epoch Progress | Epoch: 16 | Loss: 0.3029 | LR: 4.03838e-05 | Progress: 100% | Step: 190/190
2026-05-08 04:57:32 INFO CSV Written | Epoch: 16
2026-05-08 04:57:32 INFO Epoch Done | Epoch: 16 | Time: 471.2090 | Train Loss: 0.2982 | Val Accuracy: 0.8779 | Val AUPRC: 0.9257 | Val Auroc: 0.9354 | Val F1: 0.8811 | Val Loss: 0.4059
2026-05-08 04:57:32 INFO Early Stop | Epoch: 16
2026-05-08 04:57:32 INFO Stage Done | Run Id: pair_context_gated_s13
2026-05-08 04:57:32 INFO Stage Start | Checkpoint: models/v3.1/train/pair_context_gated_s13/best_model.pth | Run Id: pair_context_gated_s13
2026-05-08 04:57:33 INFO Checkpoint Loaded | Path: models/v3.1/train/pair_context_gated_s13/best_model.pth
2026-05-08 04:57:33 INFO Decision Threshold | Mode: fixed | Value: 0.5000
2026-05-08 05:04:11 INFO Evaluation Metrics | Accuracy: 0.6196 | AUPRC: 0.7039 | Auroc: 0.6748 | F1: 0.6057 | Mcc: 0.2398 | Precision: 0.6288 | Recall: 0.5842 | Sensitivity: 0.5842 | Specificity: 0.6550 | Split: test
2026-05-08 05:04:11 INFO CSV Written | Path: logs/v3.1/evaluate/pair_context_gated_s13/evaluate.csv
2026-05-08 05:04:11 INFO Stage Done | Run Id: pair_context_gated_s13
[rank0]:[W508 05:04:12.837349762 ProcessGroupNCCL.cpp:1553] Warning: WARNING: destroy_process_group() was not called before program exit, which can leak resources. For more info, please see https://pytorch.org/docs/stable/distributed.html#shutdown (function operator())

*****************************************
Setting OMP_NUM_THREADS environment variable for each process to be 1 in default, to avoid your system being overloaded, please further tune the variable for optimal performance in your application as needed. 
*****************************************
INFO:src.pipeline.__main__:Loaded config: configs/v3-1/0506/pair_context_gated_s47.yaml
WARNING:accelerate.utils.other:[RANK 0] Detected kernel version 3.10.0, which is below the recommended minimum of 5.5.0; this can cause the process to hang. It is recommended to upgrade the kernel to the minimum version or higher.
WARNING:py.warnings:/public/home/wangar2023/grand/.venv/lib/python3.11/site-packages/torch/distributed/c10d_logger.py:83: UserWarning: barrier(): using the device under current context. You can specify `device_id` in `init_process_group` to mute this warning.
  return func(*args, **kwargs)

2026-05-08 05:05:14 INFO Pipeline Runtime | Device: cuda:0 | Distributed: True | Test Batches: 1691 | Train Batches: 812 | Valid Batches: 762 | World Size: 4
2026-05-08 05:05:14 INFO Stage Start | Run Id: pair_context_gated_s47
2026-05-08 05:05:16 INFO Train Config | Epochs: 50 | Monitor: auprc | Patience: 10
2026-05-08 05:05:16 INFO Epoch Start | Epoch: 1
2026-05-08 05:05:21 INFO Epoch Progress | Epoch: 1 | Loss: 0.6773 | LR: 4.00023e-06 | Progress: 0% | Step: 1/812
2026-05-08 05:06:50 INFO Epoch Progress | Epoch: 1 | Loss: 0.7249 | LR: 1.30844e-05 | Progress: 25% | Step: 203/812
2026-05-08 05:08:18 INFO Epoch Progress | Epoch: 1 | Loss: 0.6771 | LR: 3.68989e-05 | Progress: 50% | Step: 406/812
2026-05-08 05:09:47 INFO Epoch Progress | Epoch: 1 | Loss: 0.6342 | LR: 6.65711e-05 | Progress: 75% | Step: 609/812
2026-05-08 05:11:16 INFO Epoch Progress | Epoch: 1 | Loss: 0.6005 | LR: 9.0675e-05 | Progress: 100% | Step: 812/812
2026-05-08 05:14:18 INFO CSV Written | Epoch: 1
WARNING:py.warnings:/public/home/wangar2023/grand/.venv/lib/python3.11/site-packages/deepspeed/runtime/zero/linear.py:47: FutureWarning: `torch.cuda.amp.custom_fwd(args...)` is deprecated. Please use `torch.amp.custom_fwd(args..., device_type='cuda')` instead.
  @autocast_custom_fwd

WARNING:py.warnings:/public/home/wangar2023/grand/.venv/lib/python3.11/site-packages/deepspeed/runtime/zero/linear.py:66: FutureWarning: `torch.cuda.amp.custom_bwd(args...)` is deprecated. Please use `torch.amp.custom_bwd(args..., device_type='cuda')` instead.
  @autocast_custom_bwd

2026-05-08 05:14:24 INFO Best Saved | Epoch: 1 | Monitor: val_auprc | Value: 0.8724
2026-05-08 05:14:24 INFO Epoch Done | Epoch: 1 | Time: 541.7449 | Train Loss: 0.5987 | Val Accuracy: 0.7816 | Val AUPRC: 0.8724 | Val Auroc: 0.8681 | Val F1: 0.7914 | Val Loss: 0.4861
2026-05-08 05:14:24 INFO Epoch Start | Epoch: 2
2026-05-08 05:14:26 INFO Epoch Progress | Epoch: 2 | Loss: 0.4858 | LR: 9.07628e-05 | Progress: 0% | Step: 1/812
2026-05-08 05:15:54 INFO Epoch Progress | Epoch: 2 | Loss: 0.4866 | LR: 9.99993e-05 | Progress: 25% | Step: 203/812
2026-05-08 05:17:22 INFO Epoch Progress | Epoch: 2 | Loss: 0.4786 | LR: 9.98803e-05 | Progress: 50% | Step: 406/812
2026-05-08 05:18:51 INFO Epoch Progress | Epoch: 2 | Loss: 0.4675 | LR: 9.95176e-05 | Progress: 75% | Step: 609/812
2026-05-08 05:20:19 INFO Epoch Progress | Epoch: 2 | Loss: 0.4596 | LR: 9.89136e-05 | Progress: 100% | Step: 812/812
2026-05-08 05:23:21 INFO CSV Written | Epoch: 2
2026-05-08 05:23:21 INFO Best Saved | Epoch: 2 | Monitor: val_auprc | Value: 0.9070
2026-05-08 05:23:21 INFO Epoch Done | Epoch: 2 | Time: 537.0740 | Train Loss: 0.4569 | Val Accuracy: 0.8189 | Val AUPRC: 0.9070 | Val Auroc: 0.9042 | Val F1: 0.8171 | Val Loss: 0.4329
2026-05-08 05:23:21 INFO Epoch Start | Epoch: 3
2026-05-08 05:23:23 INFO Epoch Progress | Epoch: 3 | Loss: 0.2920 | LR: 9.89101e-05 | Progress: 0% | Step: 1/812
2026-05-08 05:24:51 INFO Epoch Progress | Epoch: 3 | Loss: 0.4177 | LR: 9.80714e-05 | Progress: 25% | Step: 203/812
2026-05-08 05:26:20 INFO Epoch Progress | Epoch: 3 | Loss: 0.4129 | LR: 9.69949e-05 | Progress: 50% | Step: 406/812
2026-05-08 05:27:49 INFO Epoch Progress | Epoch: 3 | Loss: 0.4068 | LR: 9.56895e-05 | Progress: 75% | Step: 609/812
2026-05-08 05:29:17 INFO Epoch Progress | Epoch: 3 | Loss: 0.4037 | LR: 9.41615e-05 | Progress: 100% | Step: 812/812
2026-05-08 05:32:20 INFO CSV Written | Epoch: 3
2026-05-08 05:32:21 INFO Best Saved | Epoch: 3 | Monitor: val_auprc | Value: 0.9274
2026-05-08 05:32:21 INFO Epoch Done | Epoch: 3 | Time: 539.3471 | Train Loss: 0.4024 | Val Accuracy: 0.8475 | Val AUPRC: 0.9274 | Val Auroc: 0.9260 | Val F1: 0.8489 | Val Loss: 0.3917
2026-05-08 05:32:21 INFO Epoch Start | Epoch: 4
2026-05-08 05:32:23 INFO Epoch Progress | Epoch: 4 | Loss: 0.2948 | LR: 9.41535e-05 | Progress: 0% | Step: 1/812
2026-05-08 05:33:50 INFO Epoch Progress | Epoch: 4 | Loss: 0.3649 | LR: 9.24184e-05 | Progress: 25% | Step: 203/812
2026-05-08 05:35:19 INFO Epoch Progress | Epoch: 4 | Loss: 0.3644 | LR: 9.04787e-05 | Progress: 50% | Step: 406/812
2026-05-08 05:36:48 INFO Epoch Progress | Epoch: 4 | Loss: 0.3669 | LR: 8.83326e-05 | Progress: 75% | Step: 609/812
2026-05-08 05:38:17 INFO Epoch Progress | Epoch: 4 | Loss: 0.3653 | LR: 8.59999e-05 | Progress: 100% | Step: 812/812
2026-05-08 05:41:19 INFO CSV Written | Epoch: 4
2026-05-08 05:41:19 INFO Best Saved | Epoch: 4 | Monitor: val_auprc | Value: 0.9358
2026-05-08 05:41:19 INFO Epoch Done | Epoch: 4 | Time: 538.2490 | Train Loss: 0.3633 | Val Accuracy: 0.8581 | Val AUPRC: 0.9358 | Val Auroc: 0.9356 | Val F1: 0.8615 | Val Loss: 0.3763
2026-05-08 05:41:19 INFO Epoch Start | Epoch: 5
2026-05-08 05:41:21 INFO Epoch Progress | Epoch: 5 | Loss: 0.3223 | LR: 8.59879e-05 | Progress: 0% | Step: 1/812
2026-05-08 05:42:50 INFO Epoch Progress | Epoch: 5 | Loss: 0.3288 | LR: 8.34917e-05 | Progress: 25% | Step: 203/812
2026-05-08 05:44:19 INFO Epoch Progress | Epoch: 5 | Loss: 0.3322 | LR: 8.08204e-05 | Progress: 50% | Step: 406/812
2026-05-08 05:45:48 INFO Epoch Progress | Epoch: 5 | Loss: 0.3348 | LR: 7.79989e-05 | Progress: 75% | Step: 609/812
2026-05-08 05:47:16 INFO Epoch Progress | Epoch: 5 | Loss: 0.3351 | LR: 7.5041e-05 | Progress: 100% | Step: 812/812
2026-05-08 05:50:19 INFO CSV Written | Epoch: 5
2026-05-08 05:50:19 INFO Best Saved | Epoch: 5 | Monitor: val_auprc | Value: 0.9408
2026-05-08 05:50:19 INFO Epoch Done | Epoch: 5 | Time: 539.3591 | Train Loss: 0.3324 | Val Accuracy: 0.8654 | Val AUPRC: 0.9408 | Val Auroc: 0.9405 | Val F1: 0.8685 | Val Loss: 0.3696
2026-05-08 05:50:19 INFO Epoch Start | Epoch: 6
2026-05-08 05:50:33 INFO Epoch Progress | Epoch: 6 | Loss: 0.6935 | LR: 7.50262e-05 | Progress: 1% | Step: 1/190
2026-05-08 05:51:45 INFO Epoch Progress | Epoch: 6 | Loss: 0.6755 | LR: 7.43233e-05 | Progress: 25% | Step: 48/190
2026-05-08 05:52:56 INFO Epoch Progress | Epoch: 6 | Loss: 0.6559 | LR: 7.35988e-05 | Progress: 51% | Step: 96/190
2026-05-08 05:54:06 INFO Epoch Progress | Epoch: 6 | Loss: 0.6510 | LR: 7.2868e-05 | Progress: 76% | Step: 144/190
2026-05-08 05:55:13 INFO Epoch Progress | Epoch: 6 | Loss: 0.6500 | LR: 7.21618e-05 | Progress: 100% | Step: 190/190
2026-05-08 05:58:19 INFO CSV Written | Epoch: 6
2026-05-08 05:58:19 INFO Best Saved | Epoch: 6 | Monitor: val_auprc | Value: 0.9471
2026-05-08 05:58:19 INFO Epoch Done | Epoch: 6 | Time: 480.4223 | Train Loss: 0.6469 | Val Accuracy: 0.8756 | Val AUPRC: 0.9471 | Val Auroc: 0.9470 | Val F1: 0.8782 | Val Loss: 0.4286
2026-05-08 05:58:19 INFO Epoch Start | Epoch: 7
2026-05-08 05:58:30 INFO Epoch Progress | Epoch: 7 | Loss: 0.6336 | LR: 7.21463e-05 | Progress: 1% | Step: 1/190
2026-05-08 05:59:39 INFO Epoch Progress | Epoch: 7 | Loss: 0.5963 | LR: 7.14189e-05 | Progress: 25% | Step: 48/190
2026-05-08 06:00:49 INFO Epoch Progress | Epoch: 7 | Loss: 0.6024 | LR: 7.06702e-05 | Progress: 51% | Step: 96/190
2026-05-08 06:01:59 INFO Epoch Progress | Epoch: 7 | Loss: 0.6081 | LR: 6.99159e-05 | Progress: 76% | Step: 144/190
2026-05-08 06:03:05 INFO Epoch Progress | Epoch: 7 | Loss: 0.6117 | LR: 6.91879e-05 | Progress: 100% | Step: 190/190
2026-05-08 06:06:07 INFO CSV Written | Epoch: 7
2026-05-08 06:06:07 INFO Epoch Done | Epoch: 7 | Time: 467.4676 | Train Loss: 0.6045 | Val Accuracy: 0.8741 | Val AUPRC: 0.9435 | Val Auroc: 0.9442 | Val F1: 0.8752 | Val Loss: 0.4129
2026-05-08 06:06:07 INFO Epoch Start | Epoch: 8
2026-05-08 06:06:17 INFO Epoch Progress | Epoch: 8 | Loss: 0.5315 | LR: 6.9172e-05 | Progress: 1% | Step: 1/190
2026-05-08 06:07:27 INFO Epoch Progress | Epoch: 8 | Loss: 0.5505 | LR: 6.84231e-05 | Progress: 25% | Step: 48/190
2026-05-08 06:08:37 INFO Epoch Progress | Epoch: 8 | Loss: 0.5747 | LR: 6.76534e-05 | Progress: 51% | Step: 96/190
2026-05-08 06:09:48 INFO Epoch Progress | Epoch: 8 | Loss: 0.5737 | LR: 6.68788e-05 | Progress: 76% | Step: 144/190
2026-05-08 06:10:54 INFO Epoch Progress | Epoch: 8 | Loss: 0.5806 | LR: 6.61321e-05 | Progress: 100% | Step: 190/190
2026-05-08 06:13:58 INFO CSV Written | Epoch: 8
2026-05-08 06:13:58 INFO Epoch Done | Epoch: 8 | Time: 470.9939 | Train Loss: 0.5767 | Val Accuracy: 0.8759 | Val AUPRC: 0.9457 | Val Auroc: 0.9455 | Val F1: 0.8753 | Val Loss: 0.3967
2026-05-08 06:13:58 INFO Epoch Start | Epoch: 9
2026-05-08 06:14:07 INFO Epoch Progress | Epoch: 9 | Loss: 0.4638 | LR: 6.61159e-05 | Progress: 1% | Step: 1/190
2026-05-08 06:15:17 INFO Epoch Progress | Epoch: 9 | Loss: 0.5275 | LR: 6.53487e-05 | Progress: 25% | Step: 48/190
2026-05-08 06:16:28 INFO Epoch Progress | Epoch: 9 | Loss: 0.5420 | LR: 6.45776e-05 | Progress: 51% | Step: 96/190
2026-05-08 06:17:39 INFO Epoch Progress | Epoch: 9 | Loss: 0.5388 | LR: 6.37861e-05 | Progress: 76% | Step: 144/190
2026-05-08 06:18:45 INFO Epoch Progress | Epoch: 9 | Loss: 0.5488 | LR: 6.30241e-05 | Progress: 100% | Step: 190/190
2026-05-08 06:21:53 INFO CSV Written | Epoch: 9
2026-05-08 06:21:53 INFO Epoch Done | Epoch: 9 | Time: 474.8719 | Train Loss: 0.5422 | Val Accuracy: 0.8737 | Val AUPRC: 0.9462 | Val Auroc: 0.9457 | Val F1: 0.8717 | Val Loss: 0.3919
2026-05-08 06:21:53 INFO Epoch Start | Epoch: 10
2026-05-08 06:22:03 INFO Epoch Progress | Epoch: 10 | Loss: 0.5353 | LR: 6.30075e-05 | Progress: 1% | Step: 1/190
2026-05-08 06:23:13 INFO Epoch Progress | Epoch: 10 | Loss: 0.4973 | LR: 6.22255e-05 | Progress: 25% | Step: 48/190
2026-05-08 06:24:24 INFO Epoch Progress | Epoch: 10 | Loss: 0.5094 | LR: 6.14236e-05 | Progress: 51% | Step: 96/190
2026-05-08 06:25:34 INFO Epoch Progress | Epoch: 10 | Loss: 0.5062 | LR: 6.06185e-05 | Progress: 76% | Step: 144/190
2026-05-08 06:26:40 INFO Epoch Progress | Epoch: 10 | Loss: 0.5105 | LR: 5.98443e-05 | Progress: 100% | Step: 190/190
2026-05-08 06:29:48 INFO CSV Written | Epoch: 10
2026-05-08 06:29:48 INFO Epoch Done | Epoch: 10 | Time: 475.4859 | Train Loss: 0.5035 | Val Accuracy: 0.8779 | Val AUPRC: 0.9442 | Val Auroc: 0.9456 | Val F1: 0.8809 | Val Loss: 0.3715
2026-05-08 06:29:48 INFO Epoch Start | Epoch: 11
2026-05-08 06:29:59 INFO Epoch Progress | Epoch: 11 | Loss: 0.3353 | LR: 5.98274e-05 | Progress: 1% | Step: 1/190
2026-05-08 06:31:08 INFO Epoch Progress | Epoch: 11 | Loss: 0.4489 | LR: 5.90337e-05 | Progress: 25% | Step: 48/190
2026-05-08 06:32:18 INFO Epoch Progress | Epoch: 11 | Loss: 0.4625 | LR: 5.82207e-05 | Progress: 51% | Step: 96/190
2026-05-08 06:33:28 INFO Epoch Progress | Epoch: 11 | Loss: 0.4637 | LR: 5.74055e-05 | Progress: 76% | Step: 144/190
2026-05-08 06:34:34 INFO Epoch Progress | Epoch: 11 | Loss: 0.4661 | LR: 5.66224e-05 | Progress: 100% | Step: 190/190
2026-05-08 06:37:40 INFO CSV Written | Epoch: 11
2026-05-08 06:37:40 INFO Epoch Done | Epoch: 11 | Time: 471.3183 | Train Loss: 0.4653 | Val Accuracy: 0.8798 | Val AUPRC: 0.9427 | Val Auroc: 0.9446 | Val F1: 0.8812 | Val Loss: 0.3660
2026-05-08 06:37:40 INFO Epoch Start | Epoch: 12
2026-05-08 06:37:51 INFO Epoch Progress | Epoch: 12 | Loss: 0.3724 | LR: 5.66053e-05 | Progress: 1% | Step: 1/190
2026-05-08 06:38:59 INFO Epoch Progress | Epoch: 12 | Loss: 0.4104 | LR: 5.58034e-05 | Progress: 25% | Step: 48/190
2026-05-08 06:40:09 INFO Epoch Progress | Epoch: 12 | Loss: 0.4051 | LR: 5.49828e-05 | Progress: 51% | Step: 96/190
2026-05-08 06:41:19 INFO Epoch Progress | Epoch: 12 | Loss: 0.4183 | LR: 5.41609e-05 | Progress: 76% | Step: 144/190
2026-05-08 06:42:25 INFO Epoch Progress | Epoch: 12 | Loss: 0.4258 | LR: 5.33722e-05 | Progress: 100% | Step: 190/190
2026-05-08 06:45:30 INFO CSV Written | Epoch: 12
2026-05-08 06:45:30 INFO Epoch Done | Epoch: 12 | Time: 469.9541 | Train Loss: 0.4208 | Val Accuracy: 0.8785 | Val AUPRC: 0.9397 | Val Auroc: 0.9427 | Val F1: 0.8803 | Val Loss: 0.3688
2026-05-08 06:45:30 INFO Epoch Start | Epoch: 13
2026-05-08 06:45:38 INFO Epoch Progress | Epoch: 13 | Loss: 0.3394 | LR: 5.33551e-05 | Progress: 1% | Step: 1/190
2026-05-08 06:46:48 INFO Epoch Progress | Epoch: 13 | Loss: 0.3700 | LR: 5.25655e-05 | Progress: 25% | Step: 48/190
2026-05-08 06:47:58 INFO Epoch Progress | Epoch: 13 | Loss: 0.3831 | LR: 5.17409e-05 | Progress: 51% | Step: 96/190
2026-05-08 06:49:08 INFO Epoch Progress | Epoch: 13 | Loss: 0.3918 | LR: 5.09158e-05 | Progress: 76% | Step: 144/190
2026-05-08 06:50:14 INFO Epoch Progress | Epoch: 13 | Loss: 0.3946 | LR: 5.01249e-05 | Progress: 100% | Step: 190/190
2026-05-08 06:53:19 INFO CSV Written | Epoch: 13
2026-05-08 06:53:19 INFO Epoch Done | Epoch: 13 | Time: 469.1422 | Train Loss: 0.3870 | Val Accuracy: 0.8787 | Val AUPRC: 0.9407 | Val Auroc: 0.9433 | Val F1: 0.8800 | Val Loss: 0.3729
2026-05-08 06:53:19 INFO Epoch Start | Epoch: 14
2026-05-08 06:53:30 INFO Epoch Progress | Epoch: 14 | Loss: 0.3333 | LR: 5.01077e-05 | Progress: 1% | Step: 1/190
2026-05-08 06:54:39 INFO Epoch Progress | Epoch: 14 | Loss: 0.3609 | LR: 4.92995e-05 | Progress: 25% | Step: 48/190
2026-05-08 06:55:49 INFO Epoch Progress | Epoch: 14 | Loss: 0.3650 | LR: 4.84744e-05 | Progress: 51% | Step: 96/190
2026-05-08 06:56:58 INFO Epoch Progress | Epoch: 14 | Loss: 0.3544 | LR: 4.76496e-05 | Progress: 76% | Step: 144/190
2026-05-08 06:58:04 INFO Epoch Progress | Epoch: 14 | Loss: 0.3604 | LR: 4.68598e-05 | Progress: 100% | Step: 190/190
2026-05-08 07:01:12 INFO CSV Written | Epoch: 14
2026-05-08 07:01:12 INFO Epoch Done | Epoch: 14 | Time: 473.2415 | Train Loss: 0.3515 | Val Accuracy: 0.8784 | Val AUPRC: 0.9404 | Val Auroc: 0.9430 | Val F1: 0.8803 | Val Loss: 0.3766
2026-05-08 07:01:12 INFO Epoch Start | Epoch: 15
2026-05-08 07:01:21 INFO Epoch Progress | Epoch: 15 | Loss: 0.4475 | LR: 4.68427e-05 | Progress: 1% | Step: 1/190
2026-05-08 07:02:31 INFO Epoch Progress | Epoch: 15 | Loss: 0.3234 | LR: 4.60365e-05 | Progress: 25% | Step: 48/190
2026-05-08 07:03:41 INFO Epoch Progress | Epoch: 15 | Loss: 0.3254 | LR: 4.52144e-05 | Progress: 51% | Step: 96/190
2026-05-08 07:04:51 INFO Epoch Progress | Epoch: 15 | Loss: 0.3310 | LR: 4.43935e-05 | Progress: 76% | Step: 144/190
2026-05-08 07:05:57 INFO Epoch Progress | Epoch: 15 | Loss: 0.3328 | LR: 4.36082e-05 | Progress: 100% | Step: 190/190
2026-05-08 07:09:05 INFO CSV Written | Epoch: 15
2026-05-08 07:09:05 INFO Epoch Done | Epoch: 15 | Time: 472.9685 | Train Loss: 0.3261 | Val Accuracy: 0.8814 | Val AUPRC: 0.9397 | Val Auroc: 0.9435 | Val F1: 0.8822 | Val Loss: 0.3773
2026-05-08 07:09:05 INFO Epoch Start | Epoch: 16
2026-05-08 07:09:16 INFO Epoch Progress | Epoch: 16 | Loss: 0.3425 | LR: 4.35911e-05 | Progress: 1% | Step: 1/190
2026-05-08 07:10:25 INFO Epoch Progress | Epoch: 16 | Loss: 0.2837 | LR: 4.27905e-05 | Progress: 25% | Step: 48/190
2026-05-08 07:11:35 INFO Epoch Progress | Epoch: 16 | Loss: 0.2811 | LR: 4.19748e-05 | Progress: 51% | Step: 96/190
2026-05-08 07:12:46 INFO Epoch Progress | Epoch: 16 | Loss: 0.2924 | LR: 4.11612e-05 | Progress: 76% | Step: 144/190
2026-05-08 07:13:52 INFO Epoch Progress | Epoch: 16 | Loss: 0.2977 | LR: 4.03838e-05 | Progress: 100% | Step: 190/190
2026-05-08 07:17:03 INFO CSV Written | Epoch: 16
2026-05-08 07:17:03 INFO Epoch Done | Epoch: 16 | Time: 477.7735 | Train Loss: 0.2982 | Val Accuracy: 0.8793 | Val AUPRC: 0.9254 | Val Auroc: 0.9362 | Val F1: 0.8819 | Val Loss: 0.3987
2026-05-08 07:17:03 INFO Early Stop | Epoch: 16
2026-05-08 07:17:03 INFO Stage Done | Run Id: pair_context_gated_s47
2026-05-08 07:17:03 INFO Stage Start | Checkpoint: models/v3.1/train/pair_context_gated_s47/best_model.pth | Run Id: pair_context_gated_s47
2026-05-08 07:17:03 INFO Checkpoint Loaded | Path: models/v3.1/train/pair_context_gated_s47/best_model.pth
2026-05-08 07:17:03 INFO Decision Threshold | Mode: fixed | Value: 0.5000
2026-05-08 07:23:44 INFO Evaluation Metrics | Accuracy: 0.6254 | AUPRC: 0.7177 | Auroc: 0.6885 | F1: 0.6282 | Mcc: 0.2509 | Precision: 0.6238 | Recall: 0.6326 | Sensitivity: 0.6326 | Specificity: 0.6183 | Split: test
2026-05-08 07:23:44 INFO CSV Written | Path: logs/v3.1/evaluate/pair_context_gated_s47/evaluate.csv
2026-05-08 07:23:44 INFO Stage Done | Run Id: pair_context_gated_s47
[rank0]:[W508 07:23:45.623917607 ProcessGroupNCCL.cpp:1553] Warning: WARNING: destroy_process_group() was not called before program exit, which can leak resources. For more info, please see https://pytorch.org/docs/stable/distributed.html#shutdown (function operator())
