Warning: torch was built against CUDA 12.8, but using toolkit 12.5 at /public/software/CUDA/cuda-12.5.
Set GRAND_CUDA_VERSION or CUDA_HOME to an exact-match toolkit to avoid DS_SKIP_CUDA_CHECK=1.

*****************************************
Setting OMP_NUM_THREADS environment variable for each process to be 1 in default, to avoid your system being overloaded, please further tune the variable for optimal performance in your application as needed. 
*****************************************
INFO:src.pipeline.__main__:Loaded config: configs/v3-1/0523/pair_context_gated_abba_block_s101.yaml
WARNING:accelerate.utils.other:[RANK 0] Detected kernel version 3.10.0, which is below the recommended minimum of 5.5.0; this can cause the process to hang. It is recommended to upgrade the kernel to the minimum version or higher.
WARNING:py.warnings:/public/home/wangar2023/grand/.venv/lib/python3.11/site-packages/torch/distributed/c10d_logger.py:83: UserWarning: barrier(): using the device under current context. You can specify `device_id` in `init_process_group` to mute this warning.
  return func(*args, **kwargs)

2026-05-22 15:21:58 INFO Pipeline Runtime | Device: cuda:0 | Distributed: True | Test Batches: 1691 | Train Batches: 812 | Valid Batches: 762 | World Size: 4
2026-05-22 15:21:58 INFO Stage Start | Run Id: pair_context_gated_abba_block_s101
2026-05-22 15:22:02 INFO Train Config | Epochs: 50 | Monitor: auprc | Patience: 10
2026-05-22 15:22:02 INFO Epoch Start | Epoch: 1
2026-05-22 15:22:06 INFO Epoch Progress | Epoch: 1 | Loss: 0.8687 | LR: 4e-06 | Progress: 0% | Step: 1/812
2026-05-22 15:24:20 INFO Epoch Progress | Epoch: 1 | Loss: 0.7071 | LR: 1.30844e-05 | Progress: 25% | Step: 203/812
2026-05-22 15:26:36 INFO Epoch Progress | Epoch: 1 | Loss: 0.6520 | LR: 3.68989e-05 | Progress: 50% | Step: 406/812
2026-05-22 15:28:51 INFO Epoch Progress | Epoch: 1 | Loss: 0.6122 | LR: 6.64294e-05 | Progress: 75% | Step: 609/812
2026-05-22 15:31:06 INFO Epoch Progress | Epoch: 1 | Loss: 0.5857 | LR: 9.05868e-05 | Progress: 100% | Step: 812/812
2026-05-22 15:35:04 INFO CSV Written | Epoch: 1
WARNING:py.warnings:/public/home/wangar2023/grand/.venv/lib/python3.11/site-packages/deepspeed/runtime/zero/linear.py:47: FutureWarning: `torch.cuda.amp.custom_fwd(args...)` is deprecated. Please use `torch.amp.custom_fwd(args..., device_type='cuda')` instead.
  @autocast_custom_fwd

WARNING:py.warnings:/public/home/wangar2023/grand/.venv/lib/python3.11/site-packages/deepspeed/runtime/zero/linear.py:66: FutureWarning: `torch.cuda.amp.custom_bwd(args...)` is deprecated. Please use `torch.amp.custom_bwd(args..., device_type='cuda')` instead.
  @autocast_custom_bwd

2026-05-22 15:35:10 INFO Best Saved | Epoch: 1 | Monitor: val_auprc | Value: 0.8787
2026-05-22 15:35:10 INFO Epoch Done | Epoch: 1 | Time: 782.3885 | Train Loss: 0.5848 | Val Accuracy: 0.7910 | Val AUPRC: 0.8787 | Val Auroc: 0.8749 | Val F1: 0.7852 | Val Loss: 0.4738
2026-05-22 15:35:10 INFO Epoch Start | Epoch: 2
2026-05-22 15:35:13 INFO Epoch Progress | Epoch: 2 | Loss: 0.3099 | LR: 9.0675e-05 | Progress: 0% | Step: 1/812
2026-05-22 15:37:27 INFO Epoch Progress | Epoch: 2 | Loss: 0.4829 | LR: 9.99983e-05 | Progress: 25% | Step: 203/812
2026-05-22 15:39:41 INFO Epoch Progress | Epoch: 2 | Loss: 0.4623 | LR: 9.98815e-05 | Progress: 50% | Step: 406/812
2026-05-22 15:41:56 INFO Epoch Progress | Epoch: 2 | Loss: 0.4568 | LR: 9.952e-05 | Progress: 75% | Step: 609/812
2026-05-22 15:44:11 INFO Epoch Progress | Epoch: 2 | Loss: 0.4494 | LR: 9.89172e-05 | Progress: 100% | Step: 812/812
2026-05-22 15:48:11 INFO CSV Written | Epoch: 2
2026-05-22 15:48:11 INFO Best Saved | Epoch: 2 | Monitor: val_auprc | Value: 0.9155
2026-05-22 15:48:11 INFO Epoch Done | Epoch: 2 | Time: 780.6525 | Train Loss: 0.4489 | Val Accuracy: 0.8289 | Val AUPRC: 0.9155 | Val Auroc: 0.9128 | Val F1: 0.8345 | Val Loss: 0.4175
2026-05-22 15:48:11 INFO Epoch Start | Epoch: 3
2026-05-22 15:48:14 INFO Epoch Progress | Epoch: 3 | Loss: 0.3860 | LR: 9.89136e-05 | Progress: 0% | Step: 1/812
2026-05-22 15:50:28 INFO Epoch Progress | Epoch: 3 | Loss: 0.4022 | LR: 9.80761e-05 | Progress: 25% | Step: 203/812
2026-05-22 15:52:43 INFO Epoch Progress | Epoch: 3 | Loss: 0.4021 | LR: 9.70008e-05 | Progress: 50% | Step: 406/812
2026-05-22 15:54:59 INFO Epoch Progress | Epoch: 3 | Loss: 0.3949 | LR: 9.56965e-05 | Progress: 75% | Step: 609/812
2026-05-22 15:57:14 INFO Epoch Progress | Epoch: 3 | Loss: 0.3941 | LR: 9.41696e-05 | Progress: 100% | Step: 812/812
2026-05-22 16:01:16 INFO CSV Written | Epoch: 3
2026-05-22 16:01:16 INFO Best Saved | Epoch: 3 | Monitor: val_auprc | Value: 0.9322
2026-05-22 16:01:16 INFO Epoch Done | Epoch: 3 | Time: 784.7088 | Train Loss: 0.3937 | Val Accuracy: 0.8539 | Val AUPRC: 0.9322 | Val Auroc: 0.9302 | Val F1: 0.8536 | Val Loss: 0.3839
2026-05-22 16:01:16 INFO Epoch Start | Epoch: 4
2026-05-22 16:01:19 INFO Epoch Progress | Epoch: 4 | Loss: 0.4353 | LR: 9.41615e-05 | Progress: 0% | Step: 1/812
2026-05-22 16:03:34 INFO Epoch Progress | Epoch: 4 | Loss: 0.3602 | LR: 9.24275e-05 | Progress: 25% | Step: 203/812
2026-05-22 16:05:49 INFO Epoch Progress | Epoch: 4 | Loss: 0.3595 | LR: 9.04787e-05 | Progress: 50% | Step: 406/812
2026-05-22 16:08:04 INFO Epoch Progress | Epoch: 4 | Loss: 0.3595 | LR: 8.83326e-05 | Progress: 75% | Step: 609/812
2026-05-22 16:10:19 INFO Epoch Progress | Epoch: 4 | Loss: 0.3575 | LR: 8.59999e-05 | Progress: 100% | Step: 812/812
2026-05-22 16:14:20 INFO CSV Written | Epoch: 4
2026-05-22 16:14:21 INFO Best Saved | Epoch: 4 | Monitor: val_auprc | Value: 0.9366
2026-05-22 16:14:21 INFO Epoch Done | Epoch: 4 | Time: 783.9471 | Train Loss: 0.3589 | Val Accuracy: 0.8596 | Val AUPRC: 0.9366 | Val Auroc: 0.9348 | Val F1: 0.8613 | Val Loss: 0.3790
2026-05-22 16:14:21 INFO Epoch Start | Epoch: 5
2026-05-22 16:14:23 INFO Epoch Progress | Epoch: 5 | Loss: 0.4468 | LR: 8.59879e-05 | Progress: 0% | Step: 1/812
2026-05-22 16:16:37 INFO Epoch Progress | Epoch: 5 | Loss: 0.3323 | LR: 8.34917e-05 | Progress: 25% | Step: 203/812
2026-05-22 16:18:53 INFO Epoch Progress | Epoch: 5 | Loss: 0.3256 | LR: 8.08204e-05 | Progress: 50% | Step: 406/812
2026-05-22 16:21:08 INFO Epoch Progress | Epoch: 5 | Loss: 0.3284 | LR: 7.79989e-05 | Progress: 75% | Step: 609/812
2026-05-22 16:23:24 INFO Epoch Progress | Epoch: 5 | Loss: 0.3313 | LR: 7.5041e-05 | Progress: 100% | Step: 812/812
2026-05-22 16:27:23 INFO CSV Written | Epoch: 5
2026-05-22 16:27:23 INFO Best Saved | Epoch: 5 | Monitor: val_auprc | Value: 0.9433
2026-05-22 16:27:23 INFO Epoch Done | Epoch: 5 | Time: 782.0648 | Train Loss: 0.3303 | Val Accuracy: 0.8650 | Val AUPRC: 0.9433 | Val Auroc: 0.9415 | Val F1: 0.8639 | Val Loss: 0.3647
2026-05-22 16:27:23 INFO Epoch Start | Epoch: 6
2026-05-22 16:27:43 INFO Epoch Progress | Epoch: 6 | Loss: 0.9406 | LR: 7.50262e-05 | Progress: 1% | Step: 1/190
2026-05-22 16:29:25 INFO Epoch Progress | Epoch: 6 | Loss: 0.6715 | LR: 7.43233e-05 | Progress: 25% | Step: 48/190
2026-05-22 16:31:04 INFO Epoch Progress | Epoch: 6 | Loss: 0.6555 | LR: 7.35988e-05 | Progress: 51% | Step: 96/190
2026-05-22 16:32:53 INFO Epoch Progress | Epoch: 6 | Loss: 0.6530 | LR: 7.2868e-05 | Progress: 76% | Step: 144/190
2026-05-22 16:34:35 INFO Epoch Progress | Epoch: 6 | Loss: 0.6504 | LR: 7.21618e-05 | Progress: 100% | Step: 190/190
2026-05-22 16:38:24 INFO CSV Written | Epoch: 6
2026-05-22 16:38:24 INFO Best Saved | Epoch: 6 | Monitor: val_auprc | Value: 0.9457
2026-05-22 16:38:24 INFO Epoch Done | Epoch: 6 | Time: 661.0756 | Train Loss: 0.6488 | Val Accuracy: 0.8728 | Val AUPRC: 0.9457 | Val Auroc: 0.9437 | Val F1: 0.8715 | Val Loss: 0.4316
2026-05-22 16:38:24 INFO Epoch Start | Epoch: 7
2026-05-22 16:38:37 INFO Epoch Progress | Epoch: 7 | Loss: 0.6988 | LR: 7.21463e-05 | Progress: 1% | Step: 1/190
2026-05-22 16:40:22 INFO Epoch Progress | Epoch: 7 | Loss: 0.5990 | LR: 7.14189e-05 | Progress: 25% | Step: 48/190
2026-05-22 16:42:10 INFO Epoch Progress | Epoch: 7 | Loss: 0.6100 | LR: 7.06702e-05 | Progress: 51% | Step: 96/190
2026-05-22 16:43:59 INFO Epoch Progress | Epoch: 7 | Loss: 0.6112 | LR: 6.99159e-05 | Progress: 76% | Step: 144/190
2026-05-22 16:45:42 INFO Epoch Progress | Epoch: 7 | Loss: 0.6147 | LR: 6.91879e-05 | Progress: 100% | Step: 190/190
2026-05-22 16:49:33 INFO CSV Written | Epoch: 7
2026-05-22 16:49:33 INFO Epoch Done | Epoch: 7 | Time: 668.5946 | Train Loss: 0.6079 | Val Accuracy: 0.8697 | Val AUPRC: 0.9419 | Val Auroc: 0.9425 | Val F1: 0.8717 | Val Loss: 0.4081
2026-05-22 16:49:33 INFO Epoch Start | Epoch: 8
2026-05-22 16:49:44 INFO Epoch Progress | Epoch: 8 | Loss: 0.5291 | LR: 6.9172e-05 | Progress: 1% | Step: 1/190
2026-05-22 16:51:28 INFO Epoch Progress | Epoch: 8 | Loss: 0.5765 | LR: 6.84231e-05 | Progress: 25% | Step: 48/190
2026-05-22 16:53:17 INFO Epoch Progress | Epoch: 8 | Loss: 0.5711 | LR: 6.76694e-05 | Progress: 51% | Step: 96/190
2026-05-22 16:55:06 INFO Epoch Progress | Epoch: 8 | Loss: 0.5744 | LR: 6.6895e-05 | Progress: 76% | Step: 144/190
2026-05-22 16:56:48 INFO Epoch Progress | Epoch: 8 | Loss: 0.5809 | LR: 6.61484e-05 | Progress: 100% | Step: 190/190
2026-05-22 17:00:40 INFO CSV Written | Epoch: 8
2026-05-22 17:00:40 INFO Epoch Done | Epoch: 8 | Time: 666.9068 | Train Loss: 0.5721 | Val Accuracy: 0.8727 | Val AUPRC: 0.9436 | Val Auroc: 0.9430 | Val F1: 0.8717 | Val Loss: 0.4002
2026-05-22 17:00:40 INFO Epoch Start | Epoch: 9
2026-05-22 17:00:52 INFO Epoch Progress | Epoch: 9 | Loss: 0.4681 | LR: 6.61321e-05 | Progress: 1% | Step: 1/190
2026-05-22 17:02:35 INFO Epoch Progress | Epoch: 9 | Loss: 0.4972 | LR: 6.53651e-05 | Progress: 25% | Step: 48/190
2026-05-22 17:04:25 INFO Epoch Progress | Epoch: 9 | Loss: 0.5266 | LR: 6.45776e-05 | Progress: 51% | Step: 96/190
2026-05-22 17:06:13 INFO Epoch Progress | Epoch: 9 | Loss: 0.5316 | LR: 6.37861e-05 | Progress: 76% | Step: 144/190
2026-05-22 17:07:55 INFO Epoch Progress | Epoch: 9 | Loss: 0.5332 | LR: 6.30241e-05 | Progress: 100% | Step: 190/190
2026-05-22 17:11:45 INFO CSV Written | Epoch: 9
2026-05-22 17:11:45 INFO Epoch Done | Epoch: 9 | Time: 665.6111 | Train Loss: 0.5371 | Val Accuracy: 0.8727 | Val AUPRC: 0.9423 | Val Auroc: 0.9427 | Val F1: 0.8745 | Val Loss: 0.3850
2026-05-22 17:11:45 INFO Epoch Start | Epoch: 10
2026-05-22 17:11:57 INFO Epoch Progress | Epoch: 10 | Loss: 0.5107 | LR: 6.30075e-05 | Progress: 1% | Step: 1/190
2026-05-22 17:13:43 INFO Epoch Progress | Epoch: 10 | Loss: 0.4672 | LR: 6.22255e-05 | Progress: 25% | Step: 48/190
2026-05-22 17:15:31 INFO Epoch Progress | Epoch: 10 | Loss: 0.4886 | LR: 6.14236e-05 | Progress: 51% | Step: 96/190
2026-05-22 17:17:20 INFO Epoch Progress | Epoch: 10 | Loss: 0.4935 | LR: 6.06185e-05 | Progress: 76% | Step: 144/190
2026-05-22 17:19:02 INFO Epoch Progress | Epoch: 10 | Loss: 0.4983 | LR: 5.98443e-05 | Progress: 100% | Step: 190/190
2026-05-22 17:22:53 INFO CSV Written | Epoch: 10
2026-05-22 17:22:53 INFO Epoch Done | Epoch: 10 | Time: 667.6310 | Train Loss: 0.4943 | Val Accuracy: 0.8741 | Val AUPRC: 0.9367 | Val Auroc: 0.9374 | Val F1: 0.8759 | Val Loss: 0.3799
2026-05-22 17:22:53 INFO Epoch Start | Epoch: 11
2026-05-22 17:23:06 INFO Epoch Progress | Epoch: 11 | Loss: 0.4185 | LR: 5.98274e-05 | Progress: 1% | Step: 1/190
2026-05-22 17:24:49 INFO Epoch Progress | Epoch: 11 | Loss: 0.4409 | LR: 5.90337e-05 | Progress: 25% | Step: 48/190
2026-05-22 17:26:38 INFO Epoch Progress | Epoch: 11 | Loss: 0.4563 | LR: 5.82207e-05 | Progress: 51% | Step: 96/190
2026-05-22 17:28:28 INFO Epoch Progress | Epoch: 11 | Loss: 0.4566 | LR: 5.74055e-05 | Progress: 76% | Step: 144/190
2026-05-22 17:30:10 INFO Epoch Progress | Epoch: 11 | Loss: 0.4525 | LR: 5.66224e-05 | Progress: 100% | Step: 190/190
2026-05-22 17:34:02 INFO CSV Written | Epoch: 11
2026-05-22 17:34:02 INFO Epoch Done | Epoch: 11 | Time: 668.6629 | Train Loss: 0.4514 | Val Accuracy: 0.8748 | Val AUPRC: 0.9389 | Val Auroc: 0.9400 | Val F1: 0.8775 | Val Loss: 0.3753
2026-05-22 17:34:02 INFO Epoch Start | Epoch: 12
2026-05-22 17:34:14 INFO Epoch Progress | Epoch: 12 | Loss: 0.2966 | LR: 5.66053e-05 | Progress: 1% | Step: 1/190
2026-05-22 17:35:55 INFO Epoch Progress | Epoch: 12 | Loss: 0.4032 | LR: 5.58034e-05 | Progress: 25% | Step: 48/190
2026-05-22 17:37:43 INFO Epoch Progress | Epoch: 12 | Loss: 0.4066 | LR: 5.49828e-05 | Progress: 51% | Step: 96/190
2026-05-22 17:39:31 INFO Epoch Progress | Epoch: 12 | Loss: 0.4111 | LR: 5.41609e-05 | Progress: 76% | Step: 144/190
2026-05-22 17:41:14 INFO Epoch Progress | Epoch: 12 | Loss: 0.4094 | LR: 5.33722e-05 | Progress: 100% | Step: 190/190
2026-05-22 17:45:00 INFO CSV Written | Epoch: 12
2026-05-22 17:45:00 INFO Epoch Done | Epoch: 12 | Time: 658.2080 | Train Loss: 0.4075 | Val Accuracy: 0.8745 | Val AUPRC: 0.9300 | Val Auroc: 0.9333 | Val F1: 0.8751 | Val Loss: 0.3875
2026-05-22 17:45:00 INFO Epoch Start | Epoch: 13
2026-05-22 17:45:13 INFO Epoch Progress | Epoch: 13 | Loss: 0.4892 | LR: 5.33551e-05 | Progress: 1% | Step: 1/190
2026-05-22 17:46:58 INFO Epoch Progress | Epoch: 13 | Loss: 0.3689 | LR: 5.25483e-05 | Progress: 25% | Step: 48/190
2026-05-22 17:48:47 INFO Epoch Progress | Epoch: 13 | Loss: 0.3720 | LR: 5.17237e-05 | Progress: 51% | Step: 96/190
2026-05-22 17:50:36 INFO Epoch Progress | Epoch: 13 | Loss: 0.3737 | LR: 5.08986e-05 | Progress: 76% | Step: 144/190
2026-05-22 17:52:18 INFO Epoch Progress | Epoch: 13 | Loss: 0.3762 | LR: 5.01077e-05 | Progress: 100% | Step: 190/190
2026-05-22 17:56:04 INFO CSV Written | Epoch: 13
2026-05-22 17:56:04 INFO Epoch Done | Epoch: 13 | Time: 663.9321 | Train Loss: 0.3671 | Val Accuracy: 0.8759 | Val AUPRC: 0.9254 | Val Auroc: 0.9338 | Val F1: 0.8777 | Val Loss: 0.3879
2026-05-22 17:56:04 INFO Epoch Start | Epoch: 14
2026-05-22 17:56:16 INFO Epoch Progress | Epoch: 14 | Loss: 0.2816 | LR: 5.00905e-05 | Progress: 1% | Step: 1/190
2026-05-22 17:58:00 INFO Epoch Progress | Epoch: 14 | Loss: 0.3341 | LR: 4.92995e-05 | Progress: 25% | Step: 48/190
2026-05-22 17:59:47 INFO Epoch Progress | Epoch: 14 | Loss: 0.3296 | LR: 4.84744e-05 | Progress: 51% | Step: 96/190
2026-05-22 18:01:36 INFO Epoch Progress | Epoch: 14 | Loss: 0.3404 | LR: 4.76496e-05 | Progress: 76% | Step: 144/190
2026-05-22 18:03:17 INFO Epoch Progress | Epoch: 14 | Loss: 0.3398 | LR: 4.68598e-05 | Progress: 100% | Step: 190/190
2026-05-22 18:07:03 INFO CSV Written | Epoch: 14
2026-05-22 18:07:03 INFO Epoch Done | Epoch: 14 | Time: 659.2460 | Train Loss: 0.3360 | Val Accuracy: 0.8750 | Val AUPRC: 0.9279 | Val Auroc: 0.9298 | Val F1: 0.8748 | Val Loss: 0.3986
2026-05-22 18:07:03 INFO Epoch Start | Epoch: 15
2026-05-22 18:07:15 INFO Epoch Progress | Epoch: 15 | Loss: 0.2034 | LR: 4.68427e-05 | Progress: 1% | Step: 1/190
2026-05-22 18:09:01 INFO Epoch Progress | Epoch: 15 | Loss: 0.2890 | LR: 4.60365e-05 | Progress: 25% | Step: 48/190
2026-05-22 18:10:50 INFO Epoch Progress | Epoch: 15 | Loss: 0.3046 | LR: 4.52144e-05 | Progress: 51% | Step: 96/190
2026-05-22 18:12:39 INFO Epoch Progress | Epoch: 15 | Loss: 0.3097 | LR: 4.43935e-05 | Progress: 76% | Step: 144/190
2026-05-22 18:14:22 INFO Epoch Progress | Epoch: 15 | Loss: 0.3175 | LR: 4.36082e-05 | Progress: 100% | Step: 190/190
2026-05-22 18:18:08 INFO CSV Written | Epoch: 15
2026-05-22 18:18:08 INFO Epoch Done | Epoch: 15 | Time: 664.6778 | Train Loss: 0.3091 | Val Accuracy: 0.8785 | Val AUPRC: 0.9285 | Val Auroc: 0.9326 | Val F1: 0.8797 | Val Loss: 0.3958
2026-05-22 18:18:08 INFO Epoch Start | Epoch: 16
2026-05-22 18:18:20 INFO Epoch Progress | Epoch: 16 | Loss: 0.3052 | LR: 4.35911e-05 | Progress: 1% | Step: 1/190
2026-05-22 18:20:06 INFO Epoch Progress | Epoch: 16 | Loss: 0.2836 | LR: 4.27905e-05 | Progress: 25% | Step: 48/190
2026-05-22 18:21:54 INFO Epoch Progress | Epoch: 16 | Loss: 0.2804 | LR: 4.19748e-05 | Progress: 51% | Step: 96/190
2026-05-22 18:23:42 INFO Epoch Progress | Epoch: 16 | Loss: 0.2797 | LR: 4.11612e-05 | Progress: 76% | Step: 144/190
2026-05-22 18:25:25 INFO Epoch Progress | Epoch: 16 | Loss: 0.2851 | LR: 4.03838e-05 | Progress: 100% | Step: 190/190
2026-05-22 18:29:11 INFO CSV Written | Epoch: 16
2026-05-22 18:29:11 INFO Epoch Done | Epoch: 16 | Time: 662.8804 | Train Loss: 0.2824 | Val Accuracy: 0.8770 | Val AUPRC: 0.9095 | Val Auroc: 0.9198 | Val F1: 0.8778 | Val Loss: 0.4183
2026-05-22 18:29:11 INFO Early Stop | Epoch: 16
2026-05-22 18:29:11 INFO Stage Done | Run Id: pair_context_gated_abba_block_s101
2026-05-22 18:29:11 INFO Stage Start | Checkpoint: models/v3.1/train/pair_context_gated_abba_block_s101/best_model.pth | Run Id: pair_context_gated_abba_block_s101
2026-05-22 18:29:11 INFO Checkpoint Loaded | Path: models/v3.1/train/pair_context_gated_abba_block_s101/best_model.pth
2026-05-22 18:29:11 INFO Decision Threshold | Mode: fixed | Value: 0.5000
2026-05-22 18:37:22 INFO Evaluation Metrics | Accuracy: 0.6281 | AUPRC: 0.7190 | Auroc: 0.6862 | F1: 0.6115 | Mcc: 0.2573 | Precision: 0.6403 | Recall: 0.5851 | Sensitivity: 0.5851 | Specificity: 0.6712 | Split: test
2026-05-22 18:37:22 INFO CSV Written | Path: logs/v3.1/evaluate/pair_context_gated_abba_block_s101/evaluate.csv
2026-05-22 18:37:22 INFO Stage Done | Run Id: pair_context_gated_abba_block_s101

*****************************************
Setting OMP_NUM_THREADS environment variable for each process to be 1 in default, to avoid your system being overloaded, please further tune the variable for optimal performance in your application as needed. 
*****************************************
INFO:src.pipeline.__main__:Loaded config: configs/v3-1/0523/pair_context_gated_abba_block_s13.yaml
WARNING:accelerate.utils.other:[RANK 0] Detected kernel version 3.10.0, which is below the recommended minimum of 5.5.0; this can cause the process to hang. It is recommended to upgrade the kernel to the minimum version or higher.
WARNING:py.warnings:/public/home/wangar2023/grand/.venv/lib/python3.11/site-packages/torch/distributed/c10d_logger.py:83: UserWarning: barrier(): using the device under current context. You can specify `device_id` in `init_process_group` to mute this warning.
  return func(*args, **kwargs)

2026-05-22 18:39:39 INFO Pipeline Runtime | Device: cuda:0 | Distributed: True | Test Batches: 1691 | Train Batches: 812 | Valid Batches: 762 | World Size: 4
2026-05-22 18:39:39 INFO Stage Start | Run Id: pair_context_gated_abba_block_s13
2026-05-22 18:39:42 INFO Train Config | Epochs: 50 | Monitor: auprc | Patience: 10
2026-05-22 18:39:42 INFO Epoch Start | Epoch: 1
2026-05-22 18:39:48 INFO Epoch Progress | Epoch: 1 | Loss: 0.7533 | LR: 4e-06 | Progress: 0% | Step: 1/812
2026-05-22 18:42:03 INFO Epoch Progress | Epoch: 1 | Loss: 0.7082 | LR: 1.29976e-05 | Progress: 25% | Step: 203/812
2026-05-22 18:44:18 INFO Epoch Progress | Epoch: 1 | Loss: 0.6572 | LR: 3.67579e-05 | Progress: 50% | Step: 406/812
2026-05-22 18:46:34 INFO Epoch Progress | Epoch: 1 | Loss: 0.6162 | LR: 6.64294e-05 | Progress: 75% | Step: 609/812
2026-05-22 18:48:48 INFO Epoch Progress | Epoch: 1 | Loss: 0.5894 | LR: 9.05868e-05 | Progress: 100% | Step: 812/812
2026-05-22 18:52:46 INFO CSV Written | Epoch: 1
WARNING:py.warnings:/public/home/wangar2023/grand/.venv/lib/python3.11/site-packages/deepspeed/runtime/zero/linear.py:47: FutureWarning: `torch.cuda.amp.custom_fwd(args...)` is deprecated. Please use `torch.amp.custom_fwd(args..., device_type='cuda')` instead.
  @autocast_custom_fwd

WARNING:py.warnings:/public/home/wangar2023/grand/.venv/lib/python3.11/site-packages/deepspeed/runtime/zero/linear.py:66: FutureWarning: `torch.cuda.amp.custom_bwd(args...)` is deprecated. Please use `torch.amp.custom_bwd(args..., device_type='cuda')` instead.
  @autocast_custom_bwd

2026-05-22 18:52:53 INFO Best Saved | Epoch: 1 | Monitor: val_auprc | Value: 0.8664
2026-05-22 18:52:53 INFO Epoch Done | Epoch: 1 | Time: 783.5654 | Train Loss: 0.5893 | Val Accuracy: 0.7685 | Val AUPRC: 0.8664 | Val Auroc: 0.8586 | Val F1: 0.7505 | Val Loss: 0.5003
2026-05-22 18:52:53 INFO Epoch Start | Epoch: 2
2026-05-22 18:52:56 INFO Epoch Progress | Epoch: 2 | Loss: 0.6929 | LR: 9.0675e-05 | Progress: 0% | Step: 1/812
2026-05-22 18:55:10 INFO Epoch Progress | Epoch: 2 | Loss: 0.4833 | LR: 9.99983e-05 | Progress: 25% | Step: 203/812
2026-05-22 18:57:25 INFO Epoch Progress | Epoch: 2 | Loss: 0.4709 | LR: 9.98815e-05 | Progress: 50% | Step: 406/812
2026-05-22 18:59:40 INFO Epoch Progress | Epoch: 2 | Loss: 0.4679 | LR: 9.952e-05 | Progress: 75% | Step: 609/812
2026-05-22 19:01:56 INFO Epoch Progress | Epoch: 2 | Loss: 0.4601 | LR: 9.89172e-05 | Progress: 100% | Step: 812/812
2026-05-22 19:05:55 INFO CSV Written | Epoch: 2
2026-05-22 19:05:55 INFO Best Saved | Epoch: 2 | Monitor: val_auprc | Value: 0.9122
2026-05-22 19:05:55 INFO Epoch Done | Epoch: 2 | Time: 782.3699 | Train Loss: 0.4600 | Val Accuracy: 0.8263 | Val AUPRC: 0.9122 | Val Auroc: 0.9088 | Val F1: 0.8293 | Val Loss: 0.4245
2026-05-22 19:05:55 INFO Epoch Start | Epoch: 3
2026-05-22 19:05:58 INFO Epoch Progress | Epoch: 3 | Loss: 0.3357 | LR: 9.89136e-05 | Progress: 0% | Step: 1/812
2026-05-22 19:08:12 INFO Epoch Progress | Epoch: 3 | Loss: 0.4190 | LR: 9.80761e-05 | Progress: 25% | Step: 203/812
2026-05-22 19:10:27 INFO Epoch Progress | Epoch: 3 | Loss: 0.4083 | LR: 9.70008e-05 | Progress: 50% | Step: 406/812
2026-05-22 19:12:42 INFO Epoch Progress | Epoch: 3 | Loss: 0.4037 | LR: 9.56965e-05 | Progress: 75% | Step: 609/812
2026-05-22 19:14:58 INFO Epoch Progress | Epoch: 3 | Loss: 0.4020 | LR: 9.41696e-05 | Progress: 100% | Step: 812/812
2026-05-22 19:19:03 INFO CSV Written | Epoch: 3
2026-05-22 19:19:04 INFO Best Saved | Epoch: 3 | Monitor: val_auprc | Value: 0.9212
2026-05-22 19:19:04 INFO Epoch Done | Epoch: 3 | Time: 788.0431 | Train Loss: 0.4005 | Val Accuracy: 0.8311 | Val AUPRC: 0.9212 | Val Auroc: 0.9192 | Val F1: 0.8260 | Val Loss: 0.4104
2026-05-22 19:19:04 INFO Epoch Start | Epoch: 4
2026-05-22 19:19:07 INFO Epoch Progress | Epoch: 4 | Loss: 0.2494 | LR: 9.41615e-05 | Progress: 0% | Step: 1/812
2026-05-22 19:21:21 INFO Epoch Progress | Epoch: 4 | Loss: 0.3739 | LR: 9.24275e-05 | Progress: 25% | Step: 203/812
2026-05-22 19:23:36 INFO Epoch Progress | Epoch: 4 | Loss: 0.3715 | LR: 9.04787e-05 | Progress: 50% | Step: 406/812
2026-05-22 19:25:51 INFO Epoch Progress | Epoch: 4 | Loss: 0.3662 | LR: 8.83326e-05 | Progress: 75% | Step: 609/812
2026-05-22 19:28:07 INFO Epoch Progress | Epoch: 4 | Loss: 0.3673 | LR: 8.59999e-05 | Progress: 100% | Step: 812/812
2026-05-22 19:32:08 INFO CSV Written | Epoch: 4
2026-05-22 19:32:08 INFO Best Saved | Epoch: 4 | Monitor: val_auprc | Value: 0.9377
2026-05-22 19:32:08 INFO Epoch Done | Epoch: 4 | Time: 784.2831 | Train Loss: 0.3645 | Val Accuracy: 0.8572 | Val AUPRC: 0.9377 | Val Auroc: 0.9364 | Val F1: 0.8552 | Val Loss: 0.3828
2026-05-22 19:32:08 INFO Epoch Start | Epoch: 5
2026-05-22 19:32:11 INFO Epoch Progress | Epoch: 5 | Loss: 0.3395 | LR: 8.59879e-05 | Progress: 0% | Step: 1/812
2026-05-22 19:34:26 INFO Epoch Progress | Epoch: 5 | Loss: 0.3342 | LR: 8.34917e-05 | Progress: 25% | Step: 203/812
2026-05-22 19:36:41 INFO Epoch Progress | Epoch: 5 | Loss: 0.3290 | LR: 8.08204e-05 | Progress: 50% | Step: 406/812
2026-05-22 19:38:57 INFO Epoch Progress | Epoch: 5 | Loss: 0.3310 | LR: 7.79989e-05 | Progress: 75% | Step: 609/812
2026-05-22 19:41:12 INFO Epoch Progress | Epoch: 5 | Loss: 0.3329 | LR: 7.5041e-05 | Progress: 100% | Step: 812/812
2026-05-22 19:45:13 INFO CSV Written | Epoch: 5
2026-05-22 19:45:14 INFO Best Saved | Epoch: 5 | Monitor: val_auprc | Value: 0.9390
2026-05-22 19:45:14 INFO Epoch Done | Epoch: 5 | Time: 785.3017 | Train Loss: 0.3326 | Val Accuracy: 0.8492 | Val AUPRC: 0.9390 | Val Auroc: 0.9369 | Val F1: 0.8386 | Val Loss: 0.4371
2026-05-22 19:45:14 INFO Epoch Start | Epoch: 6
2026-05-22 19:45:32 INFO Epoch Progress | Epoch: 6 | Loss: 1.1505 | LR: 7.50262e-05 | Progress: 1% | Step: 1/190
2026-05-22 19:47:13 INFO Epoch Progress | Epoch: 6 | Loss: 0.6934 | LR: 7.43233e-05 | Progress: 25% | Step: 48/190
2026-05-22 19:48:54 INFO Epoch Progress | Epoch: 6 | Loss: 0.6661 | LR: 7.35988e-05 | Progress: 51% | Step: 96/190
2026-05-22 19:50:35 INFO Epoch Progress | Epoch: 6 | Loss: 0.6584 | LR: 7.2868e-05 | Progress: 76% | Step: 144/190
2026-05-22 19:52:12 INFO Epoch Progress | Epoch: 6 | Loss: 0.6553 | LR: 7.21618e-05 | Progress: 100% | Step: 190/190
2026-05-22 19:56:16 INFO CSV Written | Epoch: 6
2026-05-22 19:56:16 INFO Best Saved | Epoch: 6 | Monitor: val_auprc | Value: 0.9424
2026-05-22 19:56:16 INFO Epoch Done | Epoch: 6 | Time: 662.0209 | Train Loss: 0.6494 | Val Accuracy: 0.8644 | Val AUPRC: 0.9424 | Val Auroc: 0.9424 | Val F1: 0.8579 | Val Loss: 0.4289
2026-05-22 19:56:16 INFO Epoch Start | Epoch: 7
2026-05-22 19:56:29 INFO Epoch Progress | Epoch: 7 | Loss: 0.6260 | LR: 7.21463e-05 | Progress: 1% | Step: 1/190
2026-05-22 19:58:08 INFO Epoch Progress | Epoch: 7 | Loss: 0.6057 | LR: 7.14344e-05 | Progress: 25% | Step: 48/190
2026-05-22 19:59:51 INFO Epoch Progress | Epoch: 7 | Loss: 0.6014 | LR: 7.06859e-05 | Progress: 51% | Step: 96/190
2026-05-22 20:01:34 INFO Epoch Progress | Epoch: 7 | Loss: 0.6029 | LR: 6.99317e-05 | Progress: 76% | Step: 144/190
2026-05-22 20:03:11 INFO Epoch Progress | Epoch: 7 | Loss: 0.6050 | LR: 6.92038e-05 | Progress: 100% | Step: 190/190
2026-05-22 20:07:16 INFO CSV Written | Epoch: 7
2026-05-22 20:07:16 INFO Best Saved | Epoch: 7 | Monitor: val_auprc | Value: 0.9438
2026-05-22 20:07:16 INFO Epoch Done | Epoch: 7 | Time: 659.5676 | Train Loss: 0.6043 | Val Accuracy: 0.8711 | Val AUPRC: 0.9438 | Val Auroc: 0.9425 | Val F1: 0.8684 | Val Loss: 0.4166
2026-05-22 20:07:16 INFO Epoch Start | Epoch: 8
2026-05-22 20:07:27 INFO Epoch Progress | Epoch: 8 | Loss: 0.5503 | LR: 6.91879e-05 | Progress: 1% | Step: 1/190
2026-05-22 20:09:07 INFO Epoch Progress | Epoch: 8 | Loss: 0.5395 | LR: 6.84391e-05 | Progress: 25% | Step: 48/190
2026-05-22 20:10:47 INFO Epoch Progress | Epoch: 8 | Loss: 0.5664 | LR: 6.76694e-05 | Progress: 51% | Step: 96/190
2026-05-22 20:12:29 INFO Epoch Progress | Epoch: 8 | Loss: 0.5671 | LR: 6.6895e-05 | Progress: 76% | Step: 144/190
2026-05-22 20:14:04 INFO Epoch Progress | Epoch: 8 | Loss: 0.5803 | LR: 6.61484e-05 | Progress: 100% | Step: 190/190
2026-05-22 20:18:09 INFO CSV Written | Epoch: 8
2026-05-22 20:18:09 INFO Epoch Done | Epoch: 8 | Time: 653.1667 | Train Loss: 0.5695 | Val Accuracy: 0.8677 | Val AUPRC: 0.9416 | Val Auroc: 0.9411 | Val F1: 0.8634 | Val Loss: 0.4045
2026-05-22 20:18:09 INFO Epoch Start | Epoch: 9
2026-05-22 20:18:22 INFO Epoch Progress | Epoch: 9 | Loss: 0.6611 | LR: 6.61321e-05 | Progress: 1% | Step: 1/190
2026-05-22 20:20:01 INFO Epoch Progress | Epoch: 9 | Loss: 0.4952 | LR: 6.53651e-05 | Progress: 25% | Step: 48/190
2026-05-22 20:21:42 INFO Epoch Progress | Epoch: 9 | Loss: 0.5142 | LR: 6.45776e-05 | Progress: 51% | Step: 96/190
2026-05-22 20:23:23 INFO Epoch Progress | Epoch: 9 | Loss: 0.5296 | LR: 6.37861e-05 | Progress: 76% | Step: 144/190
2026-05-22 20:24:59 INFO Epoch Progress | Epoch: 9 | Loss: 0.5340 | LR: 6.30241e-05 | Progress: 100% | Step: 190/190
2026-05-22 20:29:02 INFO CSV Written | Epoch: 9
2026-05-22 20:29:02 INFO Epoch Done | Epoch: 9 | Time: 653.0372 | Train Loss: 0.5291 | Val Accuracy: 0.8699 | Val AUPRC: 0.9415 | Val Auroc: 0.9401 | Val F1: 0.8668 | Val Loss: 0.3881
2026-05-22 20:29:02 INFO Epoch Start | Epoch: 10
2026-05-22 20:29:14 INFO Epoch Progress | Epoch: 10 | Loss: 0.6137 | LR: 6.30075e-05 | Progress: 1% | Step: 1/190
2026-05-22 20:30:54 INFO Epoch Progress | Epoch: 10 | Loss: 0.4874 | LR: 6.22255e-05 | Progress: 25% | Step: 48/190
2026-05-22 20:32:34 INFO Epoch Progress | Epoch: 10 | Loss: 0.5032 | LR: 6.14403e-05 | Progress: 51% | Step: 96/190
2026-05-22 20:34:16 INFO Epoch Progress | Epoch: 10 | Loss: 0.5041 | LR: 6.06353e-05 | Progress: 76% | Step: 144/190
2026-05-22 20:35:51 INFO Epoch Progress | Epoch: 10 | Loss: 0.5011 | LR: 5.98611e-05 | Progress: 100% | Step: 190/190
2026-05-22 20:39:57 INFO CSV Written | Epoch: 10
2026-05-22 20:39:57 INFO Epoch Done | Epoch: 10 | Time: 655.1767 | Train Loss: 0.4941 | Val Accuracy: 0.8643 | Val AUPRC: 0.9403 | Val Auroc: 0.9372 | Val F1: 0.8588 | Val Loss: 0.3905
2026-05-22 20:39:57 INFO Epoch Start | Epoch: 11
2026-05-22 20:40:10 INFO Epoch Progress | Epoch: 11 | Loss: 0.3430 | LR: 5.98443e-05 | Progress: 1% | Step: 1/190
2026-05-22 20:41:50 INFO Epoch Progress | Epoch: 11 | Loss: 0.4271 | LR: 5.90506e-05 | Progress: 25% | Step: 48/190
2026-05-22 20:43:31 INFO Epoch Progress | Epoch: 11 | Loss: 0.4468 | LR: 5.82377e-05 | Progress: 51% | Step: 96/190
2026-05-22 20:45:11 INFO Epoch Progress | Epoch: 11 | Loss: 0.4528 | LR: 5.74225e-05 | Progress: 76% | Step: 144/190
2026-05-22 20:46:47 INFO Epoch Progress | Epoch: 11 | Loss: 0.4578 | LR: 5.66394e-05 | Progress: 100% | Step: 190/190
2026-05-22 20:50:52 INFO CSV Written | Epoch: 11
2026-05-22 20:50:52 INFO Epoch Done | Epoch: 11 | Time: 654.3424 | Train Loss: 0.4464 | Val Accuracy: 0.8641 | Val AUPRC: 0.9381 | Val Auroc: 0.9351 | Val F1: 0.8581 | Val Loss: 0.3931
2026-05-22 20:50:52 INFO Epoch Start | Epoch: 12
2026-05-22 20:51:04 INFO Epoch Progress | Epoch: 12 | Loss: 0.2684 | LR: 5.66224e-05 | Progress: 1% | Step: 1/190
2026-05-22 20:52:44 INFO Epoch Progress | Epoch: 12 | Loss: 0.4252 | LR: 5.58205e-05 | Progress: 25% | Step: 48/190
2026-05-22 20:54:25 INFO Epoch Progress | Epoch: 12 | Loss: 0.4229 | LR: 5.5e-05 | Progress: 51% | Step: 96/190
2026-05-22 20:56:07 INFO Epoch Progress | Epoch: 12 | Loss: 0.4182 | LR: 5.41781e-05 | Progress: 76% | Step: 144/190
2026-05-22 20:57:42 INFO Epoch Progress | Epoch: 12 | Loss: 0.4204 | LR: 5.33894e-05 | Progress: 100% | Step: 190/190
2026-05-22 21:01:48 INFO CSV Written | Epoch: 12
2026-05-22 21:01:48 INFO Epoch Done | Epoch: 12 | Time: 656.4448 | Train Loss: 0.4163 | Val Accuracy: 0.8590 | Val AUPRC: 0.9389 | Val Auroc: 0.9347 | Val F1: 0.8494 | Val Loss: 0.4062
2026-05-22 21:01:48 INFO Epoch Start | Epoch: 13
2026-05-22 21:02:01 INFO Epoch Progress | Epoch: 13 | Loss: 0.3519 | LR: 5.33722e-05 | Progress: 1% | Step: 1/190
2026-05-22 21:03:40 INFO Epoch Progress | Epoch: 13 | Loss: 0.3694 | LR: 5.25655e-05 | Progress: 25% | Step: 48/190
2026-05-22 21:05:22 INFO Epoch Progress | Epoch: 13 | Loss: 0.3792 | LR: 5.17409e-05 | Progress: 51% | Step: 96/190
2026-05-22 21:07:05 INFO Epoch Progress | Epoch: 13 | Loss: 0.3810 | LR: 5.09158e-05 | Progress: 76% | Step: 144/190
2026-05-22 21:08:42 INFO Epoch Progress | Epoch: 13 | Loss: 0.3806 | LR: 5.01249e-05 | Progress: 100% | Step: 190/190
2026-05-22 21:12:45 INFO CSV Written | Epoch: 13
2026-05-22 21:12:45 INFO Epoch Done | Epoch: 13 | Time: 657.3977 | Train Loss: 0.3756 | Val Accuracy: 0.8713 | Val AUPRC: 0.9391 | Val Auroc: 0.9355 | Val F1: 0.8685 | Val Loss: 0.3939
2026-05-22 21:12:45 INFO Epoch Start | Epoch: 14
2026-05-22 21:12:57 INFO Epoch Progress | Epoch: 14 | Loss: 0.4434 | LR: 5.01077e-05 | Progress: 1% | Step: 1/190
2026-05-22 21:14:38 INFO Epoch Progress | Epoch: 14 | Loss: 0.3728 | LR: 4.92995e-05 | Progress: 25% | Step: 48/190
2026-05-22 21:16:22 INFO Epoch Progress | Epoch: 14 | Loss: 0.3598 | LR: 4.84744e-05 | Progress: 51% | Step: 96/190
2026-05-22 21:18:03 INFO Epoch Progress | Epoch: 14 | Loss: 0.3616 | LR: 4.76496e-05 | Progress: 76% | Step: 144/190
2026-05-22 21:19:40 INFO Epoch Progress | Epoch: 14 | Loss: 0.3554 | LR: 4.68598e-05 | Progress: 100% | Step: 190/190
2026-05-22 21:23:45 INFO CSV Written | Epoch: 14
2026-05-22 21:23:45 INFO Epoch Done | Epoch: 14 | Time: 659.6640 | Train Loss: 0.3486 | Val Accuracy: 0.8648 | Val AUPRC: 0.9336 | Val Auroc: 0.9318 | Val F1: 0.8607 | Val Loss: 0.4094
2026-05-22 21:23:45 INFO Epoch Start | Epoch: 15
2026-05-22 21:23:58 INFO Epoch Progress | Epoch: 15 | Loss: 0.5923 | LR: 4.68427e-05 | Progress: 1% | Step: 1/190
2026-05-22 21:25:37 INFO Epoch Progress | Epoch: 15 | Loss: 0.3298 | LR: 4.60365e-05 | Progress: 25% | Step: 48/190
2026-05-22 21:27:20 INFO Epoch Progress | Epoch: 15 | Loss: 0.3301 | LR: 4.52144e-05 | Progress: 51% | Step: 96/190
2026-05-22 21:29:02 INFO Epoch Progress | Epoch: 15 | Loss: 0.3333 | LR: 4.43935e-05 | Progress: 76% | Step: 144/190
2026-05-22 21:30:37 INFO Epoch Progress | Epoch: 15 | Loss: 0.3348 | LR: 4.36082e-05 | Progress: 100% | Step: 190/190
2026-05-22 21:34:41 INFO CSV Written | Epoch: 15
2026-05-22 21:34:41 INFO Epoch Done | Epoch: 15 | Time: 655.5706 | Train Loss: 0.3282 | Val Accuracy: 0.8613 | Val AUPRC: 0.9266 | Val Auroc: 0.9236 | Val F1: 0.8561 | Val Loss: 0.4304
2026-05-22 21:34:41 INFO Epoch Start | Epoch: 16
2026-05-22 21:34:53 INFO Epoch Progress | Epoch: 16 | Loss: 0.1524 | LR: 4.35911e-05 | Progress: 1% | Step: 1/190
2026-05-22 21:36:35 INFO Epoch Progress | Epoch: 16 | Loss: 0.2932 | LR: 4.27905e-05 | Progress: 25% | Step: 48/190
2026-05-22 21:38:15 INFO Epoch Progress | Epoch: 16 | Loss: 0.2959 | LR: 4.19748e-05 | Progress: 51% | Step: 96/190
2026-05-22 21:39:56 INFO Epoch Progress | Epoch: 16 | Loss: 0.3018 | LR: 4.11612e-05 | Progress: 76% | Step: 144/190
2026-05-22 21:41:30 INFO Epoch Progress | Epoch: 16 | Loss: 0.3027 | LR: 4.03838e-05 | Progress: 100% | Step: 190/190
2026-05-22 21:45:35 INFO CSV Written | Epoch: 16
2026-05-22 21:45:35 INFO Epoch Done | Epoch: 16 | Time: 653.9569 | Train Loss: 0.3020 | Val Accuracy: 0.8666 | Val AUPRC: 0.9257 | Val Auroc: 0.9252 | Val F1: 0.8637 | Val Loss: 0.4297
2026-05-22 21:45:35 INFO Epoch Start | Epoch: 17
2026-05-22 21:45:47 INFO Epoch Progress | Epoch: 17 | Loss: 0.2970 | LR: 4.0367e-05 | Progress: 1% | Step: 1/190
2026-05-22 21:47:27 INFO Epoch Progress | Epoch: 17 | Loss: 0.2940 | LR: 3.95752e-05 | Progress: 25% | Step: 48/190
2026-05-22 21:49:06 INFO Epoch Progress | Epoch: 17 | Loss: 0.2784 | LR: 3.87694e-05 | Progress: 51% | Step: 96/190
2026-05-22 21:50:48 INFO Epoch Progress | Epoch: 17 | Loss: 0.2773 | LR: 3.79667e-05 | Progress: 76% | Step: 144/190
2026-05-22 21:52:22 INFO Epoch Progress | Epoch: 17 | Loss: 0.2849 | LR: 3.72005e-05 | Progress: 100% | Step: 190/190
2026-05-22 21:56:28 INFO CSV Written | Epoch: 17
2026-05-22 21:56:28 INFO Epoch Done | Epoch: 17 | Time: 653.0220 | Train Loss: 0.2830 | Val Accuracy: 0.8622 | Val AUPRC: 0.9304 | Val Auroc: 0.9270 | Val F1: 0.8561 | Val Loss: 0.4252
2026-05-22 21:56:28 INFO Early Stop | Epoch: 17
2026-05-22 21:56:28 INFO Stage Done | Run Id: pair_context_gated_abba_block_s13
2026-05-22 21:56:28 INFO Stage Start | Checkpoint: models/v3.1/train/pair_context_gated_abba_block_s13/best_model.pth | Run Id: pair_context_gated_abba_block_s13
2026-05-22 21:56:28 INFO Checkpoint Loaded | Path: models/v3.1/train/pair_context_gated_abba_block_s13/best_model.pth
2026-05-22 21:56:28 INFO Decision Threshold | Mode: fixed | Value: 0.5000
2026-05-22 22:05:04 INFO Evaluation Metrics | Accuracy: 0.6243 | AUPRC: 0.7164 | Auroc: 0.6851 | F1: 0.5666 | Mcc: 0.2580 | Precision: 0.6696 | Recall: 0.4911 | Sensitivity: 0.4911 | Specificity: 0.7576 | Split: test
2026-05-22 22:05:04 INFO CSV Written | Path: logs/v3.1/evaluate/pair_context_gated_abba_block_s13/evaluate.csv
2026-05-22 22:05:04 INFO Stage Done | Run Id: pair_context_gated_abba_block_s13

*****************************************
Setting OMP_NUM_THREADS environment variable for each process to be 1 in default, to avoid your system being overloaded, please further tune the variable for optimal performance in your application as needed. 
*****************************************
INFO:src.pipeline.__main__:Loaded config: configs/v3-1/0523/pair_context_gated_abba_block_sn_d256_s101.yaml
WARNING:accelerate.utils.other:[RANK 0] Detected kernel version 3.10.0, which is below the recommended minimum of 5.5.0; this can cause the process to hang. It is recommended to upgrade the kernel to the minimum version or higher.
WARNING:py.warnings:/public/home/wangar2023/grand/.venv/lib/python3.11/site-packages/torch/distributed/c10d_logger.py:83: UserWarning: barrier(): using the device under current context. You can specify `device_id` in `init_process_group` to mute this warning.
  return func(*args, **kwargs)

2026-05-22 22:07:19 INFO Pipeline Runtime | Device: cuda:0 | Distributed: True | Test Batches: 1691 | Train Batches: 812 | Valid Batches: 762 | World Size: 4
2026-05-22 22:07:19 INFO Stage Start | Run Id: pair_context_gated_abba_block_sn_d256_s101
2026-05-22 22:07:23 INFO Train Config | Epochs: 50 | Monitor: auprc | Patience: 10
2026-05-22 22:07:23 INFO Epoch Start | Epoch: 1
2026-05-22 22:07:28 INFO Epoch Progress | Epoch: 1 | Loss: 0.7045 | LR: 4e-06 | Progress: 0% | Step: 1/812
2026-05-22 22:09:18 INFO Epoch Progress | Epoch: 1 | Loss: 0.7135 | LR: 1.29976e-05 | Progress: 25% | Step: 203/812
2026-05-22 22:11:07 INFO Epoch Progress | Epoch: 1 | Loss: 0.6800 | LR: 3.68989e-05 | Progress: 50% | Step: 406/812
2026-05-22 22:12:57 INFO Epoch Progress | Epoch: 1 | Loss: 0.6399 | LR: 6.65711e-05 | Progress: 75% | Step: 609/812
2026-05-22 22:14:46 INFO Epoch Progress | Epoch: 1 | Loss: 0.6119 | LR: 9.0675e-05 | Progress: 100% | Step: 812/812
2026-05-22 22:18:38 INFO CSV Written | Epoch: 1
WARNING:py.warnings:/public/home/wangar2023/grand/.venv/lib/python3.11/site-packages/deepspeed/runtime/zero/linear.py:47: FutureWarning: `torch.cuda.amp.custom_fwd(args...)` is deprecated. Please use `torch.amp.custom_fwd(args..., device_type='cuda')` instead.
  @autocast_custom_fwd

WARNING:py.warnings:/public/home/wangar2023/grand/.venv/lib/python3.11/site-packages/deepspeed/runtime/zero/linear.py:66: FutureWarning: `torch.cuda.amp.custom_bwd(args...)` is deprecated. Please use `torch.amp.custom_bwd(args..., device_type='cuda')` instead.
  @autocast_custom_bwd

2026-05-22 22:18:41 INFO Best Saved | Epoch: 1 | Monitor: val_auprc | Value: 0.8602
2026-05-22 22:18:41 INFO Epoch Done | Epoch: 1 | Time: 674.8333 | Train Loss: 0.6102 | Val Accuracy: 0.7733 | Val AUPRC: 0.8602 | Val Auroc: 0.8561 | Val F1: 0.7721 | Val Loss: 0.5017
2026-05-22 22:18:41 INFO Epoch Start | Epoch: 2
2026-05-22 22:18:44 INFO Epoch Progress | Epoch: 2 | Loss: 0.3835 | LR: 9.07628e-05 | Progress: 0% | Step: 1/812
2026-05-22 22:20:33 INFO Epoch Progress | Epoch: 2 | Loss: 0.4940 | LR: 9.99993e-05 | Progress: 25% | Step: 203/812
2026-05-22 22:22:22 INFO Epoch Progress | Epoch: 2 | Loss: 0.4804 | LR: 9.98803e-05 | Progress: 50% | Step: 406/812
2026-05-22 22:24:13 INFO Epoch Progress | Epoch: 2 | Loss: 0.4782 | LR: 9.95176e-05 | Progress: 75% | Step: 609/812
2026-05-22 22:26:03 INFO Epoch Progress | Epoch: 2 | Loss: 0.4740 | LR: 9.89136e-05 | Progress: 100% | Step: 812/812
2026-05-22 22:29:54 INFO CSV Written | Epoch: 2
2026-05-22 22:29:55 INFO Best Saved | Epoch: 2 | Monitor: val_auprc | Value: 0.9012
2026-05-22 22:29:55 INFO Epoch Done | Epoch: 2 | Time: 673.2143 | Train Loss: 0.4727 | Val Accuracy: 0.8123 | Val AUPRC: 0.9012 | Val Auroc: 0.8981 | Val F1: 0.8111 | Val Loss: 0.4404
2026-05-22 22:29:55 INFO Epoch Start | Epoch: 3
2026-05-22 22:29:57 INFO Epoch Progress | Epoch: 3 | Loss: 0.3994 | LR: 9.89101e-05 | Progress: 0% | Step: 1/812
2026-05-22 22:31:47 INFO Epoch Progress | Epoch: 3 | Loss: 0.4327 | LR: 9.80714e-05 | Progress: 25% | Step: 203/812
2026-05-22 22:33:37 INFO Epoch Progress | Epoch: 3 | Loss: 0.4298 | LR: 9.70008e-05 | Progress: 50% | Step: 406/812
2026-05-22 22:35:27 INFO Epoch Progress | Epoch: 3 | Loss: 0.4246 | LR: 9.56965e-05 | Progress: 75% | Step: 609/812
2026-05-22 22:37:16 INFO Epoch Progress | Epoch: 3 | Loss: 0.4219 | LR: 9.41696e-05 | Progress: 100% | Step: 812/812
2026-05-22 22:41:09 INFO CSV Written | Epoch: 3
2026-05-22 22:41:09 INFO Best Saved | Epoch: 3 | Monitor: val_auprc | Value: 0.9188
2026-05-22 22:41:09 INFO Epoch Done | Epoch: 3 | Time: 674.3356 | Train Loss: 0.4206 | Val Accuracy: 0.8349 | Val AUPRC: 0.9188 | Val Auroc: 0.9167 | Val F1: 0.8355 | Val Loss: 0.4147
2026-05-22 22:41:09 INFO Epoch Start | Epoch: 4
2026-05-22 22:41:12 INFO Epoch Progress | Epoch: 4 | Loss: 0.3929 | LR: 9.41615e-05 | Progress: 0% | Step: 1/812
2026-05-22 22:43:01 INFO Epoch Progress | Epoch: 4 | Loss: 0.3960 | LR: 9.24366e-05 | Progress: 25% | Step: 203/812
2026-05-22 22:44:51 INFO Epoch Progress | Epoch: 4 | Loss: 0.3920 | LR: 9.04888e-05 | Progress: 50% | Step: 406/812
2026-05-22 22:46:41 INFO Epoch Progress | Epoch: 4 | Loss: 0.3877 | LR: 8.83437e-05 | Progress: 75% | Step: 609/812
2026-05-22 22:48:30 INFO Epoch Progress | Epoch: 4 | Loss: 0.3858 | LR: 8.60118e-05 | Progress: 100% | Step: 812/812
2026-05-22 22:52:24 INFO CSV Written | Epoch: 4
2026-05-22 22:52:24 INFO Best Saved | Epoch: 4 | Monitor: val_auprc | Value: 0.9272
2026-05-22 22:52:24 INFO Epoch Done | Epoch: 4 | Time: 675.1988 | Train Loss: 0.3838 | Val Accuracy: 0.8406 | Val AUPRC: 0.9272 | Val Auroc: 0.9256 | Val F1: 0.8357 | Val Loss: 0.4178
2026-05-22 22:52:24 INFO Epoch Start | Epoch: 5
2026-05-22 22:52:27 INFO Epoch Progress | Epoch: 5 | Loss: 0.4415 | LR: 8.59999e-05 | Progress: 0% | Step: 1/812
2026-05-22 22:54:16 INFO Epoch Progress | Epoch: 5 | Loss: 0.3543 | LR: 8.35045e-05 | Progress: 25% | Step: 203/812
2026-05-22 22:56:07 INFO Epoch Progress | Epoch: 5 | Loss: 0.3491 | LR: 8.08339e-05 | Progress: 50% | Step: 406/812
2026-05-22 22:57:56 INFO Epoch Progress | Epoch: 5 | Loss: 0.3516 | LR: 7.80132e-05 | Progress: 75% | Step: 609/812
2026-05-22 22:59:46 INFO Epoch Progress | Epoch: 5 | Loss: 0.3548 | LR: 7.50559e-05 | Progress: 100% | Step: 812/812
2026-05-22 23:03:39 INFO CSV Written | Epoch: 5
2026-05-22 23:03:39 INFO Best Saved | Epoch: 5 | Monitor: val_auprc | Value: 0.9332
2026-05-22 23:03:39 INFO Epoch Done | Epoch: 5 | Time: 674.4417 | Train Loss: 0.3543 | Val Accuracy: 0.8456 | Val AUPRC: 0.9332 | Val Auroc: 0.9318 | Val F1: 0.8384 | Val Loss: 0.4005
2026-05-22 23:03:39 INFO Epoch Start | Epoch: 6
2026-05-22 23:03:56 INFO Epoch Progress | Epoch: 6 | Loss: 0.9431 | LR: 7.5041e-05 | Progress: 1% | Step: 1/190
2026-05-22 23:05:31 INFO Epoch Progress | Epoch: 6 | Loss: 0.7075 | LR: 7.43383e-05 | Progress: 25% | Step: 48/190
2026-05-22 23:07:03 INFO Epoch Progress | Epoch: 6 | Loss: 0.6928 | LR: 7.3614e-05 | Progress: 51% | Step: 96/190
2026-05-22 23:08:36 INFO Epoch Progress | Epoch: 6 | Loss: 0.6900 | LR: 7.28833e-05 | Progress: 76% | Step: 144/190
2026-05-22 23:10:03 INFO Epoch Progress | Epoch: 6 | Loss: 0.6866 | LR: 7.21772e-05 | Progress: 100% | Step: 190/190
2026-05-22 23:14:00 INFO CSV Written | Epoch: 6
2026-05-22 23:14:00 INFO Best Saved | Epoch: 6 | Monitor: val_auprc | Value: 0.9360
2026-05-22 23:14:00 INFO Epoch Done | Epoch: 6 | Time: 620.7152 | Train Loss: 0.6851 | Val Accuracy: 0.8611 | Val AUPRC: 0.9360 | Val Auroc: 0.9361 | Val F1: 0.8606 | Val Loss: 0.4412
2026-05-22 23:14:00 INFO Epoch Start | Epoch: 7
2026-05-22 23:14:13 INFO Epoch Progress | Epoch: 7 | Loss: 0.7416 | LR: 7.21618e-05 | Progress: 1% | Step: 1/190
2026-05-22 23:15:44 INFO Epoch Progress | Epoch: 7 | Loss: 0.6597 | LR: 7.14344e-05 | Progress: 25% | Step: 48/190
2026-05-22 23:17:16 INFO Epoch Progress | Epoch: 7 | Loss: 0.6630 | LR: 7.06859e-05 | Progress: 51% | Step: 96/190
2026-05-22 23:18:48 INFO Epoch Progress | Epoch: 7 | Loss: 0.6660 | LR: 6.99317e-05 | Progress: 76% | Step: 144/190
2026-05-22 23:20:15 INFO Epoch Progress | Epoch: 7 | Loss: 0.6653 | LR: 6.92038e-05 | Progress: 100% | Step: 190/190
2026-05-22 23:24:11 INFO CSV Written | Epoch: 7
2026-05-22 23:24:11 INFO Epoch Done | Epoch: 7 | Time: 611.6466 | Train Loss: 0.6600 | Val Accuracy: 0.8610 | Val AUPRC: 0.9302 | Val Auroc: 0.9331 | Val F1: 0.8608 | Val Loss: 0.4549
2026-05-22 23:24:11 INFO Epoch Start | Epoch: 8
2026-05-22 23:24:24 INFO Epoch Progress | Epoch: 8 | Loss: 0.6455 | LR: 6.91879e-05 | Progress: 1% | Step: 1/190
2026-05-22 23:25:54 INFO Epoch Progress | Epoch: 8 | Loss: 0.6335 | LR: 6.84391e-05 | Progress: 25% | Step: 48/190
2026-05-22 23:27:26 INFO Epoch Progress | Epoch: 8 | Loss: 0.6409 | LR: 6.76694e-05 | Progress: 51% | Step: 96/190
2026-05-22 23:28:58 INFO Epoch Progress | Epoch: 8 | Loss: 0.6413 | LR: 6.6895e-05 | Progress: 76% | Step: 144/190
2026-05-22 23:30:24 INFO Epoch Progress | Epoch: 8 | Loss: 0.6400 | LR: 6.61484e-05 | Progress: 100% | Step: 190/190
2026-05-22 23:34:22 INFO CSV Written | Epoch: 8
2026-05-22 23:34:22 INFO Epoch Done | Epoch: 8 | Time: 611.0897 | Train Loss: 0.6377 | Val Accuracy: 0.8542 | Val AUPRC: 0.9254 | Val Auroc: 0.9290 | Val F1: 0.8558 | Val Loss: 0.4448
2026-05-22 23:34:22 INFO Epoch Start | Epoch: 9
2026-05-22 23:34:34 INFO Epoch Progress | Epoch: 9 | Loss: 0.5809 | LR: 6.61321e-05 | Progress: 1% | Step: 1/190
2026-05-22 23:36:05 INFO Epoch Progress | Epoch: 9 | Loss: 0.6042 | LR: 6.53651e-05 | Progress: 25% | Step: 48/190
2026-05-22 23:37:37 INFO Epoch Progress | Epoch: 9 | Loss: 0.6198 | LR: 6.45941e-05 | Progress: 51% | Step: 96/190
2026-05-22 23:39:09 INFO Epoch Progress | Epoch: 9 | Loss: 0.6188 | LR: 6.38027e-05 | Progress: 76% | Step: 144/190
2026-05-22 23:40:35 INFO Epoch Progress | Epoch: 9 | Loss: 0.6192 | LR: 6.30407e-05 | Progress: 100% | Step: 190/190
2026-05-22 23:44:32 INFO CSV Written | Epoch: 9
2026-05-22 23:44:32 INFO Epoch Done | Epoch: 9 | Time: 609.1649 | Train Loss: 0.6197 | Val Accuracy: 0.8610 | Val AUPRC: 0.9341 | Val Auroc: 0.9336 | Val F1: 0.8598 | Val Loss: 0.4239
2026-05-22 23:44:32 INFO Epoch Start | Epoch: 10
2026-05-22 23:44:45 INFO Epoch Progress | Epoch: 10 | Loss: 0.5864 | LR: 6.30241e-05 | Progress: 1% | Step: 1/190
2026-05-22 23:46:15 INFO Epoch Progress | Epoch: 10 | Loss: 0.5724 | LR: 6.22422e-05 | Progress: 25% | Step: 48/190
2026-05-22 23:47:47 INFO Epoch Progress | Epoch: 10 | Loss: 0.5937 | LR: 6.14403e-05 | Progress: 51% | Step: 96/190
2026-05-22 23:49:19 INFO Epoch Progress | Epoch: 10 | Loss: 0.5912 | LR: 6.06353e-05 | Progress: 76% | Step: 144/190
2026-05-22 23:50:46 INFO Epoch Progress | Epoch: 10 | Loss: 0.5991 | LR: 5.98611e-05 | Progress: 100% | Step: 190/190
2026-05-22 23:54:43 INFO CSV Written | Epoch: 10
2026-05-22 23:54:43 INFO Epoch Done | Epoch: 10 | Time: 611.7379 | Train Loss: 0.5921 | Val Accuracy: 0.8581 | Val AUPRC: 0.9326 | Val Auroc: 0.9323 | Val F1: 0.8598 | Val Loss: 0.4193
2026-05-22 23:54:43 INFO Epoch Start | Epoch: 11
2026-05-22 23:54:56 INFO Epoch Progress | Epoch: 11 | Loss: 0.6040 | LR: 5.98443e-05 | Progress: 1% | Step: 1/190
2026-05-22 23:56:27 INFO Epoch Progress | Epoch: 11 | Loss: 0.5666 | LR: 5.90506e-05 | Progress: 25% | Step: 48/190
2026-05-22 23:58:00 INFO Epoch Progress | Epoch: 11 | Loss: 0.5748 | LR: 5.82377e-05 | Progress: 51% | Step: 96/190
2026-05-22 23:59:32 INFO Epoch Progress | Epoch: 11 | Loss: 0.5735 | LR: 5.74225e-05 | Progress: 76% | Step: 144/190
2026-05-23 00:00:59 INFO Epoch Progress | Epoch: 11 | Loss: 0.5720 | LR: 5.66394e-05 | Progress: 100% | Step: 190/190
2026-05-23 00:04:56 INFO CSV Written | Epoch: 11
2026-05-23 00:04:56 INFO Epoch Done | Epoch: 11 | Time: 612.9747 | Train Loss: 0.5686 | Val Accuracy: 0.8519 | Val AUPRC: 0.9237 | Val Auroc: 0.9240 | Val F1: 0.8487 | Val Loss: 0.4173
2026-05-23 00:04:56 INFO Epoch Start | Epoch: 12
2026-05-23 00:05:09 INFO Epoch Progress | Epoch: 12 | Loss: 0.3681 | LR: 5.66224e-05 | Progress: 1% | Step: 1/190
2026-05-23 00:06:40 INFO Epoch Progress | Epoch: 12 | Loss: 0.5433 | LR: 5.58205e-05 | Progress: 25% | Step: 48/190
2026-05-23 00:08:13 INFO Epoch Progress | Epoch: 12 | Loss: 0.5505 | LR: 5.5e-05 | Progress: 51% | Step: 96/190
2026-05-23 00:09:45 INFO Epoch Progress | Epoch: 12 | Loss: 0.5476 | LR: 5.41781e-05 | Progress: 76% | Step: 144/190
2026-05-23 00:11:11 INFO Epoch Progress | Epoch: 12 | Loss: 0.5485 | LR: 5.33894e-05 | Progress: 100% | Step: 190/190
2026-05-23 00:15:08 INFO CSV Written | Epoch: 12
2026-05-23 00:15:08 INFO Epoch Done | Epoch: 12 | Time: 611.1655 | Train Loss: 0.5395 | Val Accuracy: 0.8585 | Val AUPRC: 0.9304 | Val Auroc: 0.9295 | Val F1: 0.8563 | Val Loss: 0.3998
2026-05-23 00:15:08 INFO Epoch Start | Epoch: 13
2026-05-23 00:15:20 INFO Epoch Progress | Epoch: 13 | Loss: 0.5079 | LR: 5.33722e-05 | Progress: 1% | Step: 1/190
2026-05-23 00:16:51 INFO Epoch Progress | Epoch: 13 | Loss: 0.5199 | LR: 5.25655e-05 | Progress: 25% | Step: 48/190
2026-05-23 00:18:24 INFO Epoch Progress | Epoch: 13 | Loss: 0.5249 | LR: 5.17409e-05 | Progress: 51% | Step: 96/190
2026-05-23 00:19:56 INFO Epoch Progress | Epoch: 13 | Loss: 0.5308 | LR: 5.09158e-05 | Progress: 76% | Step: 144/190
2026-05-23 00:21:22 INFO Epoch Progress | Epoch: 13 | Loss: 0.5294 | LR: 5.01249e-05 | Progress: 100% | Step: 190/190
2026-05-23 00:25:19 INFO CSV Written | Epoch: 13
2026-05-23 00:25:19 INFO Epoch Done | Epoch: 13 | Time: 611.0363 | Train Loss: 0.5165 | Val Accuracy: 0.8563 | Val AUPRC: 0.9253 | Val Auroc: 0.9262 | Val F1: 0.8539 | Val Loss: 0.4012
2026-05-23 00:25:19 INFO Epoch Start | Epoch: 14
2026-05-23 00:25:31 INFO Epoch Progress | Epoch: 14 | Loss: 0.4420 | LR: 5.01077e-05 | Progress: 1% | Step: 1/190
2026-05-23 00:27:02 INFO Epoch Progress | Epoch: 14 | Loss: 0.4750 | LR: 4.92995e-05 | Progress: 25% | Step: 48/190
2026-05-23 00:28:35 INFO Epoch Progress | Epoch: 14 | Loss: 0.4888 | LR: 4.84744e-05 | Progress: 51% | Step: 96/190
2026-05-23 00:30:07 INFO Epoch Progress | Epoch: 14 | Loss: 0.4897 | LR: 4.76496e-05 | Progress: 76% | Step: 144/190
2026-05-23 00:31:33 INFO Epoch Progress | Epoch: 14 | Loss: 0.4944 | LR: 4.6877e-05 | Progress: 100% | Step: 190/190
2026-05-23 00:35:31 INFO CSV Written | Epoch: 14
2026-05-23 00:35:31 INFO Epoch Done | Epoch: 14 | Time: 612.4864 | Train Loss: 0.4863 | Val Accuracy: 0.8575 | Val AUPRC: 0.9271 | Val Auroc: 0.9276 | Val F1: 0.8580 | Val Loss: 0.3992
2026-05-23 00:35:31 INFO Epoch Start | Epoch: 15
2026-05-23 00:35:44 INFO Epoch Progress | Epoch: 15 | Loss: 0.6440 | LR: 4.68598e-05 | Progress: 1% | Step: 1/190
2026-05-23 00:37:15 INFO Epoch Progress | Epoch: 15 | Loss: 0.4615 | LR: 4.60537e-05 | Progress: 25% | Step: 48/190
2026-05-23 00:38:48 INFO Epoch Progress | Epoch: 15 | Loss: 0.4584 | LR: 4.52315e-05 | Progress: 51% | Step: 96/190
2026-05-23 00:40:20 INFO Epoch Progress | Epoch: 15 | Loss: 0.4555 | LR: 4.44105e-05 | Progress: 76% | Step: 144/190
2026-05-23 00:41:47 INFO Epoch Progress | Epoch: 15 | Loss: 0.4639 | LR: 4.36252e-05 | Progress: 100% | Step: 190/190
2026-05-23 00:45:44 INFO CSV Written | Epoch: 15
2026-05-23 00:45:44 INFO Epoch Done | Epoch: 15 | Time: 612.7518 | Train Loss: 0.4621 | Val Accuracy: 0.8543 | Val AUPRC: 0.9147 | Val Auroc: 0.9212 | Val F1: 0.8544 | Val Loss: 0.4068
2026-05-23 00:45:44 INFO Epoch Start | Epoch: 16
2026-05-23 00:45:57 INFO Epoch Progress | Epoch: 16 | Loss: 0.3900 | LR: 4.36082e-05 | Progress: 1% | Step: 1/190
2026-05-23 00:47:27 INFO Epoch Progress | Epoch: 16 | Loss: 0.4240 | LR: 4.28075e-05 | Progress: 25% | Step: 48/190
2026-05-23 00:49:00 INFO Epoch Progress | Epoch: 16 | Loss: 0.4292 | LR: 4.19917e-05 | Progress: 51% | Step: 96/190
2026-05-23 00:50:33 INFO Epoch Progress | Epoch: 16 | Loss: 0.4441 | LR: 4.11782e-05 | Progress: 76% | Step: 144/190
2026-05-23 00:51:59 INFO Epoch Progress | Epoch: 16 | Loss: 0.4441 | LR: 4.04007e-05 | Progress: 100% | Step: 190/190
2026-05-23 00:55:57 INFO CSV Written | Epoch: 16
2026-05-23 00:55:57 INFO Epoch Done | Epoch: 16 | Time: 613.4751 | Train Loss: 0.4419 | Val Accuracy: 0.8587 | Val AUPRC: 0.9236 | Val Auroc: 0.9257 | Val F1: 0.8597 | Val Loss: 0.4036
2026-05-23 00:55:57 INFO Early Stop | Epoch: 16
2026-05-23 00:55:57 INFO Stage Done | Run Id: pair_context_gated_abba_block_sn_d256_s101
2026-05-23 00:55:57 INFO Stage Start | Checkpoint: models/v3.1/train/pair_context_gated_abba_block_sn_d256_s101/best_model.pth | Run Id: pair_context_gated_abba_block_sn_d256_s101
2026-05-23 00:55:58 INFO Checkpoint Loaded | Path: models/v3.1/train/pair_context_gated_abba_block_sn_d256_s101/best_model.pth
2026-05-23 00:55:58 INFO Decision Threshold | Mode: fixed | Value: 0.5000
2026-05-23 01:04:20 INFO Evaluation Metrics | Accuracy: 0.6255 | AUPRC: 0.7173 | Auroc: 0.6881 | F1: 0.5921 | Mcc: 0.2544 | Precision: 0.6502 | Recall: 0.5435 | Sensitivity: 0.5435 | Specificity: 0.7075 | Split: test
2026-05-23 01:04:20 INFO CSV Written | Path: logs/v3.1/evaluate/pair_context_gated_abba_block_sn_d256_s101/evaluate.csv
2026-05-23 01:04:20 INFO Stage Done | Run Id: pair_context_gated_abba_block_sn_d256_s101

*****************************************
Setting OMP_NUM_THREADS environment variable for each process to be 1 in default, to avoid your system being overloaded, please further tune the variable for optimal performance in your application as needed. 
*****************************************
INFO:src.pipeline.__main__:Loaded config: configs/v3-1/0523/pair_context_gated_abba_block_sn_d256_s13.yaml
WARNING:accelerate.utils.other:[RANK 0] Detected kernel version 3.10.0, which is below the recommended minimum of 5.5.0; this can cause the process to hang. It is recommended to upgrade the kernel to the minimum version or higher.
WARNING:py.warnings:/public/home/wangar2023/grand/.venv/lib/python3.11/site-packages/torch/distributed/c10d_logger.py:83: UserWarning: barrier(): using the device under current context. You can specify `device_id` in `init_process_group` to mute this warning.
  return func(*args, **kwargs)

2026-05-23 01:06:36 INFO Pipeline Runtime | Device: cuda:0 | Distributed: True | Test Batches: 1691 | Train Batches: 812 | Valid Batches: 762 | World Size: 4
2026-05-23 01:06:36 INFO Stage Start | Run Id: pair_context_gated_abba_block_sn_d256_s13
2026-05-23 01:06:38 INFO Train Config | Epochs: 50 | Monitor: auprc | Patience: 10
2026-05-23 01:06:38 INFO Epoch Start | Epoch: 1
2026-05-23 01:06:43 INFO Epoch Progress | Epoch: 1 | Loss: 0.7497 | LR: 4e-06 | Progress: 0% | Step: 1/812
2026-05-23 01:08:34 INFO Epoch Progress | Epoch: 1 | Loss: 0.7088 | LR: 1.30844e-05 | Progress: 25% | Step: 203/812
2026-05-23 01:10:23 INFO Epoch Progress | Epoch: 1 | Loss: 0.6581 | LR: 3.68989e-05 | Progress: 50% | Step: 406/812
2026-05-23 01:12:13 INFO Epoch Progress | Epoch: 1 | Loss: 0.6176 | LR: 6.65711e-05 | Progress: 75% | Step: 609/812
2026-05-23 01:14:02 INFO Epoch Progress | Epoch: 1 | Loss: 0.5906 | LR: 9.0675e-05 | Progress: 100% | Step: 812/812
2026-05-23 01:17:52 INFO CSV Written | Epoch: 1
WARNING:py.warnings:/public/home/wangar2023/grand/.venv/lib/python3.11/site-packages/deepspeed/runtime/zero/linear.py:47: FutureWarning: `torch.cuda.amp.custom_fwd(args...)` is deprecated. Please use `torch.amp.custom_fwd(args..., device_type='cuda')` instead.
  @autocast_custom_fwd

WARNING:py.warnings:/public/home/wangar2023/grand/.venv/lib/python3.11/site-packages/deepspeed/runtime/zero/linear.py:66: FutureWarning: `torch.cuda.amp.custom_bwd(args...)` is deprecated. Please use `torch.amp.custom_bwd(args..., device_type='cuda')` instead.
  @autocast_custom_bwd

2026-05-23 01:17:59 INFO Best Saved | Epoch: 1 | Monitor: val_auprc | Value: 0.8719
2026-05-23 01:17:59 INFO Epoch Done | Epoch: 1 | Time: 674.4834 | Train Loss: 0.5889 | Val Accuracy: 0.7856 | Val AUPRC: 0.8719 | Val Auroc: 0.8680 | Val F1: 0.7831 | Val Loss: 0.4832
2026-05-23 01:17:59 INFO Epoch Start | Epoch: 2
2026-05-23 01:18:01 INFO Epoch Progress | Epoch: 2 | Loss: 0.7615 | LR: 9.07628e-05 | Progress: 0% | Step: 1/812
2026-05-23 01:19:52 INFO Epoch Progress | Epoch: 2 | Loss: 0.4863 | LR: 9.99993e-05 | Progress: 25% | Step: 203/812
2026-05-23 01:21:42 INFO Epoch Progress | Epoch: 2 | Loss: 0.4764 | LR: 9.98803e-05 | Progress: 50% | Step: 406/812
2026-05-23 01:23:33 INFO Epoch Progress | Epoch: 2 | Loss: 0.4754 | LR: 9.95176e-05 | Progress: 75% | Step: 609/812
2026-05-23 01:25:23 INFO Epoch Progress | Epoch: 2 | Loss: 0.4689 | LR: 9.89136e-05 | Progress: 100% | Step: 812/812
2026-05-23 01:29:15 INFO CSV Written | Epoch: 2
2026-05-23 01:29:15 INFO Best Saved | Epoch: 2 | Monitor: val_auprc | Value: 0.9034
2026-05-23 01:29:15 INFO Epoch Done | Epoch: 2 | Time: 676.4401 | Train Loss: 0.4660 | Val Accuracy: 0.8179 | Val AUPRC: 0.9034 | Val Auroc: 0.8987 | Val F1: 0.8212 | Val Loss: 0.4502
2026-05-23 01:29:15 INFO Epoch Start | Epoch: 3
2026-05-23 01:29:18 INFO Epoch Progress | Epoch: 3 | Loss: 0.3160 | LR: 9.89101e-05 | Progress: 0% | Step: 1/812
2026-05-23 01:31:07 INFO Epoch Progress | Epoch: 3 | Loss: 0.4312 | LR: 9.80714e-05 | Progress: 25% | Step: 203/812
2026-05-23 01:32:58 INFO Epoch Progress | Epoch: 3 | Loss: 0.4246 | LR: 9.69949e-05 | Progress: 50% | Step: 406/812
2026-05-23 01:34:47 INFO Epoch Progress | Epoch: 3 | Loss: 0.4173 | LR: 9.56895e-05 | Progress: 75% | Step: 609/812
2026-05-23 01:36:38 INFO Epoch Progress | Epoch: 3 | Loss: 0.4162 | LR: 9.41776e-05 | Progress: 100% | Step: 812/812
2026-05-23 01:40:31 INFO CSV Written | Epoch: 3
2026-05-23 01:40:31 INFO Best Saved | Epoch: 3 | Monitor: val_auprc | Value: 0.9231
2026-05-23 01:40:31 INFO Epoch Done | Epoch: 3 | Time: 675.8410 | Train Loss: 0.4155 | Val Accuracy: 0.8406 | Val AUPRC: 0.9231 | Val Auroc: 0.9205 | Val F1: 0.8434 | Val Loss: 0.4075
2026-05-23 01:40:31 INFO Epoch Start | Epoch: 4
2026-05-23 01:40:34 INFO Epoch Progress | Epoch: 4 | Loss: 0.2412 | LR: 9.41696e-05 | Progress: 0% | Step: 1/812
2026-05-23 01:42:24 INFO Epoch Progress | Epoch: 4 | Loss: 0.3920 | LR: 9.24366e-05 | Progress: 25% | Step: 203/812
2026-05-23 01:44:15 INFO Epoch Progress | Epoch: 4 | Loss: 0.3846 | LR: 9.04888e-05 | Progress: 50% | Step: 406/812
2026-05-23 01:46:05 INFO Epoch Progress | Epoch: 4 | Loss: 0.3780 | LR: 8.83437e-05 | Progress: 75% | Step: 609/812
2026-05-23 01:47:55 INFO Epoch Progress | Epoch: 4 | Loss: 0.3811 | LR: 8.60118e-05 | Progress: 100% | Step: 812/812
2026-05-23 01:51:48 INFO CSV Written | Epoch: 4
2026-05-23 01:51:48 INFO Best Saved | Epoch: 4 | Monitor: val_auprc | Value: 0.9324
2026-05-23 01:51:48 INFO Epoch Done | Epoch: 4 | Time: 676.9875 | Train Loss: 0.3819 | Val Accuracy: 0.8534 | Val AUPRC: 0.9324 | Val Auroc: 0.9311 | Val F1: 0.8556 | Val Loss: 0.3865
2026-05-23 01:51:48 INFO Epoch Start | Epoch: 5
2026-05-23 01:51:51 INFO Epoch Progress | Epoch: 5 | Loss: 0.4334 | LR: 8.59999e-05 | Progress: 0% | Step: 1/812
2026-05-23 01:53:41 INFO Epoch Progress | Epoch: 5 | Loss: 0.3608 | LR: 8.35045e-05 | Progress: 25% | Step: 203/812
2026-05-23 01:55:31 INFO Epoch Progress | Epoch: 5 | Loss: 0.3525 | LR: 8.08339e-05 | Progress: 50% | Step: 406/812
2026-05-23 01:57:21 INFO Epoch Progress | Epoch: 5 | Loss: 0.3511 | LR: 7.80132e-05 | Progress: 75% | Step: 609/812
2026-05-23 01:59:11 INFO Epoch Progress | Epoch: 5 | Loss: 0.3540 | LR: 7.50559e-05 | Progress: 100% | Step: 812/812
2026-05-23 02:03:07 INFO CSV Written | Epoch: 5
2026-05-23 02:03:07 INFO Best Saved | Epoch: 5 | Monitor: val_auprc | Value: 0.9383
2026-05-23 02:03:07 INFO Epoch Done | Epoch: 5 | Time: 678.2862 | Train Loss: 0.3546 | Val Accuracy: 0.8619 | Val AUPRC: 0.9383 | Val Auroc: 0.9373 | Val F1: 0.8605 | Val Loss: 0.3790
2026-05-23 02:03:07 INFO Epoch Start | Epoch: 6
2026-05-23 02:03:24 INFO Epoch Progress | Epoch: 6 | Loss: 0.9819 | LR: 7.5041e-05 | Progress: 1% | Step: 1/190
2026-05-23 02:04:58 INFO Epoch Progress | Epoch: 6 | Loss: 0.7170 | LR: 7.43383e-05 | Progress: 25% | Step: 48/190
2026-05-23 02:06:31 INFO Epoch Progress | Epoch: 6 | Loss: 0.7034 | LR: 7.3614e-05 | Progress: 51% | Step: 96/190
2026-05-23 02:08:04 INFO Epoch Progress | Epoch: 6 | Loss: 0.6994 | LR: 7.28833e-05 | Progress: 76% | Step: 144/190
2026-05-23 02:09:31 INFO Epoch Progress | Epoch: 6 | Loss: 0.6961 | LR: 7.21772e-05 | Progress: 100% | Step: 190/190
2026-05-23 02:13:29 INFO CSV Written | Epoch: 6
2026-05-23 02:13:29 INFO Best Saved | Epoch: 6 | Monitor: val_auprc | Value: 0.9418
2026-05-23 02:13:29 INFO Epoch Done | Epoch: 6 | Time: 621.9655 | Train Loss: 0.6920 | Val Accuracy: 0.8690 | Val AUPRC: 0.9418 | Val Auroc: 0.9410 | Val F1: 0.8683 | Val Loss: 0.4532
2026-05-23 02:13:29 INFO Epoch Start | Epoch: 7
2026-05-23 02:13:41 INFO Epoch Progress | Epoch: 7 | Loss: 0.7683 | LR: 7.21618e-05 | Progress: 1% | Step: 1/190
2026-05-23 02:15:12 INFO Epoch Progress | Epoch: 7 | Loss: 0.6879 | LR: 7.14344e-05 | Progress: 25% | Step: 48/190
2026-05-23 02:16:44 INFO Epoch Progress | Epoch: 7 | Loss: 0.6776 | LR: 7.06859e-05 | Progress: 51% | Step: 96/190
2026-05-23 02:18:16 INFO Epoch Progress | Epoch: 7 | Loss: 0.6769 | LR: 6.99317e-05 | Progress: 76% | Step: 144/190
2026-05-23 02:19:43 INFO Epoch Progress | Epoch: 7 | Loss: 0.6764 | LR: 6.92038e-05 | Progress: 100% | Step: 190/190
2026-05-23 02:23:41 INFO CSV Written | Epoch: 7
2026-05-23 02:23:41 INFO Epoch Done | Epoch: 7 | Time: 612.7567 | Train Loss: 0.6709 | Val Accuracy: 0.8715 | Val AUPRC: 0.9407 | Val Auroc: 0.9401 | Val F1: 0.8720 | Val Loss: 0.4570
2026-05-23 02:23:41 INFO Epoch Start | Epoch: 8
2026-05-23 02:23:54 INFO Epoch Progress | Epoch: 8 | Loss: 0.6800 | LR: 6.91879e-05 | Progress: 1% | Step: 1/190
2026-05-23 02:25:25 INFO Epoch Progress | Epoch: 8 | Loss: 0.6276 | LR: 6.84391e-05 | Progress: 25% | Step: 48/190
2026-05-23 02:26:58 INFO Epoch Progress | Epoch: 8 | Loss: 0.6490 | LR: 6.76694e-05 | Progress: 51% | Step: 96/190
2026-05-23 02:28:31 INFO Epoch Progress | Epoch: 8 | Loss: 0.6530 | LR: 6.6895e-05 | Progress: 76% | Step: 144/190
2026-05-23 02:29:57 INFO Epoch Progress | Epoch: 8 | Loss: 0.6589 | LR: 6.61484e-05 | Progress: 100% | Step: 190/190
2026-05-23 02:33:55 INFO CSV Written | Epoch: 8
2026-05-23 02:33:55 INFO Epoch Done | Epoch: 8 | Time: 613.4565 | Train Loss: 0.6567 | Val Accuracy: 0.8705 | Val AUPRC: 0.9401 | Val Auroc: 0.9406 | Val F1: 0.8732 | Val Loss: 0.4589
2026-05-23 02:33:55 INFO Epoch Start | Epoch: 9
2026-05-23 02:34:07 INFO Epoch Progress | Epoch: 9 | Loss: 0.6939 | LR: 6.61321e-05 | Progress: 1% | Step: 1/190
2026-05-23 02:35:37 INFO Epoch Progress | Epoch: 9 | Loss: 0.6311 | LR: 6.53651e-05 | Progress: 25% | Step: 48/190
2026-05-23 02:37:09 INFO Epoch Progress | Epoch: 9 | Loss: 0.6384 | LR: 6.45776e-05 | Progress: 51% | Step: 96/190
2026-05-23 02:38:41 INFO Epoch Progress | Epoch: 9 | Loss: 0.6410 | LR: 6.37861e-05 | Progress: 76% | Step: 144/190
2026-05-23 02:40:07 INFO Epoch Progress | Epoch: 9 | Loss: 0.6415 | LR: 6.30241e-05 | Progress: 100% | Step: 190/190
2026-05-23 02:44:06 INFO CSV Written | Epoch: 9
2026-05-23 02:44:06 INFO Epoch Done | Epoch: 9 | Time: 610.7291 | Train Loss: 0.6358 | Val Accuracy: 0.8680 | Val AUPRC: 0.9401 | Val Auroc: 0.9399 | Val F1: 0.8691 | Val Loss: 0.4279
2026-05-23 02:44:06 INFO Epoch Start | Epoch: 10
2026-05-23 02:44:17 INFO Epoch Progress | Epoch: 10 | Loss: 0.6581 | LR: 6.30075e-05 | Progress: 1% | Step: 1/190
2026-05-23 02:45:48 INFO Epoch Progress | Epoch: 10 | Loss: 0.6071 | LR: 6.22255e-05 | Progress: 25% | Step: 48/190
2026-05-23 02:47:20 INFO Epoch Progress | Epoch: 10 | Loss: 0.6200 | LR: 6.14236e-05 | Progress: 51% | Step: 96/190
2026-05-23 02:48:52 INFO Epoch Progress | Epoch: 10 | Loss: 0.6162 | LR: 6.06185e-05 | Progress: 76% | Step: 144/190
2026-05-23 02:50:19 INFO Epoch Progress | Epoch: 10 | Loss: 0.6174 | LR: 5.98443e-05 | Progress: 100% | Step: 190/190
2026-05-23 02:54:19 INFO CSV Written | Epoch: 10
2026-05-23 02:54:19 INFO Epoch Done | Epoch: 10 | Time: 613.2695 | Train Loss: 0.6161 | Val Accuracy: 0.8701 | Val AUPRC: 0.9410 | Val Auroc: 0.9404 | Val F1: 0.8687 | Val Loss: 0.4207
2026-05-23 02:54:19 INFO Epoch Start | Epoch: 11
2026-05-23 02:54:32 INFO Epoch Progress | Epoch: 11 | Loss: 0.5375 | LR: 5.98274e-05 | Progress: 1% | Step: 1/190
2026-05-23 02:56:02 INFO Epoch Progress | Epoch: 11 | Loss: 0.5615 | LR: 5.90337e-05 | Progress: 25% | Step: 48/190
2026-05-23 02:57:34 INFO Epoch Progress | Epoch: 11 | Loss: 0.5794 | LR: 5.82377e-05 | Progress: 51% | Step: 96/190
2026-05-23 02:59:07 INFO Epoch Progress | Epoch: 11 | Loss: 0.5871 | LR: 5.74225e-05 | Progress: 76% | Step: 144/190
2026-05-23 03:00:34 INFO Epoch Progress | Epoch: 11 | Loss: 0.5908 | LR: 5.66394e-05 | Progress: 100% | Step: 190/190
2026-05-23 03:04:32 INFO CSV Written | Epoch: 11
2026-05-23 03:04:32 INFO Epoch Done | Epoch: 11 | Time: 612.6892 | Train Loss: 0.5896 | Val Accuracy: 0.8688 | Val AUPRC: 0.9372 | Val Auroc: 0.9383 | Val F1: 0.8709 | Val Loss: 0.4061
2026-05-23 03:04:32 INFO Epoch Start | Epoch: 12
2026-05-23 03:04:45 INFO Epoch Progress | Epoch: 12 | Loss: 0.4822 | LR: 5.66224e-05 | Progress: 1% | Step: 1/190
2026-05-23 03:06:16 INFO Epoch Progress | Epoch: 12 | Loss: 0.5688 | LR: 5.58205e-05 | Progress: 25% | Step: 48/190
2026-05-23 03:07:49 INFO Epoch Progress | Epoch: 12 | Loss: 0.5653 | LR: 5.5e-05 | Progress: 51% | Step: 96/190
2026-05-23 03:09:21 INFO Epoch Progress | Epoch: 12 | Loss: 0.5726 | LR: 5.41781e-05 | Progress: 76% | Step: 144/190
2026-05-23 03:10:47 INFO Epoch Progress | Epoch: 12 | Loss: 0.5783 | LR: 5.33894e-05 | Progress: 100% | Step: 190/190
2026-05-23 03:14:46 INFO CSV Written | Epoch: 12
2026-05-23 03:14:46 INFO Epoch Done | Epoch: 12 | Time: 614.0823 | Train Loss: 0.5701 | Val Accuracy: 0.8700 | Val AUPRC: 0.9329 | Val Auroc: 0.9354 | Val F1: 0.8713 | Val Loss: 0.3964
2026-05-23 03:14:46 INFO Epoch Start | Epoch: 13
2026-05-23 03:14:59 INFO Epoch Progress | Epoch: 13 | Loss: 0.4003 | LR: 5.33722e-05 | Progress: 1% | Step: 1/190
2026-05-23 03:16:30 INFO Epoch Progress | Epoch: 13 | Loss: 0.5259 | LR: 5.25655e-05 | Progress: 25% | Step: 48/190
2026-05-23 03:18:02 INFO Epoch Progress | Epoch: 13 | Loss: 0.5332 | LR: 5.17409e-05 | Progress: 51% | Step: 96/190
2026-05-23 03:19:35 INFO Epoch Progress | Epoch: 13 | Loss: 0.5469 | LR: 5.09158e-05 | Progress: 76% | Step: 144/190
2026-05-23 03:21:02 INFO Epoch Progress | Epoch: 13 | Loss: 0.5466 | LR: 5.01249e-05 | Progress: 100% | Step: 190/190
2026-05-23 03:25:01 INFO CSV Written | Epoch: 13
2026-05-23 03:25:01 INFO Epoch Done | Epoch: 13 | Time: 615.2320 | Train Loss: 0.5391 | Val Accuracy: 0.8721 | Val AUPRC: 0.9356 | Val Auroc: 0.9375 | Val F1: 0.8725 | Val Loss: 0.3867
2026-05-23 03:25:01 INFO Epoch Start | Epoch: 14
2026-05-23 03:25:13 INFO Epoch Progress | Epoch: 14 | Loss: 0.6251 | LR: 5.01077e-05 | Progress: 1% | Step: 1/190
2026-05-23 03:26:45 INFO Epoch Progress | Epoch: 14 | Loss: 0.5249 | LR: 4.92995e-05 | Progress: 25% | Step: 48/190
2026-05-23 03:28:17 INFO Epoch Progress | Epoch: 14 | Loss: 0.5166 | LR: 4.84744e-05 | Progress: 51% | Step: 96/190
2026-05-23 03:29:49 INFO Epoch Progress | Epoch: 14 | Loss: 0.5221 | LR: 4.76496e-05 | Progress: 76% | Step: 144/190
2026-05-23 03:31:15 INFO Epoch Progress | Epoch: 14 | Loss: 0.5215 | LR: 4.68598e-05 | Progress: 100% | Step: 190/190
2026-05-23 03:35:10 INFO CSV Written | Epoch: 14
2026-05-23 03:35:10 INFO Epoch Done | Epoch: 14 | Time: 609.2483 | Train Loss: 0.5133 | Val Accuracy: 0.8724 | Val AUPRC: 0.9346 | Val Auroc: 0.9370 | Val F1: 0.8728 | Val Loss: 0.3820
2026-05-23 03:35:10 INFO Epoch Start | Epoch: 15
2026-05-23 03:35:23 INFO Epoch Progress | Epoch: 15 | Loss: 0.4659 | LR: 4.68427e-05 | Progress: 1% | Step: 1/190
2026-05-23 03:36:54 INFO Epoch Progress | Epoch: 15 | Loss: 0.4826 | LR: 4.60365e-05 | Progress: 25% | Step: 48/190
2026-05-23 03:38:26 INFO Epoch Progress | Epoch: 15 | Loss: 0.4939 | LR: 4.52144e-05 | Progress: 51% | Step: 96/190
2026-05-23 03:39:58 INFO Epoch Progress | Epoch: 15 | Loss: 0.4953 | LR: 4.43935e-05 | Progress: 76% | Step: 144/190
2026-05-23 03:41:24 INFO Epoch Progress | Epoch: 15 | Loss: 0.4993 | LR: 4.36082e-05 | Progress: 100% | Step: 190/190
2026-05-23 03:45:19 INFO CSV Written | Epoch: 15
2026-05-23 03:45:19 INFO Epoch Done | Epoch: 15 | Time: 608.8698 | Train Loss: 0.4934 | Val Accuracy: 0.8714 | Val AUPRC: 0.9305 | Val Auroc: 0.9345 | Val F1: 0.8736 | Val Loss: 0.3834
2026-05-23 03:45:19 INFO Epoch Start | Epoch: 16
2026-05-23 03:45:32 INFO Epoch Progress | Epoch: 16 | Loss: 0.3964 | LR: 4.35911e-05 | Progress: 1% | Step: 1/190
2026-05-23 03:47:03 INFO Epoch Progress | Epoch: 16 | Loss: 0.4682 | LR: 4.27905e-05 | Progress: 25% | Step: 48/190
2026-05-23 03:48:35 INFO Epoch Progress | Epoch: 16 | Loss: 0.4606 | LR: 4.19748e-05 | Progress: 51% | Step: 96/190
2026-05-23 03:50:07 INFO Epoch Progress | Epoch: 16 | Loss: 0.4670 | LR: 4.11612e-05 | Progress: 76% | Step: 144/190
2026-05-23 03:51:34 INFO Epoch Progress | Epoch: 16 | Loss: 0.4738 | LR: 4.03838e-05 | Progress: 100% | Step: 190/190
2026-05-23 03:55:31 INFO CSV Written | Epoch: 16
2026-05-23 03:55:31 INFO Epoch Done | Epoch: 16 | Time: 611.5952 | Train Loss: 0.4671 | Val Accuracy: 0.8721 | Val AUPRC: 0.9291 | Val Auroc: 0.9330 | Val F1: 0.8730 | Val Loss: 0.3813
2026-05-23 03:55:31 INFO Early Stop | Epoch: 16
2026-05-23 03:55:31 INFO Stage Done | Run Id: pair_context_gated_abba_block_sn_d256_s13
2026-05-23 03:55:31 INFO Stage Start | Checkpoint: models/v3.1/train/pair_context_gated_abba_block_sn_d256_s13/best_model.pth | Run Id: pair_context_gated_abba_block_sn_d256_s13
2026-05-23 03:55:31 INFO Checkpoint Loaded | Path: models/v3.1/train/pair_context_gated_abba_block_sn_d256_s13/best_model.pth
2026-05-23 03:55:31 INFO Decision Threshold | Mode: fixed | Value: 0.5000
2026-05-23 04:03:59 INFO Evaluation Metrics | Accuracy: 0.6301 | AUPRC: 0.7228 | Auroc: 0.6923 | F1: 0.5994 | Mcc: 0.2635 | Precision: 0.6540 | Recall: 0.5532 | Sensitivity: 0.5532 | Specificity: 0.7071 | Split: test
2026-05-23 04:03:59 INFO CSV Written | Path: logs/v3.1/evaluate/pair_context_gated_abba_block_sn_d256_s13/evaluate.csv
2026-05-23 04:03:59 INFO Stage Done | Run Id: pair_context_gated_abba_block_sn_d256_s13

*****************************************
Setting OMP_NUM_THREADS environment variable for each process to be 1 in default, to avoid your system being overloaded, please further tune the variable for optimal performance in your application as needed. 
*****************************************
INFO:src.pipeline.__main__:Loaded config: configs/v3-1/0523/pair_context_gated_abba_block_sn_d256_s47.yaml
WARNING:accelerate.utils.other:[RANK 0] Detected kernel version 3.10.0, which is below the recommended minimum of 5.5.0; this can cause the process to hang. It is recommended to upgrade the kernel to the minimum version or higher.
WARNING:py.warnings:/public/home/wangar2023/grand/.venv/lib/python3.11/site-packages/torch/distributed/c10d_logger.py:83: UserWarning: barrier(): using the device under current context. You can specify `device_id` in `init_process_group` to mute this warning.
  return func(*args, **kwargs)

2026-05-23 04:06:11 INFO Pipeline Runtime | Device: cuda:0 | Distributed: True | Test Batches: 1691 | Train Batches: 812 | Valid Batches: 762 | World Size: 4
2026-05-23 04:06:11 INFO Stage Start | Run Id: pair_context_gated_abba_block_sn_d256_s47
2026-05-23 04:06:14 INFO Train Config | Epochs: 50 | Monitor: auprc | Patience: 10
2026-05-23 04:06:14 INFO Epoch Start | Epoch: 1
2026-05-23 04:06:20 INFO Epoch Progress | Epoch: 1 | Loss: 0.7520 | LR: 4e-06 | Progress: 0% | Step: 1/812
2026-05-23 04:08:10 INFO Epoch Progress | Epoch: 1 | Loss: 0.7074 | LR: 1.30844e-05 | Progress: 25% | Step: 203/812
2026-05-23 04:10:00 INFO Epoch Progress | Epoch: 1 | Loss: 0.6671 | LR: 3.67579e-05 | Progress: 50% | Step: 406/812
2026-05-23 04:11:50 INFO Epoch Progress | Epoch: 1 | Loss: 0.6323 | LR: 6.64294e-05 | Progress: 75% | Step: 609/812
2026-05-23 04:13:38 INFO Epoch Progress | Epoch: 1 | Loss: 0.6034 | LR: 9.05868e-05 | Progress: 100% | Step: 812/812
2026-05-23 04:17:30 INFO CSV Written | Epoch: 1
WARNING:py.warnings:/public/home/wangar2023/grand/.venv/lib/python3.11/site-packages/deepspeed/runtime/zero/linear.py:47: FutureWarning: `torch.cuda.amp.custom_fwd(args...)` is deprecated. Please use `torch.amp.custom_fwd(args..., device_type='cuda')` instead.
  @autocast_custom_fwd

WARNING:py.warnings:/public/home/wangar2023/grand/.venv/lib/python3.11/site-packages/deepspeed/runtime/zero/linear.py:66: FutureWarning: `torch.cuda.amp.custom_bwd(args...)` is deprecated. Please use `torch.amp.custom_bwd(args..., device_type='cuda')` instead.
  @autocast_custom_bwd

2026-05-23 04:17:35 INFO Best Saved | Epoch: 1 | Monitor: val_auprc | Value: 0.8632
2026-05-23 04:17:35 INFO Epoch Done | Epoch: 1 | Time: 676.0777 | Train Loss: 0.6006 | Val Accuracy: 0.7794 | Val AUPRC: 0.8632 | Val Auroc: 0.8625 | Val F1: 0.7690 | Val Loss: 0.4958
2026-05-23 04:17:35 INFO Epoch Start | Epoch: 2
2026-05-23 04:17:37 INFO Epoch Progress | Epoch: 2 | Loss: 0.4807 | LR: 9.0675e-05 | Progress: 0% | Step: 1/812
2026-05-23 04:19:27 INFO Epoch Progress | Epoch: 2 | Loss: 0.4922 | LR: 9.99983e-05 | Progress: 25% | Step: 203/812
2026-05-23 04:21:17 INFO Epoch Progress | Epoch: 2 | Loss: 0.4890 | LR: 9.98815e-05 | Progress: 50% | Step: 406/812
2026-05-23 04:23:09 INFO Epoch Progress | Epoch: 2 | Loss: 0.4799 | LR: 9.952e-05 | Progress: 75% | Step: 609/812
2026-05-23 04:24:59 INFO Epoch Progress | Epoch: 2 | Loss: 0.4728 | LR: 9.89172e-05 | Progress: 100% | Step: 812/812
2026-05-23 04:28:52 INFO CSV Written | Epoch: 2
2026-05-23 04:28:52 INFO Best Saved | Epoch: 2 | Monitor: val_auprc | Value: 0.8992
2026-05-23 04:28:52 INFO Epoch Done | Epoch: 2 | Time: 677.5829 | Train Loss: 0.4723 | Val Accuracy: 0.8103 | Val AUPRC: 0.8992 | Val Auroc: 0.8969 | Val F1: 0.8027 | Val Loss: 0.4563
2026-05-23 04:28:52 INFO Epoch Start | Epoch: 3
2026-05-23 04:28:55 INFO Epoch Progress | Epoch: 3 | Loss: 0.3623 | LR: 9.89136e-05 | Progress: 0% | Step: 1/812
2026-05-23 04:30:45 INFO Epoch Progress | Epoch: 3 | Loss: 0.4415 | LR: 9.80761e-05 | Progress: 25% | Step: 203/812
2026-05-23 04:32:35 INFO Epoch Progress | Epoch: 3 | Loss: 0.4357 | LR: 9.70008e-05 | Progress: 50% | Step: 406/812
2026-05-23 04:34:25 INFO Epoch Progress | Epoch: 3 | Loss: 0.4288 | LR: 9.56965e-05 | Progress: 75% | Step: 609/812
2026-05-23 04:36:14 INFO Epoch Progress | Epoch: 3 | Loss: 0.4255 | LR: 9.41776e-05 | Progress: 100% | Step: 812/812
2026-05-23 04:40:08 INFO CSV Written | Epoch: 3
2026-05-23 04:40:08 INFO Best Saved | Epoch: 3 | Monitor: val_auprc | Value: 0.9152
2026-05-23 04:40:08 INFO Epoch Done | Epoch: 3 | Time: 675.8709 | Train Loss: 0.4238 | Val Accuracy: 0.8310 | Val AUPRC: 0.9152 | Val Auroc: 0.9133 | Val F1: 0.8275 | Val Loss: 0.4189
2026-05-23 04:40:08 INFO Epoch Start | Epoch: 4
2026-05-23 04:40:11 INFO Epoch Progress | Epoch: 4 | Loss: 0.4079 | LR: 9.41696e-05 | Progress: 0% | Step: 1/812
2026-05-23 04:42:00 INFO Epoch Progress | Epoch: 4 | Loss: 0.3930 | LR: 9.24366e-05 | Progress: 25% | Step: 203/812
2026-05-23 04:43:50 INFO Epoch Progress | Epoch: 4 | Loss: 0.3896 | LR: 9.04888e-05 | Progress: 50% | Step: 406/812
2026-05-23 04:45:39 INFO Epoch Progress | Epoch: 4 | Loss: 0.3935 | LR: 8.83437e-05 | Progress: 75% | Step: 609/812
2026-05-23 04:47:28 INFO Epoch Progress | Epoch: 4 | Loss: 0.3914 | LR: 8.60118e-05 | Progress: 100% | Step: 812/812
2026-05-23 04:51:23 INFO CSV Written | Epoch: 4
2026-05-23 04:51:23 INFO Best Saved | Epoch: 4 | Monitor: val_auprc | Value: 0.9258
2026-05-23 04:51:23 INFO Epoch Done | Epoch: 4 | Time: 675.0658 | Train Loss: 0.3895 | Val Accuracy: 0.8428 | Val AUPRC: 0.9258 | Val Auroc: 0.9253 | Val F1: 0.8395 | Val Loss: 0.3960
2026-05-23 04:51:23 INFO Epoch Start | Epoch: 5
2026-05-23 04:51:26 INFO Epoch Progress | Epoch: 5 | Loss: 0.3010 | LR: 8.59999e-05 | Progress: 0% | Step: 1/812
2026-05-23 04:53:15 INFO Epoch Progress | Epoch: 5 | Loss: 0.3607 | LR: 8.35045e-05 | Progress: 25% | Step: 203/812
2026-05-23 04:55:06 INFO Epoch Progress | Epoch: 5 | Loss: 0.3608 | LR: 8.08339e-05 | Progress: 50% | Step: 406/812
2026-05-23 04:56:56 INFO Epoch Progress | Epoch: 5 | Loss: 0.3615 | LR: 7.80132e-05 | Progress: 75% | Step: 609/812
2026-05-23 04:58:46 INFO Epoch Progress | Epoch: 5 | Loss: 0.3620 | LR: 7.50559e-05 | Progress: 100% | Step: 812/812
2026-05-23 05:02:37 INFO CSV Written | Epoch: 5
2026-05-23 05:02:37 INFO Best Saved | Epoch: 5 | Monitor: val_auprc | Value: 0.9337
2026-05-23 05:02:37 INFO Epoch Done | Epoch: 5 | Time: 673.1285 | Train Loss: 0.3598 | Val Accuracy: 0.8575 | Val AUPRC: 0.9337 | Val Auroc: 0.9331 | Val F1: 0.8578 | Val Loss: 0.3867
2026-05-23 05:02:37 INFO Epoch Start | Epoch: 6
2026-05-23 05:02:56 INFO Epoch Progress | Epoch: 6 | Loss: 0.7153 | LR: 7.5041e-05 | Progress: 1% | Step: 1/190
2026-05-23 05:04:29 INFO Epoch Progress | Epoch: 6 | Loss: 0.7093 | LR: 7.43383e-05 | Progress: 25% | Step: 48/190
2026-05-23 05:06:02 INFO Epoch Progress | Epoch: 6 | Loss: 0.6977 | LR: 7.3614e-05 | Progress: 51% | Step: 96/190
2026-05-23 05:07:35 INFO Epoch Progress | Epoch: 6 | Loss: 0.6913 | LR: 7.28833e-05 | Progress: 76% | Step: 144/190
2026-05-23 05:09:01 INFO Epoch Progress | Epoch: 6 | Loss: 0.6896 | LR: 7.21772e-05 | Progress: 100% | Step: 190/190
2026-05-23 05:12:57 INFO CSV Written | Epoch: 6
2026-05-23 05:12:57 INFO Epoch Done | Epoch: 6 | Time: 620.4952 | Train Loss: 0.6869 | Val Accuracy: 0.8590 | Val AUPRC: 0.9327 | Val Auroc: 0.9325 | Val F1: 0.8597 | Val Loss: 0.4852
2026-05-23 05:12:57 INFO Epoch Start | Epoch: 7
2026-05-23 05:13:09 INFO Epoch Progress | Epoch: 7 | Loss: 0.6449 | LR: 7.21618e-05 | Progress: 1% | Step: 1/190
2026-05-23 05:14:41 INFO Epoch Progress | Epoch: 7 | Loss: 0.6706 | LR: 7.14344e-05 | Progress: 25% | Step: 48/190
2026-05-23 05:16:13 INFO Epoch Progress | Epoch: 7 | Loss: 0.6718 | LR: 7.06859e-05 | Progress: 51% | Step: 96/190
2026-05-23 05:17:46 INFO Epoch Progress | Epoch: 7 | Loss: 0.6703 | LR: 6.99317e-05 | Progress: 76% | Step: 144/190
2026-05-23 05:19:13 INFO Epoch Progress | Epoch: 7 | Loss: 0.6695 | LR: 6.92038e-05 | Progress: 100% | Step: 190/190
2026-05-23 05:23:11 INFO CSV Written | Epoch: 7
2026-05-23 05:23:11 INFO Epoch Done | Epoch: 7 | Time: 614.0343 | Train Loss: 0.6674 | Val Accuracy: 0.8578 | Val AUPRC: 0.9309 | Val Auroc: 0.9326 | Val F1: 0.8581 | Val Loss: 0.4614
2026-05-23 05:23:11 INFO Epoch Start | Epoch: 8
2026-05-23 05:23:22 INFO Epoch Progress | Epoch: 8 | Loss: 0.6520 | LR: 6.91879e-05 | Progress: 1% | Step: 1/190
2026-05-23 05:24:53 INFO Epoch Progress | Epoch: 8 | Loss: 0.6451 | LR: 6.84391e-05 | Progress: 25% | Step: 48/190
2026-05-23 05:26:25 INFO Epoch Progress | Epoch: 8 | Loss: 0.6506 | LR: 6.76694e-05 | Progress: 51% | Step: 96/190
2026-05-23 05:27:58 INFO Epoch Progress | Epoch: 8 | Loss: 0.6521 | LR: 6.6895e-05 | Progress: 76% | Step: 144/190
2026-05-23 05:29:25 INFO Epoch Progress | Epoch: 8 | Loss: 0.6562 | LR: 6.61484e-05 | Progress: 100% | Step: 190/190
2026-05-23 05:33:21 INFO CSV Written | Epoch: 8
2026-05-23 05:33:21 INFO Best Saved | Epoch: 8 | Monitor: val_auprc | Value: 0.9339
2026-05-23 05:33:21 INFO Epoch Done | Epoch: 8 | Time: 609.3321 | Train Loss: 0.6510 | Val Accuracy: 0.8600 | Val AUPRC: 0.9339 | Val Auroc: 0.9339 | Val F1: 0.8641 | Val Loss: 0.4541
2026-05-23 05:33:21 INFO Epoch Start | Epoch: 9
2026-05-23 05:33:34 INFO Epoch Progress | Epoch: 9 | Loss: 0.6058 | LR: 6.61321e-05 | Progress: 1% | Step: 1/190
2026-05-23 05:35:04 INFO Epoch Progress | Epoch: 9 | Loss: 0.6337 | LR: 6.53651e-05 | Progress: 25% | Step: 48/190
2026-05-23 05:36:36 INFO Epoch Progress | Epoch: 9 | Loss: 0.6423 | LR: 6.45776e-05 | Progress: 51% | Step: 96/190
2026-05-23 05:38:08 INFO Epoch Progress | Epoch: 9 | Loss: 0.6412 | LR: 6.38027e-05 | Progress: 76% | Step: 144/190
2026-05-23 05:39:34 INFO Epoch Progress | Epoch: 9 | Loss: 0.6394 | LR: 6.30407e-05 | Progress: 100% | Step: 190/190
2026-05-23 05:43:36 INFO CSV Written | Epoch: 9
2026-05-23 05:43:36 INFO Epoch Done | Epoch: 9 | Time: 615.1303 | Train Loss: 0.6348 | Val Accuracy: 0.8520 | Val AUPRC: 0.9252 | Val Auroc: 0.9260 | Val F1: 0.8517 | Val Loss: 0.4563
2026-05-23 05:43:36 INFO Epoch Start | Epoch: 10
2026-05-23 05:43:48 INFO Epoch Progress | Epoch: 10 | Loss: 0.6133 | LR: 6.30241e-05 | Progress: 1% | Step: 1/190
2026-05-23 05:45:19 INFO Epoch Progress | Epoch: 10 | Loss: 0.6116 | LR: 6.22422e-05 | Progress: 25% | Step: 48/190
2026-05-23 05:46:51 INFO Epoch Progress | Epoch: 10 | Loss: 0.6175 | LR: 6.14403e-05 | Progress: 51% | Step: 96/190
2026-05-23 05:48:22 INFO Epoch Progress | Epoch: 10 | Loss: 0.6131 | LR: 6.06353e-05 | Progress: 76% | Step: 144/190
2026-05-23 05:49:48 INFO Epoch Progress | Epoch: 10 | Loss: 0.6163 | LR: 5.98611e-05 | Progress: 100% | Step: 190/190
2026-05-23 05:53:49 INFO CSV Written | Epoch: 10
2026-05-23 05:53:49 INFO Epoch Done | Epoch: 10 | Time: 613.0282 | Train Loss: 0.6108 | Val Accuracy: 0.8585 | Val AUPRC: 0.9279 | Val Auroc: 0.9302 | Val F1: 0.8613 | Val Loss: 0.4242
2026-05-23 05:53:49 INFO Epoch Start | Epoch: 11
2026-05-23 05:54:00 INFO Epoch Progress | Epoch: 11 | Loss: 0.5360 | LR: 5.98443e-05 | Progress: 1% | Step: 1/190
2026-05-23 05:55:31 INFO Epoch Progress | Epoch: 11 | Loss: 0.5641 | LR: 5.90506e-05 | Progress: 25% | Step: 48/190
2026-05-23 05:57:03 INFO Epoch Progress | Epoch: 11 | Loss: 0.5828 | LR: 5.82377e-05 | Progress: 51% | Step: 96/190
2026-05-23 05:58:36 INFO Epoch Progress | Epoch: 11 | Loss: 0.5889 | LR: 5.74225e-05 | Progress: 76% | Step: 144/190
2026-05-23 06:00:02 INFO Epoch Progress | Epoch: 11 | Loss: 0.5942 | LR: 5.66394e-05 | Progress: 100% | Step: 190/190
2026-05-23 06:03:59 INFO CSV Written | Epoch: 11
2026-05-23 06:03:59 INFO Epoch Done | Epoch: 11 | Time: 609.6976 | Train Loss: 0.5909 | Val Accuracy: 0.8544 | Val AUPRC: 0.9242 | Val Auroc: 0.9273 | Val F1: 0.8528 | Val Loss: 0.4218
2026-05-23 06:03:59 INFO Epoch Start | Epoch: 12
2026-05-23 06:04:11 INFO Epoch Progress | Epoch: 12 | Loss: 0.4824 | LR: 5.66224e-05 | Progress: 1% | Step: 1/190
2026-05-23 06:05:41 INFO Epoch Progress | Epoch: 12 | Loss: 0.5629 | LR: 5.58205e-05 | Progress: 25% | Step: 48/190
2026-05-23 06:07:13 INFO Epoch Progress | Epoch: 12 | Loss: 0.5714 | LR: 5.5e-05 | Progress: 51% | Step: 96/190
2026-05-23 06:08:46 INFO Epoch Progress | Epoch: 12 | Loss: 0.5727 | LR: 5.41781e-05 | Progress: 76% | Step: 144/190
2026-05-23 06:10:12 INFO Epoch Progress | Epoch: 12 | Loss: 0.5722 | LR: 5.33894e-05 | Progress: 100% | Step: 190/190
2026-05-23 06:14:07 INFO CSV Written | Epoch: 12
2026-05-23 06:14:07 INFO Epoch Done | Epoch: 12 | Time: 608.4601 | Train Loss: 0.5647 | Val Accuracy: 0.8420 | Val AUPRC: 0.9054 | Val Auroc: 0.9168 | Val F1: 0.8513 | Val Loss: 0.4286
2026-05-23 06:14:07 INFO Epoch Start | Epoch: 13
2026-05-23 06:14:18 INFO Epoch Progress | Epoch: 13 | Loss: 0.5219 | LR: 5.33722e-05 | Progress: 1% | Step: 1/190
2026-05-23 06:15:49 INFO Epoch Progress | Epoch: 13 | Loss: 0.5353 | LR: 5.25655e-05 | Progress: 25% | Step: 48/190
2026-05-23 06:17:22 INFO Epoch Progress | Epoch: 13 | Loss: 0.5409 | LR: 5.17581e-05 | Progress: 51% | Step: 96/190
2026-05-23 06:18:53 INFO Epoch Progress | Epoch: 13 | Loss: 0.5390 | LR: 5.0933e-05 | Progress: 76% | Step: 144/190
2026-05-23 06:20:19 INFO Epoch Progress | Epoch: 13 | Loss: 0.5486 | LR: 5.01421e-05 | Progress: 100% | Step: 190/190
2026-05-23 06:24:17 INFO CSV Written | Epoch: 13
2026-05-23 06:24:17 INFO Epoch Done | Epoch: 13 | Time: 609.6992 | Train Loss: 0.5388 | Val Accuracy: 0.8591 | Val AUPRC: 0.9298 | Val Auroc: 0.9301 | Val F1: 0.8605 | Val Loss: 0.3998
2026-05-23 06:24:17 INFO Epoch Start | Epoch: 14
2026-05-23 06:24:30 INFO Epoch Progress | Epoch: 14 | Loss: 0.5145 | LR: 5.01249e-05 | Progress: 1% | Step: 1/190
2026-05-23 06:26:01 INFO Epoch Progress | Epoch: 14 | Loss: 0.5033 | LR: 4.93167e-05 | Progress: 25% | Step: 48/190
2026-05-23 06:27:34 INFO Epoch Progress | Epoch: 14 | Loss: 0.5116 | LR: 4.84915e-05 | Progress: 51% | Step: 96/190
2026-05-23 06:29:05 INFO Epoch Progress | Epoch: 14 | Loss: 0.5109 | LR: 4.76668e-05 | Progress: 76% | Step: 144/190
2026-05-23 06:30:32 INFO Epoch Progress | Epoch: 14 | Loss: 0.5137 | LR: 4.6877e-05 | Progress: 100% | Step: 190/190
2026-05-23 06:34:29 INFO CSV Written | Epoch: 14
2026-05-23 06:34:29 INFO Epoch Done | Epoch: 14 | Time: 611.9901 | Train Loss: 0.5124 | Val Accuracy: 0.8561 | Val AUPRC: 0.9277 | Val Auroc: 0.9277 | Val F1: 0.8534 | Val Loss: 0.4013
2026-05-23 06:34:29 INFO Epoch Start | Epoch: 15
2026-05-23 06:34:40 INFO Epoch Progress | Epoch: 15 | Loss: 0.5742 | LR: 4.68598e-05 | Progress: 1% | Step: 1/190
2026-05-23 06:36:11 INFO Epoch Progress | Epoch: 15 | Loss: 0.4674 | LR: 4.60537e-05 | Progress: 25% | Step: 48/190
2026-05-23 06:37:42 INFO Epoch Progress | Epoch: 15 | Loss: 0.4628 | LR: 4.52315e-05 | Progress: 51% | Step: 96/190
2026-05-23 06:39:15 INFO Epoch Progress | Epoch: 15 | Loss: 0.4824 | LR: 4.44105e-05 | Progress: 76% | Step: 144/190
2026-05-23 06:40:40 INFO Epoch Progress | Epoch: 15 | Loss: 0.4897 | LR: 4.36252e-05 | Progress: 100% | Step: 190/190
2026-05-23 06:44:36 INFO CSV Written | Epoch: 15
2026-05-23 06:44:36 INFO Epoch Done | Epoch: 15 | Time: 607.1874 | Train Loss: 0.4889 | Val Accuracy: 0.8560 | Val AUPRC: 0.9232 | Val Auroc: 0.9266 | Val F1: 0.8572 | Val Loss: 0.4013
2026-05-23 06:44:36 INFO Epoch Start | Epoch: 16
2026-05-23 06:44:49 INFO Epoch Progress | Epoch: 16 | Loss: 0.4433 | LR: 4.36082e-05 | Progress: 1% | Step: 1/190
2026-05-23 06:46:19 INFO Epoch Progress | Epoch: 16 | Loss: 0.4687 | LR: 4.28075e-05 | Progress: 25% | Step: 48/190
2026-05-23 06:47:51 INFO Epoch Progress | Epoch: 16 | Loss: 0.4750 | LR: 4.19917e-05 | Progress: 51% | Step: 96/190
2026-05-23 06:49:23 INFO Epoch Progress | Epoch: 16 | Loss: 0.4701 | LR: 4.11782e-05 | Progress: 76% | Step: 144/190
2026-05-23 06:50:49 INFO Epoch Progress | Epoch: 16 | Loss: 0.4792 | LR: 4.04007e-05 | Progress: 100% | Step: 190/190
2026-05-23 06:54:46 INFO CSV Written | Epoch: 16
2026-05-23 06:54:46 INFO Epoch Done | Epoch: 16 | Time: 609.7830 | Train Loss: 0.4734 | Val Accuracy: 0.8583 | Val AUPRC: 0.9228 | Val Auroc: 0.9264 | Val F1: 0.8584 | Val Loss: 0.4001
2026-05-23 06:54:46 INFO Epoch Start | Epoch: 17
2026-05-23 06:54:57 INFO Epoch Progress | Epoch: 17 | Loss: 0.3476 | LR: 4.03838e-05 | Progress: 1% | Step: 1/190
2026-05-23 06:56:28 INFO Epoch Progress | Epoch: 17 | Loss: 0.4066 | LR: 3.9592e-05 | Progress: 25% | Step: 48/190
2026-05-23 06:58:00 INFO Epoch Progress | Epoch: 17 | Loss: 0.4486 | LR: 3.87862e-05 | Progress: 51% | Step: 96/190
2026-05-23 06:59:32 INFO Epoch Progress | Epoch: 17 | Loss: 0.4533 | LR: 3.79834e-05 | Progress: 76% | Step: 144/190
2026-05-23 07:00:58 INFO Epoch Progress | Epoch: 17 | Loss: 0.4576 | LR: 3.72172e-05 | Progress: 100% | Step: 190/190
2026-05-23 07:04:53 INFO CSV Written | Epoch: 17
2026-05-23 07:04:53 INFO Epoch Done | Epoch: 17 | Time: 607.6676 | Train Loss: 0.4522 | Val Accuracy: 0.8548 | Val AUPRC: 0.9163 | Val Auroc: 0.9222 | Val F1: 0.8567 | Val Loss: 0.4077
2026-05-23 07:04:53 INFO Epoch Start | Epoch: 18
2026-05-23 07:05:05 INFO Epoch Progress | Epoch: 18 | Loss: 0.4666 | LR: 3.72005e-05 | Progress: 1% | Step: 1/190
2026-05-23 07:06:36 INFO Epoch Progress | Epoch: 18 | Loss: 0.4233 | LR: 3.6421e-05 | Progress: 25% | Step: 48/190
2026-05-23 07:08:08 INFO Epoch Progress | Epoch: 18 | Loss: 0.4263 | LR: 3.56285e-05 | Progress: 51% | Step: 96/190
2026-05-23 07:09:39 INFO Epoch Progress | Epoch: 18 | Loss: 0.4301 | LR: 3.484e-05 | Progress: 76% | Step: 144/190
2026-05-23 07:11:05 INFO Epoch Progress | Epoch: 18 | Loss: 0.4325 | LR: 3.40882e-05 | Progress: 100% | Step: 190/190
2026-05-23 07:15:01 INFO CSV Written | Epoch: 18
2026-05-23 07:15:01 INFO Epoch Done | Epoch: 18 | Time: 607.6355 | Train Loss: 0.4315 | Val Accuracy: 0.8544 | Val AUPRC: 0.9113 | Val Auroc: 0.9187 | Val F1: 0.8550 | Val Loss: 0.4154
2026-05-23 07:15:01 INFO Early Stop | Epoch: 18
2026-05-23 07:15:01 INFO Stage Done | Run Id: pair_context_gated_abba_block_sn_d256_s47
2026-05-23 07:15:01 INFO Stage Start | Checkpoint: models/v3.1/train/pair_context_gated_abba_block_sn_d256_s47/best_model.pth | Run Id: pair_context_gated_abba_block_sn_d256_s47
2026-05-23 07:15:01 INFO Checkpoint Loaded | Path: models/v3.1/train/pair_context_gated_abba_block_sn_d256_s47/best_model.pth
2026-05-23 07:15:01 INFO Decision Threshold | Mode: fixed | Value: 0.5000
2026-05-23 07:23:25 INFO Evaluation Metrics | Accuracy: 0.6313 | AUPRC: 0.7186 | Auroc: 0.6891 | F1: 0.6217 | Mcc: 0.2629 | Precision: 0.6385 | Recall: 0.6057 | Sensitivity: 0.6057 | Specificity: 0.6569 | Split: test
2026-05-23 07:23:25 INFO CSV Written | Path: logs/v3.1/evaluate/pair_context_gated_abba_block_sn_d256_s47/evaluate.csv
2026-05-23 07:23:25 INFO Stage Done | Run Id: pair_context_gated_abba_block_sn_d256_s47

*****************************************
Setting OMP_NUM_THREADS environment variable for each process to be 1 in default, to avoid your system being overloaded, please further tune the variable for optimal performance in your application as needed. 
*****************************************
INFO:src.pipeline.__main__:Loaded config: configs/v3-1/0523/pair_context_gated_abba_block_sn_d512_s47.yaml
WARNING:accelerate.utils.other:[RANK 0] Detected kernel version 3.10.0, which is below the recommended minimum of 5.5.0; this can cause the process to hang. It is recommended to upgrade the kernel to the minimum version or higher.
WARNING:py.warnings:/public/home/wangar2023/grand/.venv/lib/python3.11/site-packages/torch/distributed/c10d_logger.py:83: UserWarning: barrier(): using the device under current context. You can specify `device_id` in `init_process_group` to mute this warning.
  return func(*args, **kwargs)

2026-05-23 07:24:28 INFO Pipeline Runtime | Device: cuda:0 | Distributed: True | Test Batches: 1691 | Train Batches: 812 | Valid Batches: 762 | World Size: 4
2026-05-23 07:24:28 INFO Stage Start | Run Id: pair_context_gated_abba_block_sn_d512_s47
2026-05-23 07:24:31 INFO Train Config | Epochs: 50 | Monitor: auprc | Patience: 10
2026-05-23 07:24:31 INFO Epoch Start | Epoch: 1
2026-05-23 07:24:36 INFO Epoch Progress | Epoch: 1 | Loss: 0.6621 | LR: 4e-06 | Progress: 0% | Step: 1/812
2026-05-23 07:26:52 INFO Epoch Progress | Epoch: 1 | Loss: 0.6638 | LR: 1.29976e-05 | Progress: 25% | Step: 203/812
2026-05-23 07:29:11 INFO Epoch Progress | Epoch: 1 | Loss: 0.6218 | LR: 3.68989e-05 | Progress: 50% | Step: 406/812
2026-05-23 07:31:29 INFO Epoch Progress | Epoch: 1 | Loss: 0.5898 | LR: 6.65711e-05 | Progress: 75% | Step: 609/812
2026-05-23 07:33:47 INFO Epoch Progress | Epoch: 1 | Loss: 0.5649 | LR: 9.0675e-05 | Progress: 100% | Step: 812/812
2026-05-23 07:37:50 INFO CSV Written | Epoch: 1
WARNING:py.warnings:/public/home/wangar2023/grand/.venv/lib/python3.11/site-packages/deepspeed/runtime/zero/linear.py:47: FutureWarning: `torch.cuda.amp.custom_fwd(args...)` is deprecated. Please use `torch.amp.custom_fwd(args..., device_type='cuda')` instead.
  @autocast_custom_fwd

WARNING:py.warnings:/public/home/wangar2023/grand/.venv/lib/python3.11/site-packages/deepspeed/runtime/zero/linear.py:66: FutureWarning: `torch.cuda.amp.custom_bwd(args...)` is deprecated. Please use `torch.amp.custom_bwd(args..., device_type='cuda')` instead.
  @autocast_custom_bwd

2026-05-23 07:37:54 INFO Best Saved | Epoch: 1 | Monitor: val_auprc | Value: 0.8799
2026-05-23 07:37:54 INFO Epoch Done | Epoch: 1 | Time: 799.5682 | Train Loss: 0.5650 | Val Accuracy: 0.7895 | Val AUPRC: 0.8799 | Val Auroc: 0.8760 | Val F1: 0.7835 | Val Loss: 0.4774
2026-05-23 07:37:54 INFO Epoch Start | Epoch: 2
2026-05-23 07:37:57 INFO Epoch Progress | Epoch: 2 | Loss: 0.4336 | LR: 9.07628e-05 | Progress: 0% | Step: 1/812
2026-05-23 07:40:13 INFO Epoch Progress | Epoch: 2 | Loss: 0.4713 | LR: 9.99993e-05 | Progress: 25% | Step: 203/812
2026-05-23 07:42:30 INFO Epoch Progress | Epoch: 2 | Loss: 0.4674 | LR: 9.98803e-05 | Progress: 50% | Step: 406/812
2026-05-23 07:44:48 INFO Epoch Progress | Epoch: 2 | Loss: 0.4553 | LR: 9.95176e-05 | Progress: 75% | Step: 609/812
2026-05-23 07:47:05 INFO Epoch Progress | Epoch: 2 | Loss: 0.4458 | LR: 9.89136e-05 | Progress: 100% | Step: 812/812
2026-05-23 07:51:10 INFO CSV Written | Epoch: 2
2026-05-23 07:51:10 INFO Best Saved | Epoch: 2 | Monitor: val_auprc | Value: 0.9167
2026-05-23 07:51:10 INFO Epoch Done | Epoch: 2 | Time: 796.0545 | Train Loss: 0.4453 | Val Accuracy: 0.8319 | Val AUPRC: 0.9167 | Val Auroc: 0.9136 | Val F1: 0.8341 | Val Loss: 0.4165
2026-05-23 07:51:10 INFO Epoch Start | Epoch: 3
2026-05-23 07:51:13 INFO Epoch Progress | Epoch: 3 | Loss: 0.3535 | LR: 9.89101e-05 | Progress: 0% | Step: 1/812
2026-05-23 07:53:30 INFO Epoch Progress | Epoch: 3 | Loss: 0.4052 | LR: 9.80714e-05 | Progress: 25% | Step: 203/812
2026-05-23 07:55:48 INFO Epoch Progress | Epoch: 3 | Loss: 0.4014 | LR: 9.69949e-05 | Progress: 50% | Step: 406/812
2026-05-23 07:58:05 INFO Epoch Progress | Epoch: 3 | Loss: 0.3954 | LR: 9.56965e-05 | Progress: 75% | Step: 609/812
2026-05-23 08:00:23 INFO Epoch Progress | Epoch: 3 | Loss: 0.3925 | LR: 9.41696e-05 | Progress: 100% | Step: 812/812
2026-05-23 08:04:27 INFO CSV Written | Epoch: 3
2026-05-23 08:04:27 INFO Best Saved | Epoch: 3 | Monitor: val_auprc | Value: 0.9284
2026-05-23 08:04:27 INFO Epoch Done | Epoch: 3 | Time: 796.8739 | Train Loss: 0.3921 | Val Accuracy: 0.8480 | Val AUPRC: 0.9284 | Val Auroc: 0.9265 | Val F1: 0.8480 | Val Loss: 0.3918
2026-05-23 08:04:27 INFO Epoch Start | Epoch: 4
2026-05-23 08:04:30 INFO Epoch Progress | Epoch: 4 | Loss: 0.3185 | LR: 9.41615e-05 | Progress: 0% | Step: 1/812
2026-05-23 08:06:46 INFO Epoch Progress | Epoch: 4 | Loss: 0.3531 | LR: 9.24275e-05 | Progress: 25% | Step: 203/812
2026-05-23 08:09:04 INFO Epoch Progress | Epoch: 4 | Loss: 0.3554 | LR: 9.04787e-05 | Progress: 50% | Step: 406/812
2026-05-23 08:11:21 INFO Epoch Progress | Epoch: 4 | Loss: 0.3598 | LR: 8.83326e-05 | Progress: 75% | Step: 609/812
2026-05-23 08:13:39 INFO Epoch Progress | Epoch: 4 | Loss: 0.3593 | LR: 8.59999e-05 | Progress: 100% | Step: 812/812
2026-05-23 08:17:46 INFO CSV Written | Epoch: 4
2026-05-23 08:17:46 INFO Best Saved | Epoch: 4 | Monitor: val_auprc | Value: 0.9376
2026-05-23 08:17:46 INFO Epoch Done | Epoch: 4 | Time: 798.3885 | Train Loss: 0.3588 | Val Accuracy: 0.8619 | Val AUPRC: 0.9376 | Val Auroc: 0.9365 | Val F1: 0.8627 | Val Loss: 0.3727
2026-05-23 08:17:46 INFO Epoch Start | Epoch: 5
2026-05-23 08:17:49 INFO Epoch Progress | Epoch: 5 | Loss: 0.2468 | LR: 8.59879e-05 | Progress: 0% | Step: 1/812
2026-05-23 08:20:05 INFO Epoch Progress | Epoch: 5 | Loss: 0.3320 | LR: 8.34917e-05 | Progress: 25% | Step: 203/812
2026-05-23 08:22:23 INFO Epoch Progress | Epoch: 5 | Loss: 0.3280 | LR: 8.08204e-05 | Progress: 50% | Step: 406/812
2026-05-23 08:24:41 INFO Epoch Progress | Epoch: 5 | Loss: 0.3313 | LR: 7.79989e-05 | Progress: 75% | Step: 609/812
2026-05-23 08:26:58 INFO Epoch Progress | Epoch: 5 | Loss: 0.3310 | LR: 7.5041e-05 | Progress: 100% | Step: 812/812
2026-05-23 08:31:04 INFO CSV Written | Epoch: 5
2026-05-23 08:31:04 INFO Best Saved | Epoch: 5 | Monitor: val_auprc | Value: 0.9440
2026-05-23 08:31:04 INFO Epoch Done | Epoch: 5 | Time: 797.7555 | Train Loss: 0.3296 | Val Accuracy: 0.8705 | Val AUPRC: 0.9440 | Val Auroc: 0.9427 | Val F1: 0.8725 | Val Loss: 0.3613
2026-05-23 08:31:04 INFO Epoch Start | Epoch: 6
2026-05-23 08:31:24 INFO Epoch Progress | Epoch: 6 | Loss: 0.6211 | LR: 7.50262e-05 | Progress: 1% | Step: 1/190
2026-05-23 08:33:10 INFO Epoch Progress | Epoch: 6 | Loss: 0.6845 | LR: 7.43233e-05 | Progress: 25% | Step: 48/190
2026-05-23 08:34:53 INFO Epoch Progress | Epoch: 6 | Loss: 0.6687 | LR: 7.35988e-05 | Progress: 51% | Step: 96/190
2026-05-23 08:36:37 INFO Epoch Progress | Epoch: 6 | Loss: 0.6590 | LR: 7.2868e-05 | Progress: 76% | Step: 144/190
2026-05-23 08:38:16 INFO Epoch Progress | Epoch: 6 | Loss: 0.6587 | LR: 7.21618e-05 | Progress: 100% | Step: 190/190
2026-05-23 08:42:22 INFO CSV Written | Epoch: 6
2026-05-23 08:42:22 INFO Epoch Done | Epoch: 6 | Time: 678.1039 | Train Loss: 0.6502 | Val Accuracy: 0.8735 | Val AUPRC: 0.9430 | Val Auroc: 0.9432 | Val F1: 0.8747 | Val Loss: 0.4479
2026-05-23 08:42:22 INFO Epoch Start | Epoch: 7
2026-05-23 08:42:35 INFO Epoch Progress | Epoch: 7 | Loss: 0.5553 | LR: 7.21463e-05 | Progress: 1% | Step: 1/190
2026-05-23 08:44:19 INFO Epoch Progress | Epoch: 7 | Loss: 0.6049 | LR: 7.14189e-05 | Progress: 25% | Step: 48/190
2026-05-23 08:46:03 INFO Epoch Progress | Epoch: 7 | Loss: 0.6116 | LR: 7.06702e-05 | Progress: 51% | Step: 96/190
2026-05-23 08:47:49 INFO Epoch Progress | Epoch: 7 | Loss: 0.6181 | LR: 6.99159e-05 | Progress: 76% | Step: 144/190
2026-05-23 08:49:28 INFO Epoch Progress | Epoch: 7 | Loss: 0.6158 | LR: 6.91879e-05 | Progress: 100% | Step: 190/190
2026-05-23 08:53:36 INFO CSV Written | Epoch: 7
2026-05-23 08:53:36 INFO Epoch Done | Epoch: 7 | Time: 674.5031 | Train Loss: 0.6088 | Val Accuracy: 0.8763 | Val AUPRC: 0.9423 | Val Auroc: 0.9439 | Val F1: 0.8784 | Val Loss: 0.4148
2026-05-23 08:53:36 INFO Epoch Start | Epoch: 8
2026-05-23 08:53:49 INFO Epoch Progress | Epoch: 8 | Loss: 0.6686 | LR: 6.9172e-05 | Progress: 1% | Step: 1/190
2026-05-23 08:55:33 INFO Epoch Progress | Epoch: 8 | Loss: 0.5540 | LR: 6.84391e-05 | Progress: 25% | Step: 48/190
2026-05-23 08:57:19 INFO Epoch Progress | Epoch: 8 | Loss: 0.5755 | LR: 6.76694e-05 | Progress: 51% | Step: 96/190
2026-05-23 08:59:05 INFO Epoch Progress | Epoch: 8 | Loss: 0.5826 | LR: 6.6895e-05 | Progress: 76% | Step: 144/190
2026-05-23 09:00:44 INFO Epoch Progress | Epoch: 8 | Loss: 0.5863 | LR: 6.61484e-05 | Progress: 100% | Step: 190/190
2026-05-23 09:04:51 INFO CSV Written | Epoch: 8
2026-05-23 09:04:51 INFO Best Saved | Epoch: 8 | Monitor: val_auprc | Value: 0.9462
2026-05-23 09:04:51 INFO Epoch Done | Epoch: 8 | Time: 674.6342 | Train Loss: 0.5767 | Val Accuracy: 0.8759 | Val AUPRC: 0.9462 | Val Auroc: 0.9455 | Val F1: 0.8757 | Val Loss: 0.4029
2026-05-23 09:04:51 INFO Epoch Start | Epoch: 9
2026-05-23 09:05:04 INFO Epoch Progress | Epoch: 9 | Loss: 0.3684 | LR: 6.61321e-05 | Progress: 1% | Step: 1/190
2026-05-23 09:06:46 INFO Epoch Progress | Epoch: 9 | Loss: 0.5299 | LR: 6.53651e-05 | Progress: 25% | Step: 48/190
2026-05-23 09:08:33 INFO Epoch Progress | Epoch: 9 | Loss: 0.5409 | LR: 6.45776e-05 | Progress: 51% | Step: 96/190
2026-05-23 09:10:18 INFO Epoch Progress | Epoch: 9 | Loss: 0.5434 | LR: 6.37861e-05 | Progress: 76% | Step: 144/190
2026-05-23 09:11:58 INFO Epoch Progress | Epoch: 9 | Loss: 0.5454 | LR: 6.30241e-05 | Progress: 100% | Step: 190/190
2026-05-23 09:16:08 INFO CSV Written | Epoch: 9
2026-05-23 09:16:08 INFO Epoch Done | Epoch: 9 | Time: 676.3106 | Train Loss: 0.5414 | Val Accuracy: 0.8766 | Val AUPRC: 0.9437 | Val Auroc: 0.9440 | Val F1: 0.8775 | Val Loss: 0.3902
2026-05-23 09:16:08 INFO Epoch Start | Epoch: 10
2026-05-23 09:16:20 INFO Epoch Progress | Epoch: 10 | Loss: 0.6462 | LR: 6.30075e-05 | Progress: 1% | Step: 1/190
2026-05-23 09:18:05 INFO Epoch Progress | Epoch: 10 | Loss: 0.5019 | LR: 6.22255e-05 | Progress: 25% | Step: 48/190
2026-05-23 09:19:49 INFO Epoch Progress | Epoch: 10 | Loss: 0.4978 | LR: 6.14236e-05 | Progress: 51% | Step: 96/190
2026-05-23 09:21:33 INFO Epoch Progress | Epoch: 10 | Loss: 0.4897 | LR: 6.06185e-05 | Progress: 76% | Step: 144/190
2026-05-23 09:23:12 INFO Epoch Progress | Epoch: 10 | Loss: 0.4970 | LR: 5.98443e-05 | Progress: 100% | Step: 190/190
2026-05-23 09:27:20 INFO CSV Written | Epoch: 10
2026-05-23 09:27:20 INFO Epoch Done | Epoch: 10 | Time: 672.3179 | Train Loss: 0.5007 | Val Accuracy: 0.8743 | Val AUPRC: 0.9413 | Val Auroc: 0.9410 | Val F1: 0.8780 | Val Loss: 0.3816
2026-05-23 09:27:20 INFO Epoch Start | Epoch: 11
2026-05-23 09:27:33 INFO Epoch Progress | Epoch: 11 | Loss: 0.3517 | LR: 5.98274e-05 | Progress: 1% | Step: 1/190
2026-05-23 09:29:17 INFO Epoch Progress | Epoch: 11 | Loss: 0.4524 | LR: 5.90337e-05 | Progress: 25% | Step: 48/190
2026-05-23 09:31:02 INFO Epoch Progress | Epoch: 11 | Loss: 0.4566 | LR: 5.82207e-05 | Progress: 51% | Step: 96/190
2026-05-23 09:32:49 INFO Epoch Progress | Epoch: 11 | Loss: 0.4666 | LR: 5.74055e-05 | Progress: 76% | Step: 144/190
2026-05-23 09:34:29 INFO Epoch Progress | Epoch: 11 | Loss: 0.4719 | LR: 5.66224e-05 | Progress: 100% | Step: 190/190
2026-05-23 09:38:38 INFO CSV Written | Epoch: 11
2026-05-23 09:38:38 INFO Epoch Done | Epoch: 11 | Time: 677.5441 | Train Loss: 0.4642 | Val Accuracy: 0.8769 | Val AUPRC: 0.9420 | Val Auroc: 0.9405 | Val F1: 0.8749 | Val Loss: 0.3749
2026-05-23 09:38:38 INFO Epoch Start | Epoch: 12
2026-05-23 09:38:51 INFO Epoch Progress | Epoch: 12 | Loss: 0.4448 | LR: 5.66053e-05 | Progress: 1% | Step: 1/190
2026-05-23 09:40:32 INFO Epoch Progress | Epoch: 12 | Loss: 0.4053 | LR: 5.58034e-05 | Progress: 25% | Step: 48/190
2026-05-23 09:42:18 INFO Epoch Progress | Epoch: 12 | Loss: 0.4177 | LR: 5.49828e-05 | Progress: 51% | Step: 96/190
2026-05-23 09:44:02 INFO Epoch Progress | Epoch: 12 | Loss: 0.4298 | LR: 5.41609e-05 | Progress: 76% | Step: 144/190
2026-05-23 09:45:44 INFO Epoch Progress | Epoch: 12 | Loss: 0.4323 | LR: 5.33722e-05 | Progress: 100% | Step: 190/190
2026-05-23 09:49:52 INFO CSV Written | Epoch: 12
2026-05-23 09:49:52 INFO Epoch Done | Epoch: 12 | Time: 674.3421 | Train Loss: 0.4301 | Val Accuracy: 0.8757 | Val AUPRC: 0.9387 | Val Auroc: 0.9376 | Val F1: 0.8754 | Val Loss: 0.3748
2026-05-23 09:49:52 INFO Epoch Start | Epoch: 13
2026-05-23 09:50:04 INFO Epoch Progress | Epoch: 13 | Loss: 0.3968 | LR: 5.33551e-05 | Progress: 1% | Step: 1/190
2026-05-23 09:51:47 INFO Epoch Progress | Epoch: 13 | Loss: 0.3747 | LR: 5.25655e-05 | Progress: 25% | Step: 48/190
2026-05-23 09:53:32 INFO Epoch Progress | Epoch: 13 | Loss: 0.3870 | LR: 5.17409e-05 | Progress: 51% | Step: 96/190
2026-05-23 09:55:17 INFO Epoch Progress | Epoch: 13 | Loss: 0.3915 | LR: 5.09158e-05 | Progress: 76% | Step: 144/190
2026-05-23 09:56:55 INFO Epoch Progress | Epoch: 13 | Loss: 0.3977 | LR: 5.01249e-05 | Progress: 100% | Step: 190/190
2026-05-23 10:01:03 INFO CSV Written | Epoch: 13
2026-05-23 10:01:03 INFO Epoch Done | Epoch: 13 | Time: 671.0342 | Train Loss: 0.3900 | Val Accuracy: 0.8785 | Val AUPRC: 0.9342 | Val Auroc: 0.9370 | Val F1: 0.8815 | Val Loss: 0.3797
2026-05-23 10:01:03 INFO Epoch Start | Epoch: 14
2026-05-23 10:01:15 INFO Epoch Progress | Epoch: 14 | Loss: 0.2295 | LR: 5.01077e-05 | Progress: 1% | Step: 1/190
2026-05-23 10:02:58 INFO Epoch Progress | Epoch: 14 | Loss: 0.3642 | LR: 4.92995e-05 | Progress: 25% | Step: 48/190
2026-05-23 10:04:42 INFO Epoch Progress | Epoch: 14 | Loss: 0.3758 | LR: 4.84744e-05 | Progress: 51% | Step: 96/190
2026-05-23 10:06:26 INFO Epoch Progress | Epoch: 14 | Loss: 0.3690 | LR: 4.76496e-05 | Progress: 76% | Step: 144/190
2026-05-23 10:08:07 INFO Epoch Progress | Epoch: 14 | Loss: 0.3686 | LR: 4.68598e-05 | Progress: 100% | Step: 190/190
2026-05-23 10:12:15 INFO CSV Written | Epoch: 14
2026-05-23 10:12:15 INFO Epoch Done | Epoch: 14 | Time: 672.2514 | Train Loss: 0.3611 | Val Accuracy: 0.8784 | Val AUPRC: 0.9340 | Val Auroc: 0.9344 | Val F1: 0.8791 | Val Loss: 0.3896
2026-05-23 10:12:15 INFO Epoch Start | Epoch: 15
2026-05-23 10:12:28 INFO Epoch Progress | Epoch: 15 | Loss: 0.3560 | LR: 4.68427e-05 | Progress: 1% | Step: 1/190
2026-05-23 10:14:11 INFO Epoch Progress | Epoch: 15 | Loss: 0.3258 | LR: 4.60365e-05 | Progress: 25% | Step: 48/190
2026-05-23 10:15:55 INFO Epoch Progress | Epoch: 15 | Loss: 0.3316 | LR: 4.52144e-05 | Progress: 51% | Step: 96/190
2026-05-23 10:17:40 INFO Epoch Progress | Epoch: 15 | Loss: 0.3342 | LR: 4.43935e-05 | Progress: 76% | Step: 144/190
2026-05-23 10:19:17 INFO Epoch Progress | Epoch: 15 | Loss: 0.3379 | LR: 4.36082e-05 | Progress: 100% | Step: 190/190
2026-05-23 10:23:25 INFO CSV Written | Epoch: 15
2026-05-23 10:23:25 INFO Epoch Done | Epoch: 15 | Time: 670.0703 | Train Loss: 0.3327 | Val Accuracy: 0.8776 | Val AUPRC: 0.9335 | Val Auroc: 0.9331 | Val F1: 0.8773 | Val Loss: 0.3883
2026-05-23 10:23:25 INFO Epoch Start | Epoch: 16
2026-05-23 10:23:39 INFO Epoch Progress | Epoch: 16 | Loss: 0.2766 | LR: 4.35911e-05 | Progress: 1% | Step: 1/190
2026-05-23 10:25:21 INFO Epoch Progress | Epoch: 16 | Loss: 0.3193 | LR: 4.27905e-05 | Progress: 25% | Step: 48/190
2026-05-23 10:27:04 INFO Epoch Progress | Epoch: 16 | Loss: 0.3183 | LR: 4.19748e-05 | Progress: 51% | Step: 96/190
2026-05-23 10:28:49 INFO Epoch Progress | Epoch: 16 | Loss: 0.3199 | LR: 4.11612e-05 | Progress: 76% | Step: 144/190
2026-05-23 10:30:27 INFO Epoch Progress | Epoch: 16 | Loss: 0.3224 | LR: 4.03838e-05 | Progress: 100% | Step: 190/190
2026-05-23 10:34:35 INFO CSV Written | Epoch: 16
2026-05-23 10:34:35 INFO Epoch Done | Epoch: 16 | Time: 669.3230 | Train Loss: 0.3113 | Val Accuracy: 0.8767 | Val AUPRC: 0.9207 | Val Auroc: 0.9267 | Val F1: 0.8779 | Val Loss: 0.4095
2026-05-23 10:34:35 INFO Epoch Start | Epoch: 17
2026-05-23 10:34:48 INFO Epoch Progress | Epoch: 17 | Loss: 0.2538 | LR: 4.0367e-05 | Progress: 1% | Step: 1/190
2026-05-23 10:36:30 INFO Epoch Progress | Epoch: 17 | Loss: 0.2642 | LR: 3.95752e-05 | Progress: 25% | Step: 48/190
2026-05-23 10:38:15 INFO Epoch Progress | Epoch: 17 | Loss: 0.2955 | LR: 3.87694e-05 | Progress: 51% | Step: 96/190
2026-05-23 10:40:00 INFO Epoch Progress | Epoch: 17 | Loss: 0.2902 | LR: 3.79667e-05 | Progress: 76% | Step: 144/190
2026-05-23 10:41:39 INFO Epoch Progress | Epoch: 17 | Loss: 0.2873 | LR: 3.72005e-05 | Progress: 100% | Step: 190/190
2026-05-23 10:45:45 INFO CSV Written | Epoch: 17
2026-05-23 10:45:45 INFO Epoch Done | Epoch: 17 | Time: 670.6191 | Train Loss: 0.2860 | Val Accuracy: 0.8791 | Val AUPRC: 0.9213 | Val Auroc: 0.9262 | Val F1: 0.8819 | Val Loss: 0.4181
2026-05-23 10:45:45 INFO Epoch Start | Epoch: 18
2026-05-23 10:45:58 INFO Epoch Progress | Epoch: 18 | Loss: 0.4002 | LR: 3.71839e-05 | Progress: 1% | Step: 1/190
2026-05-23 10:47:42 INFO Epoch Progress | Epoch: 18 | Loss: 0.2552 | LR: 3.64044e-05 | Progress: 25% | Step: 48/190
2026-05-23 10:49:26 INFO Epoch Progress | Epoch: 18 | Loss: 0.2518 | LR: 3.56121e-05 | Progress: 51% | Step: 96/190
2026-05-23 10:51:12 INFO Epoch Progress | Epoch: 18 | Loss: 0.2631 | LR: 3.48236e-05 | Progress: 76% | Step: 144/190
2026-05-23 10:52:51 INFO Epoch Progress | Epoch: 18 | Loss: 0.2676 | LR: 3.40719e-05 | Progress: 100% | Step: 190/190
2026-05-23 10:57:00 INFO CSV Written | Epoch: 18
2026-05-23 10:57:00 INFO Epoch Done | Epoch: 18 | Time: 674.6650 | Train Loss: 0.2670 | Val Accuracy: 0.8792 | Val AUPRC: 0.9282 | Val Auroc: 0.9280 | Val F1: 0.8783 | Val Loss: 0.4172
2026-05-23 10:57:00 INFO Early Stop | Epoch: 18
2026-05-23 10:57:00 INFO Stage Done | Run Id: pair_context_gated_abba_block_sn_d512_s47
2026-05-23 10:57:00 INFO Stage Start | Checkpoint: models/v3.1/train/pair_context_gated_abba_block_sn_d512_s47/best_model.pth | Run Id: pair_context_gated_abba_block_sn_d512_s47
2026-05-23 10:57:00 INFO Checkpoint Loaded | Path: models/v3.1/train/pair_context_gated_abba_block_sn_d512_s47/best_model.pth
2026-05-23 10:57:00 INFO Decision Threshold | Mode: fixed | Value: 0.5000
2026-05-23 11:05:42 INFO Evaluation Metrics | Accuracy: 0.6261 | AUPRC: 0.7129 | Auroc: 0.6812 | F1: 0.6001 | Mcc: 0.2543 | Precision: 0.6451 | Recall: 0.5609 | Sensitivity: 0.5609 | Specificity: 0.6912 | Split: test
2026-05-23 11:05:42 INFO CSV Written | Path: logs/v3.1/evaluate/pair_context_gated_abba_block_sn_d512_s47/evaluate.csv
2026-05-23 11:05:42 INFO Stage Done | Run Id: pair_context_gated_abba_block_sn_d512_s47

*****************************************
Setting OMP_NUM_THREADS environment variable for each process to be 1 in default, to avoid your system being overloaded, please further tune the variable for optimal performance in your application as needed. 
*****************************************
INFO:src.pipeline.__main__:Loaded config: configs/v3-1/0523/pair_context_gated_abba_no_cross_s101.yaml
WARNING:accelerate.utils.other:[RANK 0] Detected kernel version 3.10.0, which is below the recommended minimum of 5.5.0; this can cause the process to hang. It is recommended to upgrade the kernel to the minimum version or higher.
WARNING:py.warnings:/public/home/wangar2023/grand/.venv/lib/python3.11/site-packages/torch/distributed/c10d_logger.py:83: UserWarning: barrier(): using the device under current context. You can specify `device_id` in `init_process_group` to mute this warning.
  return func(*args, **kwargs)

2026-05-23 11:06:46 INFO Pipeline Runtime | Device: cuda:0 | Distributed: True | Test Batches: 1691 | Train Batches: 812 | Valid Batches: 762 | World Size: 4
2026-05-23 11:06:46 INFO Stage Start | Run Id: pair_context_gated_abba_no_cross_s101
2026-05-23 11:06:48 INFO Train Config | Epochs: 50 | Monitor: auprc | Patience: 10
2026-05-23 11:06:48 INFO Epoch Start | Epoch: 1
2026-05-23 11:06:52 INFO Epoch Progress | Epoch: 1 | Loss: 0.8324 | LR: 4e-06 | Progress: 0% | Step: 1/812
2026-05-23 11:07:43 INFO Epoch Progress | Epoch: 1 | Loss: 0.7200 | LR: 1.30844e-05 | Progress: 25% | Step: 203/812
2026-05-23 11:08:34 INFO Epoch Progress | Epoch: 1 | Loss: 0.6800 | LR: 3.68989e-05 | Progress: 50% | Step: 406/812
2026-05-23 11:09:26 INFO Epoch Progress | Epoch: 1 | Loss: 0.6395 | LR: 6.64294e-05 | Progress: 75% | Step: 609/812
2026-05-23 11:10:17 INFO Epoch Progress | Epoch: 1 | Loss: 0.6098 | LR: 9.05868e-05 | Progress: 100% | Step: 812/812
2026-05-23 11:13:53 INFO CSV Written | Epoch: 1
WARNING:py.warnings:/public/home/wangar2023/grand/.venv/lib/python3.11/site-packages/deepspeed/runtime/zero/linear.py:47: FutureWarning: `torch.cuda.amp.custom_fwd(args...)` is deprecated. Please use `torch.amp.custom_fwd(args..., device_type='cuda')` instead.
  @autocast_custom_fwd

WARNING:py.warnings:/public/home/wangar2023/grand/.venv/lib/python3.11/site-packages/deepspeed/runtime/zero/linear.py:66: FutureWarning: `torch.cuda.amp.custom_bwd(args...)` is deprecated. Please use `torch.amp.custom_bwd(args..., device_type='cuda')` instead.
  @autocast_custom_bwd

2026-05-23 11:13:57 INFO Best Saved | Epoch: 1 | Monitor: val_auprc | Value: 0.8593
2026-05-23 11:13:57 INFO Epoch Done | Epoch: 1 | Time: 425.6184 | Train Loss: 0.6082 | Val Accuracy: 0.7769 | Val AUPRC: 0.8593 | Val Auroc: 0.8601 | Val F1: 0.7894 | Val Loss: 0.5129
2026-05-23 11:13:57 INFO Epoch Start | Epoch: 2
2026-05-23 11:13:59 INFO Epoch Progress | Epoch: 2 | Loss: 0.3704 | LR: 9.0675e-05 | Progress: 0% | Step: 1/812
2026-05-23 11:14:52 INFO Epoch Progress | Epoch: 2 | Loss: 0.4926 | LR: 9.99983e-05 | Progress: 25% | Step: 203/812
2026-05-23 11:15:45 INFO Epoch Progress | Epoch: 2 | Loss: 0.4744 | LR: 9.98815e-05 | Progress: 50% | Step: 406/812
2026-05-23 11:16:38 INFO Epoch Progress | Epoch: 2 | Loss: 0.4724 | LR: 9.952e-05 | Progress: 75% | Step: 609/812
2026-05-23 11:17:31 INFO Epoch Progress | Epoch: 2 | Loss: 0.4682 | LR: 9.89172e-05 | Progress: 100% | Step: 812/812
2026-05-23 11:21:11 INFO CSV Written | Epoch: 2
2026-05-23 11:21:11 INFO Best Saved | Epoch: 2 | Monitor: val_auprc | Value: 0.8953
2026-05-23 11:21:11 INFO Epoch Done | Epoch: 2 | Time: 433.7738 | Train Loss: 0.4662 | Val Accuracy: 0.8084 | Val AUPRC: 0.8953 | Val Auroc: 0.8955 | Val F1: 0.8054 | Val Loss: 0.4461
2026-05-23 11:21:11 INFO Epoch Start | Epoch: 3
2026-05-23 11:21:13 INFO Epoch Progress | Epoch: 3 | Loss: 0.3757 | LR: 9.89136e-05 | Progress: 0% | Step: 1/812
2026-05-23 11:22:05 INFO Epoch Progress | Epoch: 3 | Loss: 0.4150 | LR: 9.80761e-05 | Progress: 25% | Step: 203/812
2026-05-23 11:22:58 INFO Epoch Progress | Epoch: 3 | Loss: 0.4170 | LR: 9.70008e-05 | Progress: 50% | Step: 406/812
2026-05-23 11:23:50 INFO Epoch Progress | Epoch: 3 | Loss: 0.4136 | LR: 9.56965e-05 | Progress: 75% | Step: 609/812
2026-05-23 11:24:43 INFO Epoch Progress | Epoch: 3 | Loss: 0.4136 | LR: 9.41696e-05 | Progress: 100% | Step: 812/812
2026-05-23 11:28:23 INFO CSV Written | Epoch: 3
2026-05-23 11:28:23 INFO Best Saved | Epoch: 3 | Monitor: val_auprc | Value: 0.9139
2026-05-23 11:28:23 INFO Epoch Done | Epoch: 3 | Time: 431.8717 | Train Loss: 0.4130 | Val Accuracy: 0.8321 | Val AUPRC: 0.9139 | Val Auroc: 0.9134 | Val F1: 0.8372 | Val Loss: 0.4153
2026-05-23 11:28:23 INFO Epoch Start | Epoch: 4
2026-05-23 11:28:26 INFO Epoch Progress | Epoch: 4 | Loss: 0.4838 | LR: 9.41615e-05 | Progress: 0% | Step: 1/812
2026-05-23 11:29:18 INFO Epoch Progress | Epoch: 4 | Loss: 0.3784 | LR: 9.24366e-05 | Progress: 25% | Step: 203/812
2026-05-23 11:30:12 INFO Epoch Progress | Epoch: 4 | Loss: 0.3770 | LR: 9.04888e-05 | Progress: 50% | Step: 406/812
2026-05-23 11:31:06 INFO Epoch Progress | Epoch: 4 | Loss: 0.3712 | LR: 8.83437e-05 | Progress: 75% | Step: 609/812
2026-05-23 11:32:00 INFO Epoch Progress | Epoch: 4 | Loss: 0.3709 | LR: 8.60118e-05 | Progress: 100% | Step: 812/812
2026-05-23 11:35:41 INFO CSV Written | Epoch: 4
2026-05-23 11:35:41 INFO Best Saved | Epoch: 4 | Monitor: val_auprc | Value: 0.9222
2026-05-23 11:35:41 INFO Epoch Done | Epoch: 4 | Time: 437.8675 | Train Loss: 0.3704 | Val Accuracy: 0.8371 | Val AUPRC: 0.9222 | Val Auroc: 0.9221 | Val F1: 0.8345 | Val Loss: 0.4165
2026-05-23 11:35:41 INFO Epoch Start | Epoch: 5
2026-05-23 11:35:43 INFO Epoch Progress | Epoch: 5 | Loss: 0.3607 | LR: 8.59999e-05 | Progress: 0% | Step: 1/812
2026-05-23 11:36:36 INFO Epoch Progress | Epoch: 5 | Loss: 0.3363 | LR: 8.35045e-05 | Progress: 25% | Step: 203/812
2026-05-23 11:37:30 INFO Epoch Progress | Epoch: 5 | Loss: 0.3350 | LR: 8.08339e-05 | Progress: 50% | Step: 406/812
2026-05-23 11:38:24 INFO Epoch Progress | Epoch: 5 | Loss: 0.3357 | LR: 7.80132e-05 | Progress: 75% | Step: 609/812
2026-05-23 11:39:18 INFO Epoch Progress | Epoch: 5 | Loss: 0.3375 | LR: 7.50559e-05 | Progress: 100% | Step: 812/812
2026-05-23 11:42:57 INFO CSV Written | Epoch: 5
2026-05-23 11:42:57 INFO Best Saved | Epoch: 5 | Monitor: val_auprc | Value: 0.9251
2026-05-23 11:42:57 INFO Epoch Done | Epoch: 5 | Time: 436.0194 | Train Loss: 0.3341 | Val Accuracy: 0.8434 | Val AUPRC: 0.9251 | Val Auroc: 0.9248 | Val F1: 0.8436 | Val Loss: 0.4116
2026-05-23 11:42:57 INFO Epoch Start | Epoch: 6
2026-05-23 11:43:15 INFO Epoch Progress | Epoch: 6 | Loss: 0.8525 | LR: 7.5041e-05 | Progress: 1% | Step: 1/190
2026-05-23 11:44:15 INFO Epoch Progress | Epoch: 6 | Loss: 0.6666 | LR: 7.43383e-05 | Progress: 25% | Step: 48/190
2026-05-23 11:45:22 INFO Epoch Progress | Epoch: 6 | Loss: 0.6551 | LR: 7.3614e-05 | Progress: 51% | Step: 96/190
2026-05-23 11:46:27 INFO Epoch Progress | Epoch: 6 | Loss: 0.6586 | LR: 7.28833e-05 | Progress: 76% | Step: 144/190
2026-05-23 11:47:28 INFO Epoch Progress | Epoch: 6 | Loss: 0.6593 | LR: 7.21772e-05 | Progress: 100% | Step: 190/190
2026-05-23 11:51:14 INFO CSV Written | Epoch: 6
2026-05-23 11:51:14 INFO Best Saved | Epoch: 6 | Monitor: val_auprc | Value: 0.9256
2026-05-23 11:51:14 INFO Epoch Done | Epoch: 6 | Time: 496.7065 | Train Loss: 0.6535 | Val Accuracy: 0.8392 | Val AUPRC: 0.9256 | Val Auroc: 0.9250 | Val F1: 0.8324 | Val Loss: 0.4862
2026-05-23 11:51:14 INFO Epoch Start | Epoch: 7
2026-05-23 11:51:25 INFO Epoch Progress | Epoch: 7 | Loss: 0.7161 | LR: 7.21618e-05 | Progress: 1% | Step: 1/190
2026-05-23 11:52:27 INFO Epoch Progress | Epoch: 7 | Loss: 0.5836 | LR: 7.14344e-05 | Progress: 25% | Step: 48/190
2026-05-23 11:53:35 INFO Epoch Progress | Epoch: 7 | Loss: 0.6048 | LR: 7.06859e-05 | Progress: 51% | Step: 96/190
2026-05-23 11:54:41 INFO Epoch Progress | Epoch: 7 | Loss: 0.6066 | LR: 6.99317e-05 | Progress: 76% | Step: 144/190
2026-05-23 11:55:42 INFO Epoch Progress | Epoch: 7 | Loss: 0.6052 | LR: 6.92038e-05 | Progress: 100% | Step: 190/190
2026-05-23 11:59:30 INFO CSV Written | Epoch: 7
2026-05-23 11:59:30 INFO Epoch Done | Epoch: 7 | Time: 495.8598 | Train Loss: 0.6015 | Val Accuracy: 0.8421 | Val AUPRC: 0.9239 | Val Auroc: 0.9229 | Val F1: 0.8380 | Val Loss: 0.4366
2026-05-23 11:59:30 INFO Epoch Start | Epoch: 8
2026-05-23 11:59:41 INFO Epoch Progress | Epoch: 8 | Loss: 0.5163 | LR: 6.91879e-05 | Progress: 1% | Step: 1/190
2026-05-23 12:00:43 INFO Epoch Progress | Epoch: 8 | Loss: 0.5547 | LR: 6.84551e-05 | Progress: 25% | Step: 48/190
2026-05-23 12:01:51 INFO Epoch Progress | Epoch: 8 | Loss: 0.5725 | LR: 6.76855e-05 | Progress: 51% | Step: 96/190
2026-05-23 12:02:57 INFO Epoch Progress | Epoch: 8 | Loss: 0.5745 | LR: 6.69111e-05 | Progress: 76% | Step: 144/190
2026-05-23 12:03:58 INFO Epoch Progress | Epoch: 8 | Loss: 0.5749 | LR: 6.61647e-05 | Progress: 100% | Step: 190/190
2026-05-23 12:07:50 INFO CSV Written | Epoch: 8
2026-05-23 12:07:50 INFO Best Saved | Epoch: 8 | Monitor: val_auprc | Value: 0.9259
2026-05-23 12:07:50 INFO Epoch Done | Epoch: 8 | Time: 499.4407 | Train Loss: 0.5738 | Val Accuracy: 0.8492 | Val AUPRC: 0.9259 | Val Auroc: 0.9259 | Val F1: 0.8507 | Val Loss: 0.4256
2026-05-23 12:07:50 INFO Epoch Start | Epoch: 9
2026-05-23 12:08:00 INFO Epoch Progress | Epoch: 9 | Loss: 0.4141 | LR: 6.61484e-05 | Progress: 1% | Step: 1/190
2026-05-23 12:09:03 INFO Epoch Progress | Epoch: 9 | Loss: 0.5012 | LR: 6.53815e-05 | Progress: 25% | Step: 48/190
2026-05-23 12:10:11 INFO Epoch Progress | Epoch: 9 | Loss: 0.5257 | LR: 6.45941e-05 | Progress: 51% | Step: 96/190
2026-05-23 12:11:18 INFO Epoch Progress | Epoch: 9 | Loss: 0.5261 | LR: 6.38027e-05 | Progress: 76% | Step: 144/190
2026-05-23 12:12:19 INFO Epoch Progress | Epoch: 9 | Loss: 0.5238 | LR: 6.30407e-05 | Progress: 100% | Step: 190/190
2026-05-23 12:16:06 INFO CSV Written | Epoch: 9
2026-05-23 12:16:06 INFO Epoch Done | Epoch: 9 | Time: 496.7493 | Train Loss: 0.5229 | Val Accuracy: 0.8473 | Val AUPRC: 0.9234 | Val Auroc: 0.9230 | Val F1: 0.8450 | Val Loss: 0.4251
2026-05-23 12:16:06 INFO Epoch Start | Epoch: 10
2026-05-23 12:16:18 INFO Epoch Progress | Epoch: 10 | Loss: 0.5661 | LR: 6.30241e-05 | Progress: 1% | Step: 1/190
2026-05-23 12:17:19 INFO Epoch Progress | Epoch: 10 | Loss: 0.4548 | LR: 6.22422e-05 | Progress: 25% | Step: 48/190
2026-05-23 12:18:25 INFO Epoch Progress | Epoch: 10 | Loss: 0.4762 | LR: 6.14403e-05 | Progress: 51% | Step: 96/190
2026-05-23 12:19:32 INFO Epoch Progress | Epoch: 10 | Loss: 0.4749 | LR: 6.06353e-05 | Progress: 76% | Step: 144/190
2026-05-23 12:20:34 INFO Epoch Progress | Epoch: 10 | Loss: 0.4821 | LR: 5.98611e-05 | Progress: 100% | Step: 190/190
2026-05-23 12:24:27 INFO CSV Written | Epoch: 10
2026-05-23 12:24:27 INFO Epoch Done | Epoch: 10 | Time: 500.2593 | Train Loss: 0.4796 | Val Accuracy: 0.8459 | Val AUPRC: 0.9218 | Val Auroc: 0.9206 | Val F1: 0.8449 | Val Loss: 0.4241
2026-05-23 12:24:27 INFO Epoch Start | Epoch: 11
2026-05-23 12:24:38 INFO Epoch Progress | Epoch: 11 | Loss: 0.3293 | LR: 5.98443e-05 | Progress: 1% | Step: 1/190
2026-05-23 12:25:42 INFO Epoch Progress | Epoch: 11 | Loss: 0.4176 | LR: 5.90506e-05 | Progress: 25% | Step: 48/190
2026-05-23 12:26:49 INFO Epoch Progress | Epoch: 11 | Loss: 0.4540 | LR: 5.82377e-05 | Progress: 51% | Step: 96/190
2026-05-23 12:27:57 INFO Epoch Progress | Epoch: 11 | Loss: 0.4441 | LR: 5.74225e-05 | Progress: 76% | Step: 144/190
2026-05-23 12:28:59 INFO Epoch Progress | Epoch: 11 | Loss: 0.4505 | LR: 5.66394e-05 | Progress: 100% | Step: 190/190
2026-05-23 12:32:51 INFO CSV Written | Epoch: 11
2026-05-23 12:32:51 INFO Epoch Done | Epoch: 11 | Time: 504.0439 | Train Loss: 0.4506 | Val Accuracy: 0.8480 | Val AUPRC: 0.9247 | Val Auroc: 0.9234 | Val F1: 0.8502 | Val Loss: 0.4192
2026-05-23 12:32:51 INFO Epoch Start | Epoch: 12
2026-05-23 12:33:02 INFO Epoch Progress | Epoch: 12 | Loss: 0.2791 | LR: 5.66224e-05 | Progress: 1% | Step: 1/190
2026-05-23 12:34:05 INFO Epoch Progress | Epoch: 12 | Loss: 0.3893 | LR: 5.58205e-05 | Progress: 25% | Step: 48/190
2026-05-23 12:35:12 INFO Epoch Progress | Epoch: 12 | Loss: 0.3939 | LR: 5.5e-05 | Progress: 51% | Step: 96/190
2026-05-23 12:36:20 INFO Epoch Progress | Epoch: 12 | Loss: 0.4027 | LR: 5.41781e-05 | Progress: 76% | Step: 144/190
2026-05-23 12:37:21 INFO Epoch Progress | Epoch: 12 | Loss: 0.4035 | LR: 5.33894e-05 | Progress: 100% | Step: 190/190
2026-05-23 12:41:12 INFO CSV Written | Epoch: 12
2026-05-23 12:41:12 INFO Epoch Done | Epoch: 12 | Time: 501.5060 | Train Loss: 0.4038 | Val Accuracy: 0.8465 | Val AUPRC: 0.9211 | Val Auroc: 0.9198 | Val F1: 0.8465 | Val Loss: 0.4297
2026-05-23 12:41:12 INFO Epoch Start | Epoch: 13
2026-05-23 12:41:24 INFO Epoch Progress | Epoch: 13 | Loss: 0.3569 | LR: 5.33722e-05 | Progress: 1% | Step: 1/190
2026-05-23 12:42:27 INFO Epoch Progress | Epoch: 13 | Loss: 0.3672 | LR: 5.25655e-05 | Progress: 25% | Step: 48/190
2026-05-23 12:43:34 INFO Epoch Progress | Epoch: 13 | Loss: 0.3804 | LR: 5.17409e-05 | Progress: 51% | Step: 96/190
2026-05-23 12:44:42 INFO Epoch Progress | Epoch: 13 | Loss: 0.3739 | LR: 5.09158e-05 | Progress: 76% | Step: 144/190
2026-05-23 12:45:45 INFO Epoch Progress | Epoch: 13 | Loss: 0.3823 | LR: 5.01249e-05 | Progress: 100% | Step: 190/190
2026-05-23 12:49:37 INFO CSV Written | Epoch: 13
2026-05-23 12:49:37 INFO Epoch Done | Epoch: 13 | Time: 504.4142 | Train Loss: 0.3791 | Val Accuracy: 0.8481 | Val AUPRC: 0.9225 | Val Auroc: 0.9202 | Val F1: 0.8454 | Val Loss: 0.4409
2026-05-23 12:49:37 INFO Epoch Start | Epoch: 14
2026-05-23 12:49:49 INFO Epoch Progress | Epoch: 14 | Loss: 0.2492 | LR: 5.01077e-05 | Progress: 1% | Step: 1/190
2026-05-23 12:50:51 INFO Epoch Progress | Epoch: 14 | Loss: 0.3139 | LR: 4.92995e-05 | Progress: 25% | Step: 48/190
2026-05-23 12:51:59 INFO Epoch Progress | Epoch: 14 | Loss: 0.3291 | LR: 4.84744e-05 | Progress: 51% | Step: 96/190
2026-05-23 12:53:05 INFO Epoch Progress | Epoch: 14 | Loss: 0.3387 | LR: 4.76496e-05 | Progress: 76% | Step: 144/190
2026-05-23 12:54:08 INFO Epoch Progress | Epoch: 14 | Loss: 0.3456 | LR: 4.68598e-05 | Progress: 100% | Step: 190/190
2026-05-23 12:58:02 INFO CSV Written | Epoch: 14
2026-05-23 12:58:02 INFO Epoch Done | Epoch: 14 | Time: 505.1292 | Train Loss: 0.3479 | Val Accuracy: 0.8427 | Val AUPRC: 0.9165 | Val Auroc: 0.9140 | Val F1: 0.8378 | Val Loss: 0.4646
2026-05-23 12:58:02 INFO Epoch Start | Epoch: 15
2026-05-23 12:58:14 INFO Epoch Progress | Epoch: 15 | Loss: 0.3151 | LR: 4.68427e-05 | Progress: 1% | Step: 1/190
2026-05-23 12:59:17 INFO Epoch Progress | Epoch: 15 | Loss: 0.3337 | LR: 4.60365e-05 | Progress: 25% | Step: 48/190
2026-05-23 13:00:24 INFO Epoch Progress | Epoch: 15 | Loss: 0.3366 | LR: 4.52144e-05 | Progress: 51% | Step: 96/190
2026-05-23 13:01:31 INFO Epoch Progress | Epoch: 15 | Loss: 0.3280 | LR: 4.43935e-05 | Progress: 76% | Step: 144/190
2026-05-23 13:02:31 INFO Epoch Progress | Epoch: 15 | Loss: 0.3263 | LR: 4.36082e-05 | Progress: 100% | Step: 190/190
2026-05-23 13:06:20 INFO CSV Written | Epoch: 15
2026-05-23 13:06:20 INFO Epoch Done | Epoch: 15 | Time: 498.3877 | Train Loss: 0.3269 | Val Accuracy: 0.8450 | Val AUPRC: 0.9146 | Val Auroc: 0.9130 | Val F1: 0.8416 | Val Loss: 0.4680
2026-05-23 13:06:20 INFO Epoch Start | Epoch: 16
2026-05-23 13:06:33 INFO Epoch Progress | Epoch: 16 | Loss: 0.2999 | LR: 4.35911e-05 | Progress: 1% | Step: 1/190
2026-05-23 13:07:35 INFO Epoch Progress | Epoch: 16 | Loss: 0.2871 | LR: 4.27905e-05 | Progress: 25% | Step: 48/190
2026-05-23 13:08:42 INFO Epoch Progress | Epoch: 16 | Loss: 0.2931 | LR: 4.19748e-05 | Progress: 51% | Step: 96/190
2026-05-23 13:09:49 INFO Epoch Progress | Epoch: 16 | Loss: 0.3043 | LR: 4.11612e-05 | Progress: 76% | Step: 144/190
2026-05-23 13:10:52 INFO Epoch Progress | Epoch: 16 | Loss: 0.3068 | LR: 4.03838e-05 | Progress: 100% | Step: 190/190
2026-05-23 13:14:41 INFO CSV Written | Epoch: 16
2026-05-23 13:14:41 INFO Epoch Done | Epoch: 16 | Time: 501.0094 | Train Loss: 0.3038 | Val Accuracy: 0.8433 | Val AUPRC: 0.9098 | Val Auroc: 0.9100 | Val F1: 0.8388 | Val Loss: 0.4757
2026-05-23 13:14:41 INFO Epoch Start | Epoch: 17
2026-05-23 13:14:54 INFO Epoch Progress | Epoch: 17 | Loss: 0.2294 | LR: 4.0367e-05 | Progress: 1% | Step: 1/190
2026-05-23 13:15:56 INFO Epoch Progress | Epoch: 17 | Loss: 0.2847 | LR: 3.95752e-05 | Progress: 25% | Step: 48/190
2026-05-23 13:17:04 INFO Epoch Progress | Epoch: 17 | Loss: 0.3006 | LR: 3.87694e-05 | Progress: 51% | Step: 96/190
2026-05-23 13:18:10 INFO Epoch Progress | Epoch: 17 | Loss: 0.2951 | LR: 3.79667e-05 | Progress: 76% | Step: 144/190
2026-05-23 13:19:12 INFO Epoch Progress | Epoch: 17 | Loss: 0.2894 | LR: 3.72005e-05 | Progress: 100% | Step: 190/190
2026-05-23 13:23:03 INFO CSV Written | Epoch: 17
2026-05-23 13:23:03 INFO Epoch Done | Epoch: 17 | Time: 501.5508 | Train Loss: 0.2895 | Val Accuracy: 0.8485 | Val AUPRC: 0.9094 | Val Auroc: 0.9080 | Val F1: 0.8478 | Val Loss: 0.4867
2026-05-23 13:23:03 INFO Epoch Start | Epoch: 18
2026-05-23 13:23:15 INFO Epoch Progress | Epoch: 18 | Loss: 0.2479 | LR: 3.71839e-05 | Progress: 1% | Step: 1/190
2026-05-23 13:24:19 INFO Epoch Progress | Epoch: 18 | Loss: 0.2988 | LR: 3.64044e-05 | Progress: 25% | Step: 48/190
2026-05-23 13:25:26 INFO Epoch Progress | Epoch: 18 | Loss: 0.2903 | LR: 3.56121e-05 | Progress: 51% | Step: 96/190
2026-05-23 13:26:34 INFO Epoch Progress | Epoch: 18 | Loss: 0.2900 | LR: 3.484e-05 | Progress: 76% | Step: 144/190
2026-05-23 13:27:36 INFO Epoch Progress | Epoch: 18 | Loss: 0.2840 | LR: 3.40882e-05 | Progress: 100% | Step: 190/190
2026-05-23 13:31:29 INFO CSV Written | Epoch: 18
2026-05-23 13:31:29 INFO Epoch Done | Epoch: 18 | Time: 506.0052 | Train Loss: 0.2801 | Val Accuracy: 0.8479 | Val AUPRC: 0.9018 | Val Auroc: 0.9016 | Val F1: 0.8444 | Val Loss: 0.4976
2026-05-23 13:31:29 INFO Early Stop | Epoch: 18
2026-05-23 13:31:29 INFO Stage Done | Run Id: pair_context_gated_abba_no_cross_s101
2026-05-23 13:31:29 INFO Stage Start | Checkpoint: models/v3.1/train/pair_context_gated_abba_no_cross_s101/best_model.pth | Run Id: pair_context_gated_abba_no_cross_s101
2026-05-23 13:31:29 INFO Checkpoint Loaded | Path: models/v3.1/train/pair_context_gated_abba_no_cross_s101/best_model.pth
2026-05-23 13:31:29 INFO Decision Threshold | Mode: fixed | Value: 0.5000
2026-05-23 13:40:01 INFO Evaluation Metrics | Accuracy: 0.6317 | AUPRC: 0.7181 | Auroc: 0.6914 | F1: 0.6140 | Mcc: 0.2646 | Precision: 0.6453 | Recall: 0.5856 | Sensitivity: 0.5856 | Specificity: 0.6779 | Split: test
2026-05-23 13:40:01 INFO CSV Written | Path: logs/v3.1/evaluate/pair_context_gated_abba_no_cross_s101/evaluate.csv
2026-05-23 13:40:01 INFO Stage Done | Run Id: pair_context_gated_abba_no_cross_s101

*****************************************
Setting OMP_NUM_THREADS environment variable for each process to be 1 in default, to avoid your system being overloaded, please further tune the variable for optimal performance in your application as needed. 
*****************************************
INFO:src.pipeline.__main__:Loaded config: configs/v3-1/0523/pair_context_gated_abba_no_cross_s13.yaml
WARNING:accelerate.utils.other:[RANK 0] Detected kernel version 3.10.0, which is below the recommended minimum of 5.5.0; this can cause the process to hang. It is recommended to upgrade the kernel to the minimum version or higher.
WARNING:py.warnings:/public/home/wangar2023/grand/.venv/lib/python3.11/site-packages/torch/distributed/c10d_logger.py:83: UserWarning: barrier(): using the device under current context. You can specify `device_id` in `init_process_group` to mute this warning.
  return func(*args, **kwargs)

2026-05-23 13:41:06 INFO Pipeline Runtime | Device: cuda:0 | Distributed: True | Test Batches: 1691 | Train Batches: 812 | Valid Batches: 762 | World Size: 4
2026-05-23 13:41:06 INFO Stage Start | Run Id: pair_context_gated_abba_no_cross_s13
2026-05-23 13:41:09 INFO Train Config | Epochs: 50 | Monitor: auprc | Patience: 10
2026-05-23 13:41:09 INFO Epoch Start | Epoch: 1
2026-05-23 13:41:13 INFO Epoch Progress | Epoch: 1 | Loss: 0.6547 | LR: 4e-06 | Progress: 0% | Step: 1/812
2026-05-23 13:42:03 INFO Epoch Progress | Epoch: 1 | Loss: 0.7133 | LR: 1.29976e-05 | Progress: 25% | Step: 203/812
2026-05-23 13:42:55 INFO Epoch Progress | Epoch: 1 | Loss: 0.6692 | LR: 3.68989e-05 | Progress: 50% | Step: 406/812
2026-05-23 13:43:47 INFO Epoch Progress | Epoch: 1 | Loss: 0.6311 | LR: 6.65711e-05 | Progress: 75% | Step: 609/812
2026-05-23 13:44:38 INFO Epoch Progress | Epoch: 1 | Loss: 0.6007 | LR: 9.0675e-05 | Progress: 100% | Step: 812/812
2026-05-23 13:48:14 INFO CSV Written | Epoch: 1
WARNING:py.warnings:/public/home/wangar2023/grand/.venv/lib/python3.11/site-packages/deepspeed/runtime/zero/linear.py:47: FutureWarning: `torch.cuda.amp.custom_fwd(args...)` is deprecated. Please use `torch.amp.custom_fwd(args..., device_type='cuda')` instead.
  @autocast_custom_fwd

WARNING:py.warnings:/public/home/wangar2023/grand/.venv/lib/python3.11/site-packages/deepspeed/runtime/zero/linear.py:66: FutureWarning: `torch.cuda.amp.custom_bwd(args...)` is deprecated. Please use `torch.amp.custom_bwd(args..., device_type='cuda')` instead.
  @autocast_custom_bwd

2026-05-23 13:48:19 INFO Best Saved | Epoch: 1 | Monitor: val_auprc | Value: 0.8685
2026-05-23 13:48:19 INFO Epoch Done | Epoch: 1 | Time: 425.5018 | Train Loss: 0.5974 | Val Accuracy: 0.7791 | Val AUPRC: 0.8685 | Val Auroc: 0.8649 | Val F1: 0.7719 | Val Loss: 0.4871
2026-05-23 13:48:19 INFO Epoch Start | Epoch: 2
2026-05-23 13:48:21 INFO Epoch Progress | Epoch: 2 | Loss: 0.7359 | LR: 9.07628e-05 | Progress: 0% | Step: 1/812
2026-05-23 13:49:14 INFO Epoch Progress | Epoch: 2 | Loss: 0.4828 | LR: 9.99993e-05 | Progress: 25% | Step: 203/812
2026-05-23 13:50:09 INFO Epoch Progress | Epoch: 2 | Loss: 0.4746 | LR: 9.98803e-05 | Progress: 50% | Step: 406/812
2026-05-23 13:51:03 INFO Epoch Progress | Epoch: 2 | Loss: 0.4728 | LR: 9.95176e-05 | Progress: 75% | Step: 609/812
2026-05-23 13:51:57 INFO Epoch Progress | Epoch: 2 | Loss: 0.4665 | LR: 9.89136e-05 | Progress: 100% | Step: 812/812
2026-05-23 13:55:40 INFO CSV Written | Epoch: 2
2026-05-23 13:55:40 INFO Best Saved | Epoch: 2 | Monitor: val_auprc | Value: 0.9019
2026-05-23 13:55:40 INFO Epoch Done | Epoch: 2 | Time: 441.4796 | Train Loss: 0.4656 | Val Accuracy: 0.8153 | Val AUPRC: 0.9019 | Val Auroc: 0.8988 | Val F1: 0.8161 | Val Loss: 0.4402
2026-05-23 13:55:40 INFO Epoch Start | Epoch: 3
2026-05-23 13:55:43 INFO Epoch Progress | Epoch: 3 | Loss: 0.2853 | LR: 9.89101e-05 | Progress: 0% | Step: 1/812
2026-05-23 13:56:38 INFO Epoch Progress | Epoch: 3 | Loss: 0.4279 | LR: 9.80714e-05 | Progress: 25% | Step: 203/812
2026-05-23 13:57:33 INFO Epoch Progress | Epoch: 3 | Loss: 0.4203 | LR: 9.69949e-05 | Progress: 50% | Step: 406/812
2026-05-23 13:58:29 INFO Epoch Progress | Epoch: 3 | Loss: 0.4174 | LR: 9.56965e-05 | Progress: 75% | Step: 609/812
2026-05-23 13:59:24 INFO Epoch Progress | Epoch: 3 | Loss: 0.4172 | LR: 9.41696e-05 | Progress: 100% | Step: 812/812
2026-05-23 14:03:07 INFO CSV Written | Epoch: 3
2026-05-23 14:03:07 INFO Best Saved | Epoch: 3 | Monitor: val_auprc | Value: 0.9133
2026-05-23 14:03:07 INFO Epoch Done | Epoch: 3 | Time: 446.6881 | Train Loss: 0.4172 | Val Accuracy: 0.8294 | Val AUPRC: 0.9133 | Val Auroc: 0.9115 | Val F1: 0.8280 | Val Loss: 0.4208
2026-05-23 14:03:07 INFO Epoch Start | Epoch: 4
2026-05-23 14:03:09 INFO Epoch Progress | Epoch: 4 | Loss: 0.3156 | LR: 9.41615e-05 | Progress: 0% | Step: 1/812
2026-05-23 14:04:02 INFO Epoch Progress | Epoch: 4 | Loss: 0.3943 | LR: 9.24275e-05 | Progress: 25% | Step: 203/812
2026-05-23 14:04:56 INFO Epoch Progress | Epoch: 4 | Loss: 0.3884 | LR: 9.04787e-05 | Progress: 50% | Step: 406/812
2026-05-23 14:05:50 INFO Epoch Progress | Epoch: 4 | Loss: 0.3823 | LR: 8.83326e-05 | Progress: 75% | Step: 609/812
2026-05-23 14:06:44 INFO Epoch Progress | Epoch: 4 | Loss: 0.3856 | LR: 8.59999e-05 | Progress: 100% | Step: 812/812
2026-05-23 14:10:28 INFO CSV Written | Epoch: 4
2026-05-23 14:10:28 INFO Best Saved | Epoch: 4 | Monitor: val_auprc | Value: 0.9276
2026-05-23 14:10:28 INFO Epoch Done | Epoch: 4 | Time: 441.0077 | Train Loss: 0.3830 | Val Accuracy: 0.8451 | Val AUPRC: 0.9276 | Val Auroc: 0.9257 | Val F1: 0.8481 | Val Loss: 0.3971
2026-05-23 14:10:28 INFO Epoch Start | Epoch: 5
2026-05-23 14:10:31 INFO Epoch Progress | Epoch: 5 | Loss: 0.3818 | LR: 8.59879e-05 | Progress: 0% | Step: 1/812
2026-05-23 14:11:25 INFO Epoch Progress | Epoch: 5 | Loss: 0.3561 | LR: 8.35045e-05 | Progress: 25% | Step: 203/812
2026-05-23 14:12:21 INFO Epoch Progress | Epoch: 5 | Loss: 0.3519 | LR: 8.08339e-05 | Progress: 50% | Step: 406/812
2026-05-23 14:13:17 INFO Epoch Progress | Epoch: 5 | Loss: 0.3518 | LR: 7.80132e-05 | Progress: 75% | Step: 609/812
2026-05-23 14:14:12 INFO Epoch Progress | Epoch: 5 | Loss: 0.3536 | LR: 7.50559e-05 | Progress: 100% | Step: 812/812
2026-05-23 14:17:57 INFO CSV Written | Epoch: 5
2026-05-23 14:17:57 INFO Best Saved | Epoch: 5 | Monitor: val_auprc | Value: 0.9311
2026-05-23 14:17:57 INFO Epoch Done | Epoch: 5 | Time: 448.6830 | Train Loss: 0.3537 | Val Accuracy: 0.8513 | Val AUPRC: 0.9311 | Val Auroc: 0.9302 | Val F1: 0.8484 | Val Loss: 0.4001
2026-05-23 14:17:57 INFO Epoch Start | Epoch: 6
2026-05-23 14:18:13 INFO Epoch Progress | Epoch: 6 | Loss: 0.9513 | LR: 7.5041e-05 | Progress: 1% | Step: 1/190
2026-05-23 14:19:16 INFO Epoch Progress | Epoch: 6 | Loss: 0.7107 | LR: 7.43383e-05 | Progress: 25% | Step: 48/190
2026-05-23 14:20:25 INFO Epoch Progress | Epoch: 6 | Loss: 0.6963 | LR: 7.3614e-05 | Progress: 51% | Step: 96/190
2026-05-23 14:21:34 INFO Epoch Progress | Epoch: 6 | Loss: 0.6927 | LR: 7.28833e-05 | Progress: 76% | Step: 144/190
2026-05-23 14:22:37 INFO Epoch Progress | Epoch: 6 | Loss: 0.6891 | LR: 7.21772e-05 | Progress: 100% | Step: 190/190
2026-05-23 14:26:33 INFO CSV Written | Epoch: 6
2026-05-23 14:26:33 INFO Best Saved | Epoch: 6 | Monitor: val_auprc | Value: 0.9337
2026-05-23 14:26:33 INFO Epoch Done | Epoch: 6 | Time: 515.9734 | Train Loss: 0.6874 | Val Accuracy: 0.8590 | Val AUPRC: 0.9337 | Val Auroc: 0.9329 | Val F1: 0.8613 | Val Loss: 0.4581
2026-05-23 14:26:33 INFO Epoch Start | Epoch: 7
2026-05-23 14:26:47 INFO Epoch Progress | Epoch: 7 | Loss: 0.7305 | LR: 7.21618e-05 | Progress: 1% | Step: 1/190
2026-05-23 14:27:48 INFO Epoch Progress | Epoch: 7 | Loss: 0.6787 | LR: 7.14344e-05 | Progress: 25% | Step: 48/190
2026-05-23 14:28:55 INFO Epoch Progress | Epoch: 7 | Loss: 0.6691 | LR: 7.06859e-05 | Progress: 51% | Step: 96/190
2026-05-23 14:30:01 INFO Epoch Progress | Epoch: 7 | Loss: 0.6649 | LR: 6.99317e-05 | Progress: 76% | Step: 144/190
2026-05-23 14:31:03 INFO Epoch Progress | Epoch: 7 | Loss: 0.6637 | LR: 6.92038e-05 | Progress: 100% | Step: 190/190
2026-05-23 14:35:03 INFO CSV Written | Epoch: 7
2026-05-23 14:35:03 INFO Epoch Done | Epoch: 7 | Time: 509.3272 | Train Loss: 0.6631 | Val Accuracy: 0.8556 | Val AUPRC: 0.9300 | Val Auroc: 0.9298 | Val F1: 0.8559 | Val Loss: 0.4751
2026-05-23 14:35:03 INFO Epoch Start | Epoch: 8
2026-05-23 14:35:14 INFO Epoch Progress | Epoch: 8 | Loss: 0.6371 | LR: 6.91879e-05 | Progress: 1% | Step: 1/190
2026-05-23 14:36:16 INFO Epoch Progress | Epoch: 8 | Loss: 0.6054 | LR: 6.84391e-05 | Progress: 25% | Step: 48/190
2026-05-23 14:37:22 INFO Epoch Progress | Epoch: 8 | Loss: 0.6295 | LR: 6.76694e-05 | Progress: 51% | Step: 96/190
2026-05-23 14:38:31 INFO Epoch Progress | Epoch: 8 | Loss: 0.6337 | LR: 6.6895e-05 | Progress: 76% | Step: 144/190
2026-05-23 14:39:33 INFO Epoch Progress | Epoch: 8 | Loss: 0.6408 | LR: 6.61484e-05 | Progress: 100% | Step: 190/190
2026-05-23 14:43:32 INFO CSV Written | Epoch: 8
2026-05-23 14:43:32 INFO Epoch Done | Epoch: 8 | Time: 509.1973 | Train Loss: 0.6398 | Val Accuracy: 0.8599 | Val AUPRC: 0.9290 | Val Auroc: 0.9312 | Val F1: 0.8601 | Val Loss: 0.4677
2026-05-23 14:43:32 INFO Epoch Start | Epoch: 9
2026-05-23 14:43:43 INFO Epoch Progress | Epoch: 9 | Loss: 0.6861 | LR: 6.61321e-05 | Progress: 1% | Step: 1/190
2026-05-23 14:44:45 INFO Epoch Progress | Epoch: 9 | Loss: 0.6025 | LR: 6.53651e-05 | Progress: 25% | Step: 48/190
2026-05-23 14:45:51 INFO Epoch Progress | Epoch: 9 | Loss: 0.6100 | LR: 6.45776e-05 | Progress: 51% | Step: 96/190
2026-05-23 14:46:58 INFO Epoch Progress | Epoch: 9 | Loss: 0.6163 | LR: 6.37861e-05 | Progress: 76% | Step: 144/190
2026-05-23 14:47:59 INFO Epoch Progress | Epoch: 9 | Loss: 0.6170 | LR: 6.30241e-05 | Progress: 100% | Step: 190/190
2026-05-23 14:51:59 INFO CSV Written | Epoch: 9
2026-05-23 14:51:59 INFO Epoch Done | Epoch: 9 | Time: 506.6930 | Train Loss: 0.6128 | Val Accuracy: 0.8585 | Val AUPRC: 0.9305 | Val Auroc: 0.9309 | Val F1: 0.8603 | Val Loss: 0.4326
2026-05-23 14:51:59 INFO Epoch Start | Epoch: 10
2026-05-23 14:52:09 INFO Epoch Progress | Epoch: 10 | Loss: 0.5942 | LR: 6.30075e-05 | Progress: 1% | Step: 1/190
2026-05-23 14:53:12 INFO Epoch Progress | Epoch: 10 | Loss: 0.5712 | LR: 6.22255e-05 | Progress: 25% | Step: 48/190
2026-05-23 14:54:20 INFO Epoch Progress | Epoch: 10 | Loss: 0.5936 | LR: 6.14236e-05 | Progress: 51% | Step: 96/190
2026-05-23 14:55:28 INFO Epoch Progress | Epoch: 10 | Loss: 0.5863 | LR: 6.06185e-05 | Progress: 76% | Step: 144/190
2026-05-23 14:56:29 INFO Epoch Progress | Epoch: 10 | Loss: 0.5864 | LR: 5.98443e-05 | Progress: 100% | Step: 190/190
2026-05-23 15:00:28 INFO CSV Written | Epoch: 10
2026-05-23 15:00:28 INFO Epoch Done | Epoch: 10 | Time: 509.1584 | Train Loss: 0.5849 | Val Accuracy: 0.8590 | Val AUPRC: 0.9303 | Val Auroc: 0.9317 | Val F1: 0.8622 | Val Loss: 0.4171
2026-05-23 15:00:28 INFO Epoch Start | Epoch: 11
2026-05-23 15:00:40 INFO Epoch Progress | Epoch: 11 | Loss: 0.4866 | LR: 5.98274e-05 | Progress: 1% | Step: 1/190
2026-05-23 15:01:44 INFO Epoch Progress | Epoch: 11 | Loss: 0.5309 | LR: 5.90337e-05 | Progress: 25% | Step: 48/190
2026-05-23 15:02:52 INFO Epoch Progress | Epoch: 11 | Loss: 0.5470 | LR: 5.82207e-05 | Progress: 51% | Step: 96/190
2026-05-23 15:04:01 INFO Epoch Progress | Epoch: 11 | Loss: 0.5541 | LR: 5.74055e-05 | Progress: 76% | Step: 144/190
2026-05-23 15:05:03 INFO Epoch Progress | Epoch: 11 | Loss: 0.5564 | LR: 5.66224e-05 | Progress: 100% | Step: 190/190
2026-05-23 15:09:00 INFO CSV Written | Epoch: 11
2026-05-23 15:09:00 INFO Epoch Done | Epoch: 11 | Time: 512.4004 | Train Loss: 0.5517 | Val Accuracy: 0.8559 | Val AUPRC: 0.9259 | Val Auroc: 0.9267 | Val F1: 0.8531 | Val Loss: 0.4142
2026-05-23 15:09:00 INFO Epoch Start | Epoch: 12
2026-05-23 15:09:12 INFO Epoch Progress | Epoch: 12 | Loss: 0.5013 | LR: 5.66053e-05 | Progress: 1% | Step: 1/190
2026-05-23 15:10:15 INFO Epoch Progress | Epoch: 12 | Loss: 0.5303 | LR: 5.58034e-05 | Progress: 25% | Step: 48/190
2026-05-23 15:11:24 INFO Epoch Progress | Epoch: 12 | Loss: 0.5234 | LR: 5.49828e-05 | Progress: 51% | Step: 96/190
2026-05-23 15:12:31 INFO Epoch Progress | Epoch: 12 | Loss: 0.5246 | LR: 5.41781e-05 | Progress: 76% | Step: 144/190
2026-05-23 15:13:34 INFO Epoch Progress | Epoch: 12 | Loss: 0.5271 | LR: 5.33894e-05 | Progress: 100% | Step: 190/190
2026-05-23 15:17:32 INFO CSV Written | Epoch: 12
2026-05-23 15:17:32 INFO Epoch Done | Epoch: 12 | Time: 511.6743 | Train Loss: 0.5211 | Val Accuracy: 0.8572 | Val AUPRC: 0.9213 | Val Auroc: 0.9251 | Val F1: 0.8578 | Val Loss: 0.4053
2026-05-23 15:17:32 INFO Epoch Start | Epoch: 13
2026-05-23 15:17:44 INFO Epoch Progress | Epoch: 13 | Loss: 0.5085 | LR: 5.33722e-05 | Progress: 1% | Step: 1/190
2026-05-23 15:18:46 INFO Epoch Progress | Epoch: 13 | Loss: 0.4660 | LR: 5.25655e-05 | Progress: 25% | Step: 48/190
2026-05-23 15:19:53 INFO Epoch Progress | Epoch: 13 | Loss: 0.4743 | LR: 5.17409e-05 | Progress: 51% | Step: 96/190
2026-05-23 15:21:01 INFO Epoch Progress | Epoch: 13 | Loss: 0.4888 | LR: 5.0933e-05 | Progress: 76% | Step: 144/190
2026-05-23 15:22:03 INFO Epoch Progress | Epoch: 13 | Loss: 0.4825 | LR: 5.01421e-05 | Progress: 100% | Step: 190/190
2026-05-23 15:26:01 INFO CSV Written | Epoch: 13
2026-05-23 15:26:01 INFO Epoch Done | Epoch: 13 | Time: 509.1096 | Train Loss: 0.4822 | Val Accuracy: 0.8589 | Val AUPRC: 0.9173 | Val Auroc: 0.9233 | Val F1: 0.8605 | Val Loss: 0.4051
2026-05-23 15:26:01 INFO Epoch Start | Epoch: 14
2026-05-23 15:26:10 INFO Epoch Progress | Epoch: 14 | Loss: 0.7438 | LR: 5.01249e-05 | Progress: 1% | Step: 1/190
2026-05-23 15:27:15 INFO Epoch Progress | Epoch: 14 | Loss: 0.4501 | LR: 4.93167e-05 | Progress: 25% | Step: 48/190
2026-05-23 15:28:22 INFO Epoch Progress | Epoch: 14 | Loss: 0.4507 | LR: 4.84915e-05 | Progress: 51% | Step: 96/190
2026-05-23 15:29:30 INFO Epoch Progress | Epoch: 14 | Loss: 0.4467 | LR: 4.76668e-05 | Progress: 76% | Step: 144/190
2026-05-23 15:30:31 INFO Epoch Progress | Epoch: 14 | Loss: 0.4470 | LR: 4.6877e-05 | Progress: 100% | Step: 190/190
2026-05-23 15:34:27 INFO CSV Written | Epoch: 14
2026-05-23 15:34:27 INFO Epoch Done | Epoch: 14 | Time: 506.1862 | Train Loss: 0.4455 | Val Accuracy: 0.8554 | Val AUPRC: 0.9261 | Val Auroc: 0.9260 | Val F1: 0.8523 | Val Loss: 0.4063
2026-05-23 15:34:27 INFO Epoch Start | Epoch: 15
2026-05-23 15:34:38 INFO Epoch Progress | Epoch: 15 | Loss: 0.5448 | LR: 4.68598e-05 | Progress: 1% | Step: 1/190
2026-05-23 15:35:41 INFO Epoch Progress | Epoch: 15 | Loss: 0.4436 | LR: 4.60537e-05 | Progress: 25% | Step: 48/190
2026-05-23 15:36:48 INFO Epoch Progress | Epoch: 15 | Loss: 0.4236 | LR: 4.52315e-05 | Progress: 51% | Step: 96/190
2026-05-23 15:37:54 INFO Epoch Progress | Epoch: 15 | Loss: 0.4212 | LR: 4.44105e-05 | Progress: 76% | Step: 144/190
2026-05-23 15:38:54 INFO Epoch Progress | Epoch: 15 | Loss: 0.4177 | LR: 4.36252e-05 | Progress: 100% | Step: 190/190
2026-05-23 15:42:32 INFO CSV Written | Epoch: 15
2026-05-23 15:42:32 INFO Epoch Done | Epoch: 15 | Time: 484.4737 | Train Loss: 0.4175 | Val Accuracy: 0.8615 | Val AUPRC: 0.9018 | Val Auroc: 0.9142 | Val F1: 0.8633 | Val Loss: 0.4171
2026-05-23 15:42:32 INFO Epoch Start | Epoch: 16
2026-05-23 15:42:40 INFO Epoch Progress | Epoch: 16 | Loss: 0.3022 | LR: 4.36082e-05 | Progress: 1% | Step: 1/190
2026-05-23 15:43:43 INFO Epoch Progress | Epoch: 16 | Loss: 0.3659 | LR: 4.28075e-05 | Progress: 25% | Step: 48/190
2026-05-23 15:44:49 INFO Epoch Progress | Epoch: 16 | Loss: 0.3744 | LR: 4.19917e-05 | Progress: 51% | Step: 96/190
2026-05-23 15:45:55 INFO Epoch Progress | Epoch: 16 | Loss: 0.3860 | LR: 4.11782e-05 | Progress: 76% | Step: 144/190
2026-05-23 15:46:55 INFO Epoch Progress | Epoch: 16 | Loss: 0.3952 | LR: 4.04007e-05 | Progress: 100% | Step: 190/190
2026-05-23 15:50:32 INFO CSV Written | Epoch: 16
2026-05-23 15:50:32 INFO Epoch Done | Epoch: 16 | Time: 480.7539 | Train Loss: 0.3908 | Val Accuracy: 0.8581 | Val AUPRC: 0.9141 | Val Auroc: 0.9189 | Val F1: 0.8613 | Val Loss: 0.4127
2026-05-23 15:50:32 INFO Early Stop | Epoch: 16
2026-05-23 15:50:32 INFO Stage Done | Run Id: pair_context_gated_abba_no_cross_s13
2026-05-23 15:50:32 INFO Stage Start | Checkpoint: models/v3.1/train/pair_context_gated_abba_no_cross_s13/best_model.pth | Run Id: pair_context_gated_abba_no_cross_s13
2026-05-23 15:50:32 INFO Checkpoint Loaded | Path: models/v3.1/train/pair_context_gated_abba_no_cross_s13/best_model.pth
2026-05-23 15:50:32 INFO Decision Threshold | Mode: fixed | Value: 0.5000
2026-05-23 15:58:37 INFO Evaluation Metrics | Accuracy: 0.6294 | AUPRC: 0.7171 | Auroc: 0.6871 | F1: 0.6163 | Mcc: 0.2593 | Precision: 0.6390 | Recall: 0.5951 | Sensitivity: 0.5951 | Specificity: 0.6636 | Split: test
2026-05-23 15:58:37 INFO CSV Written | Path: logs/v3.1/evaluate/pair_context_gated_abba_no_cross_s13/evaluate.csv
2026-05-23 15:58:37 INFO Stage Done | Run Id: pair_context_gated_abba_no_cross_s13
