Epoch,Epoch Time,Train BCE Loss,Train GS Loss,Train RD Loss,Train Deg MMD,Train Clus MMD,Train Total Loss,Val Pair Loss,Val Topology Loss,Val Loss,Val auprc,Internal Val graph_sim,Internal Val relative_density,Internal Val deg_dist_mmd,Internal Val cc_mmd,Planned Subgraphs,Covered Positive Edges,Total Positive Edges,Positive Edge Coverage Ratio,Mean Positive Edge Reuse,All Subgraph Pairs,Supervised Pairs,BCE Positive Pairs,BCE Target Negative Pairs,BCE Negative Pairs,BCE Negative Ratio,BCE Supervised Fraction,edge_cover_sampling_s,train_forward_backward_s,val_pair_pass_s,val_threshold_s,internal_val_topology_s,peak_gpu_mem_mb,Topology Loss Scale,Learning Rate
1,14877.541654317174,0.587748746755709,0.7256557435898232,0.6536675918250444,0.27031418845006283,0.4905784518243521,1.2500125632662953,0.47860127687454224,47.34895187579571,47.827553152670255,0.9162138811013937,0.1759903800042597,11.212318914623584,0.35966287071516145,0.5029543459970631,2328,48771,48771,1.0,1.0,1815840,203750,48771,243855,154979,3.177687560230465,0.11220702264516698,469.7935650573345,9958.56549282954,217.6505340184085,2.8783921152353287e-05,4125.367212944664,30106.7197265625,1.0,6e-06
2,14930.509099150077,0.6499077597302703,0.6487763501790114,0.4234631182074554,0.150728443601501,0.4480499903906973,1.1573546459076998,0.49466371536254883,24.26862430249923,24.76328801786178,0.9266330471577898,0.19545953674621985,8.283936910560636,0.29086176883815285,0.45549508248172554,2329,48771,48771,1.0,1.0,1816620,203750,48771,243855,154979,3.177687560230465,0.1121588444473803,467.57905310066417,10019.882254323573,220.99763937899843,2.764631062746048e-05,4117.082751201931,29629.55419921875,1.0,6e-06
3,15128.385726358742,0.6405310503713362,0.6089761090836061,0.33813193416910825,0.11479484922432787,0.4084818282898584,1.0843235600894738,0.5112402439117432,18.322416271826803,18.833656515738546,0.9287724475059631,0.20469256737166447,7.314088563904187,0.26147237907621046,0.42910891182611294,2331,48771,48771,1.0,1.0,1818180,203750,48771,243855,154979,3.177687560230465,0.11206261206261206,514.966576008941,10027.443319883663,215.14501846581697,2.89110466837883e-05,4265.206887548789,29397.23583984375,1.0,6e-06
